name,u,policy,warm,rtol,index,panel,cell,parent,depth,level,node_evaluations,value_error,gradient_error0,gradient_error1,gradient_error2,gradient_error3,gradient_error4,gradient_phase,value_resolved,gradient_resolved0,gradient_resolved1,gradient_resolved2,gradient_resolved3,gradient_resolved4
rand033,0,None,0,0.001,0,0,1,-1,0,3,7,0.000302262,0,0,0,0,0,0,1,0,0,0,0,0
rand033,0,None,0,0.001,1,1,4,-1,0,3,14,1.13609e-07,0,0,0,0,0,0,1,0,0,0,0,0
rand033,0,None,0,0.001,2,2,5,-1,0,3,21,0.0439538,0,0,0,0,0,0,1,0,0,0,0,0
rand033,0,None,0,0.001,3,3,6,-1,0,3,28,0.0836486,0,0,0,0,0,0,1,0,0,0,0,0
rand033,0,None,0,0.001,4,4,7,-1,0,3,35,6.14478e-07,0,0,0,0,0,0,1,0,0,0,0,0
rand033,0,None,0,0.001,5,5,10,-1,0,3,42,0.0111827,0,0,0,0,0,0,1,0,0,0,0,0
rand033,0,None,0,0.001,6,6,11,-1,0,3,49,2.27018,0,0,0,0,0,0,1,0,0,0,0,0
rand033,0,None,0,0.001,7,7,12,-1,0,3,56,0.111422,0,0,0,0,0,0,1,0,0,0,0,0
rand033,0,None,0,0.001,8,8,13,-1,0,3,63,2.16763e-07,0,0,0,0,0,0,1,0,0,0,0,0
rand033,0,None,0,0.001,9,9,14,-1,0,3,70,0.00617115,0,0,0,0,0,0,1,0,0,0,0,0
rand033,0,None,0,0.001,10,6,11,-1,0,4,78,0.0648235,0,0,0,0,0,0,1,0,0,0,0,0
rand033,0,None,0,0.0001,0,0,1,-1,0,3,7,0.000302262,0,0,0,0,0,0,1,0,0,0,0,0
rand033,0,None,0,0.0001,1,1,4,-1,0,3,14,1.13609e-07,0,0,0,0,0,0,1,0,0,0,0,0
rand033,0,None,0,0.0001,2,2,5,-1,0,3,21,0.0439538,0,0,0,0,0,0,1,0,0,0,0,0
rand033,0,None,0,0.0001,3,3,6,-1,0,3,28,0.0836486,0,0,0,0,0,0,1,0,0,0,0,0
rand033,0,None,0,0.0001,4,4,7,-1,0,3,35,6.14478e-07,0,0,0,0,0,0,1,0,0,0,0,0
rand033,0,None,0,0.0001,5,5,10,-1,0,3,42,0.0111827,0,0,0,0,0,0,1,0,0,0,0,0
rand033,0,None,0,0.0001,6,6,11,-1,0,3,49,2.25915,0,0,0,0,0,0,1,0,0,0,0,0
rand033,0,None,0,0.0001,7,7,12,-1,0,3,56,0.0992033,0,0,0,0,0,0,1,0,0,0,0,0
rand033,0,None,0,0.0001,8,8,13,-1,0,3,63,2.16763e-07,0,0,0,0,0,0,1,0,0,0,0,0
rand033,0,None,0,0.0001,9,9,14,-1,0,3,70,0.00617115,0,0,0,0,0,0,1,0,0,0,0,0
rand033,0,None,0,0.0001,10,6,11,-1,0,4,78,0.0529152,0,0,0,0,0,0,1,0,0,0,0,0
rand033,0,None,0,0.0001,11,7,12,-1,0,4,86,0.000107521,0,0,0,0,0,0,1,0,0,0,0,0
rand033,0,None,0,0.0001,12,3,6,-1,0,4,94,0.00856027,0,0,0,0,0,0,1,0,0,0,0,0
rand033,0,None,0,0.0001,13,6,11,-1,0,5,110,4.30894e-05,0,0,0,0,0,0,1,0,0,0,0,0
rand033,0,None,0,0.0001,14,2,5,-1,0,4,118,0.00493335,0,0,0,0,0,0,1,0,0,0,0,0
rand033,0,None,0,0.0001,15,5,10,-1,0,4,126,2.58535e-05,0,0,0,0,0,0,1,0,0,0,0,0
rand033,0,None,0,0.0001,16,3,6,-1,0,5,142,0.000642573,0,0,0,0,0,0,1,0,0,0,0,0
rand033,0,None,0,0.0001,17,9,14,-1,0,4,150,1.24618e-06,0,0,0,0,0,0,1,0,0,0,0,0
rand033,0,None,0,0.0001,18,2,5,-1,0,5,166,0.000340727,0,0,0,0,0,0,1,0,0,0,0,0
rand033,0,None,1,0.001,0,0,1,-1,0,3,7,0.000302194,0,0,0,0,0,0,1,0,0,0,0,0
rand033,0,None,1,0.001,1,1,4,-1,0,3,14,1.13658e-07,0,0,0,0,0,0,1,0,0,0,0,0
rand033,0,None,1,0.001,2,2,5,-1,0,3,21,0.0445414,0,0,0,0,0,0,1,0,0,0,0,0
rand033,0,None,1,0.001,3,3,6,-1,0,3,28,0.0820133,0,0,0,0,0,0,1,0,0,0,0,0
rand033,0,None,1,0.001,4,4,7,-1,0,3,35,6.10044e-07,0,0,0,0,0,0,1,0,0,0,0,0
rand033,0,None,1,0.001,5,5,10,-1,0,3,42,0.0113352,0,0,0,0,0,0,1,0,0,0,0,0
rand033,0,None,1,0.001,6,6,11,-1,0,3,49,2.27061,0,0,0,0,0,0,1,0,0,0,0,0
rand033,0,None,1,0.001,7,7,12,-1,0,3,56,0.115603,0,0,0,0,0,0,1,0,0,0,0,0
rand033,0,None,1,0.001,8,8,13,-1,0,3,63,2.36451e-07,0,0,0,0,0,0,1,0,0,0,0,0
rand033,0,None,1,0.001,9,9,14,-1,0,3,70,0.00581846,0,0,0,0,0,0,1,0,0,0,0,0
rand033,0,None,1,0.001,10,6,11,-1,0,4,78,0.0640761,0,0,0,0,0,0,1,0,0,0,0,0
rand033,0,None,1,0.0001,0,0,1,-1,0,3,7,0.000302194,0,0,0,0,0,0,1,0,0,0,0,0
rand033,0,None,1,0.0001,1,1,4,-1,0,3,14,1.13658e-07,0,0,0,0,0,0,1,0,0,0,0,0
rand033,0,None,1,0.0001,2,2,5,-1,0,3,21,0.0445414,0,0,0,0,0,0,1,0,0,0,0,0
rand033,0,None,1,0.0001,3,3,6,-1,0,3,28,0.0820133,0,0,0,0,0,0,1,0,0,0,0,0
rand033,0,None,1,0.0001,4,4,7,-1,0,3,35,6.10044e-07,0,0,0,0,0,0,1,0,0,0,0,0
rand033,0,None,1,0.0001,5,5,10,-1,0,3,42,0.0113352,0,0,0,0,0,0,1,0,0,0,0,0
rand033,0,None,1,0.0001,6,6,11,-1,0,3,49,2.25971,0,0,0,0,0,0,1,0,0,0,0,0
rand033,0,None,1,0.0001,7,7,12,-1,0,3,56,0.103534,0,0,0,0,0,0,1,0,0,0,0,0
rand033,0,None,1,0.0001,8,8,13,-1,0,3,63,2.36451e-07,0,0,0,0,0,0,1,0,0,0,0,0
rand033,0,None,1,0.0001,9,9,14,-1,0,3,70,0.00581846,0,0,0,0,0,0,1,0,0,0,0,0
rand033,0,None,1,0.0001,10,6,11,-1,0,4,78,0.0523121,0,0,0,0,0,0,1,0,0,0,0,0
rand033,0,None,1,0.0001,11,7,12,-1,0,4,86,0.00012064,0,0,0,0,0,0,1,0,0,0,0,0
rand033,0,None,1,0.0001,12,3,6,-1,0,4,94,0.00838045,0,0,0,0,0,0,1,0,0,0,0,0
rand033,0,None,1,0.0001,13,6,11,-1,0,5,110,4.25933e-05,0,0,0,0,0,0,1,0,0,0,0,0
rand033,0,None,1,0.0001,14,2,5,-1,0,4,118,0.00501819,0,0,0,0,0,0,1,0,0,0,0,0
rand033,0,None,1,0.0001,15,5,10,-1,0,4,126,2.61923e-05,0,0,0,0,0,0,1,0,0,0,0,0
rand033,0,None,1,0.0001,16,3,6,-1,0,5,142,0.000625853,0,0,0,0,0,0,1,0,0,0,0,0
rand033,0,None,1,0.0001,17,9,14,-1,0,4,150,1.11929e-06,0,0,0,0,0,0,1,0,0,0,0,0
rand033,0,None,1,0.0001,18,2,5,-1,0,5,166,0.000348835,0,0,0,0,0,0,1,0,0,0,0,0
rand033,0,ValueFirst,0,0.001,0,0,1,-1,0,3,7,0.000302262,0.00817191,1.39329e-05,0.0270071,0.0715879,0.185892,0,1,1,1,1,1,1
rand033,0,ValueFirst,0,0.001,1,1,4,-1,0,3,14,1.13609e-07,2.21452e-05,2.4039e-07,3.0985e-05,5.0507e-06,2.42279e-06,0,1,1,1,1,1,1
rand033,0,ValueFirst,0,0.001,2,2,5,-1,0,3,21,0.0439538,26.1532,0.277909,28.841,6.17492,2.89983,0,1,1,1,1,1,1
rand033,0,ValueFirst,0,0.001,3,3,6,-1,0,3,28,0.0836486,42.4911,0.180202,48.0476,10.3553,4.82436,0,1,1,1,1,1,1
rand033,0,ValueFirst,0,0.001,4,4,7,-1,0,3,35,6.14478e-07,3.40495e-05,9.94005e-07,8.60235e-05,1.51426e-05,6.07787e-06,0,1,1,1,1,1,1
rand033,0,ValueFirst,0,0.001,5,5,10,-1,0,3,42,0.0111827,0.864833,0.1411,1.60223,0.236908,0.249216,0,1,1,1,1,1,1
rand033,0,ValueFirst,0,0.001,6,6,11,-1,0,3,49,2.27018,156.108,16.3183,210.155,27.3378,36.3053,0,1,1,1,1,1,1
rand033,0,ValueFirst,0,0.001,7,7,12,-1,0,3,56,0.111422,2.20538,0.330448,12.0917,0.937224,1.16312,0,1,1,1,1,1,1
rand033,0,ValueFirst,0,0.001,8,8,13,-1,0,3,63,2.16763e-07,2.73321e-05,2.87325e-06,4.6485e-05,9.95127e-06,1.16868e-05,0,1,1,1,1,1,1
rand033,0,ValueFirst,0,0.001,9,9,14,-1,0,3,70,0.00617115,0.197524,0.100793,0.726132,0.0301591,0.0778909,0,1,1,1,1,1,1
rand033,0,ValueFirst,0,0.001,10,6,11,-1,0,4,78,0.0648235,9.09996,1.4364,9.10871,3.01765,3.71088,0,1,1,1,1,1,1
rand033,0,ValueFirst,0,0.0001,0,0,1,-1,0,3,7,0.000302262,0.00817191,1.39329e-05,0.0270071,0.0715879,0.185892,0,1,1,1,1,1,1
rand033,0,ValueFirst,0,0.0001,1,1,4,-1,0,3,14,1.13609e-07,2.21452e-05,2.4039e-07,3.0985e-05,5.0507e-06,2.42279e-06,0,1,1,1,1,1,1
rand033,0,ValueFirst,0,0.0001,2,2,5,-1,0,3,21,0.0439538,26.1532,0.277909,28.841,6.17492,2.89983,0,1,1,1,1,1,1
rand033,0,ValueFirst,0,0.0001,3,3,6,-1,0,3,28,0.0836486,42.4911,0.180202,48.0476,10.3553,4.82436,0,1,1,1,1,1,1
rand033,0,ValueFirst,0,0.0001,4,4,7,-1,0,3,35,6.14478e-07,3.40495e-05,9.94005e-07,8.60235e-05,1.51426e-05,6.07787e-06,0,1,1,1,1,1,1
rand033,0,ValueFirst,0,0.0001,5,5,10,-1,0,3,42,0.0111827,0.864833,0.1411,1.60223,0.236908,0.249216,0,1,1,1,1,1,1
rand033,0,ValueFirst,0,0.0001,6,6,11,-1,0,3,49,2.25915,150.628,15.3099,207.787,25.2147,33.7967,0,1,1,1,1,1,1
rand033,0,ValueFirst,0,0.0001,7,7,12,-1,0,3,56,0.0992033,2.00235,0.313895,10.9056,0.888575,1.1264,0,1,1,1,1,1,1
rand033,0,ValueFirst,0,0.0001,8,8,13,-1,0,3,63,2.16763e-07,2.73321e-05,2.87325e-06,4.6485e-05,9.95127e-06,1.16868e-05,0,1,1,1,1,1,1
rand033,0,ValueFirst,0,0.0001,9,9,14,-1,0,3,70,0.00617115,0.197524,0.100793,0.726132,0.0301591,0.0778909,0,1,1,1,1,1,1
rand033,0,ValueFirst,0,0.0001,10,6,11,-1,0,4,78,0.0529152,3.01851,0.470411,3.86223,0.760165,1.09921,0,1,1,1,1,1,1
rand033,0,ValueFirst,0,0.0001,11,7,12,-1,0,4,86,0.000107521,0.0129856,0.00141635,0.0224548,0.00463238,0.00541737,0,1,1,1,1,1,1
rand033,0,ValueFirst,0,0.0001,12,3,6,-1,0,4,94,0.00856027,18.3896,0.0920725,18.9657,4.30476,2.02603,0,1,1,0,1,1,1
rand033,0,ValueFirst,0,0.0001,13,6,11,-1,0,5,110,4.30894e-05,0.0313538,0.00680151,0.0328874,0.00756543,0.00836767,0,1,1,1,1,1,1
rand033,0,ValueFirst,0,0.0001,14,2,5,-1,0,4,118,0.00493335,10.7992,0.113737,11.1175,2.58695,1.21225,0,1,1,1,1,1,1
rand033,0,ValueFirst,0,0.0001,15,5,10,-1,0,4,126,2.58535e-05,0.000425673,7.60894e-05,0.00210412,0.000173572,0.000172132,0,1,1,1,1,1,1
rand033,0,ValueFirst,0,0.0001,16,3,6,-1,0,5,142,0.000642573,4.02918,0.020758,4.07258,0.935926,0.441343,0,1,1,1,1,1,1
rand033,0,ValueFirst,0,0.0001,17,9,14,-1,0,4,150,1.24618e-06,0.000106275,0.000104865,0.000277995,2.31329e-05,4.53953e-05,0,1,1,1,1,1,1
rand033,0,ValueFirst,0,0.0001,18,2,5,-1,0,5,166,0.000340727,2.0922,0.0219784,2.1143,0.502979,0.235571,0,1,1,1,1,1,1
rand033,0,ValueFirst,0,0.0001,19,3,6,-1,0,6,198,1.52962e-05,0.227565,0.00118164,0.228605,0.0527402,0.024884,1,1,1,1,1,1,1
rand033,0,ValueFirst,0,0.0001,20,2,5,-1,0,6,230,6.59494e-06,0.0945408,0.000992319,0.0949734,0.0227542,0.0106552,1,1,1,1,1,1,1
rand033,0,ValueFirst,0,0.0001,21,0,1,-1,0,4,238,1.2992e-06,3.93839e-06,6.71355e-09,0.000116112,3.45104e-05,8.9655e-05,1,1,1,1,1,1,1
rand033,0,ValueFirst,1,0.001,0,0,1,-1,0,3,7,0.000302194,0.00817031,1.39301e-05,0.0270013,0.0715779,0.185885,0,1,1,1,1,1,1
rand033,0,ValueFirst,1,0.001,1,1,4,-1,0,3,14,1.13658e-07,2.13262e-05,2.31679e-07,3.01696e-05,4.85715e-06,2.33174e-06,0,1,1,1,1,1,1
rand033,0,ValueFirst,1,0.001,2,2,5,-1,0,3,21,0.0445414,26.2928,0.279452,29.0104,6.20834,2.91546,0,1,1,1,1,1,1
rand033,0,ValueFirst,1,0.001,3,3,6,-1,0,3,28,0.0820133,42.0588,0.181462,47.5107,10.2451,4.77359,0,1,1,1,1,1,1
rand033,0,ValueFirst,1,0.001,4,4,7,-1,0,3,35,6.10044e-07,3.27176e-05,9.69351e-07,8.43778e-05,1.47453e-05,5.90361e-06,0,1,1,1,1,1,1
rand033,0,ValueFirst,1,0.001,5,5,10,-1,0,3,42,0.0113352,0.869375,0.143407,1.61718,0.23815,0.251021,0,1,1,1,1,1,1
rand033,0,ValueFirst,1,0.001,6,6,11,-1,0,3,49,2.27061,154.925,16.2775,209.892,27.1199,36.0372,0,1,1,1,1,1,1
rand033,0,ValueFirst,1,0.001,7,7,12,-1,0,3,56,0.115603,2.33358,0.348042,12.6114,0.990974,1.22992,0,1,1,1,1,1,1
rand033,0,ValueFirst,1,0.001,8,8,13,-1,0,3,63,2.36451e-07,3.03759e-05,3.2173e-06,5.12979e-05,1.10492e-05,1.29647e-05,0,1,1,1,1,1,1
rand033,0,ValueFirst,1,0.001,9,9,14,-1,0,3,70,0.00581846,0.188323,0.0951574,0.685448,0.028683,0.0739793,0,1,1,1,1,1,1
rand033,0,ValueFirst,1,0.001,10,6,11,-1,0,4,78,0.0640761,8.99929,1.41426,9.01204,2.98791,3.67536,0,1,1,1,1,1,1
rand033,0,ValueFirst,1,0.0001,0,0,1,-1,0,3,7,0.000302194,0.00817031,1.39301e-05,0.0270013,0.0715779,0.185885,0,1,1,1,1,1,1
rand033,0,ValueFirst,1,0.0001,1,1,4,-1,0,3,14,1.13658e-07,2.13262e-05,2.31679e-07,3.01696e-05,4.85715e-06,2.33174e-06,0,1,1,1,1,1,1
rand033,0,ValueFirst,1,0.0001,2,2,5,-1,0,3,21,0.0445414,26.2928,0.279452,29.0104,6.20834,2.91546,0,1,1,1,1,1,1
rand033,0,ValueFirst,1,0.0001,3,3,6,-1,0,3,28,0.0820133,42.0588,0.181462,47.5107,10.2451,4.77359,0,1,1,1,1,1,1
rand033,0,ValueFirst,1,0.0001,4,4,7,-1,0,3,35,6.10044e-07,3.27176e-05,9.69351e-07,8.43778e-05,1.47453e-05,5.90361e-06,0,1,1,1,1,1,1
rand033,0,ValueFirst,1,0.0001,5,5,10,-1,0,3,42,0.0113352,0.869375,0.143407,1.61718,0.23815,0.251021,0,1,1,1,1,1,1
rand033,0,ValueFirst,1,0.0001,6,6,11,-1,0,3,49,2.25971,149.48,15.2793,207.541,25.0128,33.548,0,1,1,1,1,1,1
rand033,0,ValueFirst,1,0.0001,7,7,12,-1,0,3,56,0.103534,2.13079,0.33158,11.4219,0.942061,1.19286,0,1,1,1,1,1,1
rand033,0,ValueFirst,1,0.0001,8,8,13,-1,0,3,63,2.36451e-07,3.03759e-05,3.2173e-06,5.12979e-05,1.10492e-05,1.29647e-05,0,1,1,1,1,1,1
rand033,0,ValueFirst,1,0.0001,9,9,14,-1,0,3,70,0.00581846,0.188323,0.0951574,0.685448,0.028683,0.0739793,0,1,1,1,1,1,1
rand033,0,ValueFirst,1,0.0001,10,6,11,-1,0,4,78,0.0523121,2.95947,0.457748,3.80225,0.746989,1.08312,0,1,1,1,1,1,1
rand033,0,ValueFirst,1,0.0001,11,7,12,-1,0,4,86,0.00012064,0.0147279,0.00161084,0.0253636,0.00525715,0.00614599,0,1,1,1,1,1,1
rand033,0,ValueFirst,1,0.0001,12,3,6,-1,0,4,94,0.00838045,18.1528,0.0919408,18.717,4.24961,2.00006,0,1,1,0,1,1,1
rand033,0,ValueFirst,1,0.0001,13,6,11,-1,0,5,110,4.25933e-05,0.0312243,0.0068972,0.03282,0.00753641,0.00835553,0,1,1,1,1,1,1
rand033,0,ValueFirst,1,0.0001,14,2,5,-1,0,4,118,0.00501819,10.896,0.114787,11.2199,2.61058,1.22328,0,1,1,1,1,1,1
rand033,0,ValueFirst,1,0.0001,15,5,10,-1,0,4,126,2.61923e-05,0.00043072,7.62208e-05,0.00212994,0.000175672,0.000174779,0,1,1,1,1,1,1
rand033,0,ValueFirst,1,0.0001,16,3,6,-1,0,5,142,0.000625853,3.95053,0.0205686,3.99281,0.91781,0.432786,0,1,1,1,1,1,1
rand033,0,ValueFirst,1,0.0001,17,9,14,-1,0,4,150,1.11929e-06,0.000406547,0.000129673,0.00056234,0.000128649,0.000163128,0,1,1,1,1,1,1
rand033,0,ValueFirst,1,0.0001,18,2,5,-1,0,5,166,0.000348835,2.1279,0.0223592,2.15052,0.511657,0.239626,0,1,1,1,1,1,1
rand033,0,ValueFirst,1,0.0001,19,3,6,-1,0,6,198,1.47302e-05,0.220432,0.00115646,0.221434,0.051097,0.0241077,1,1,1,1,1,1,1
rand033,0,ValueFirst,1,0.0001,20,2,5,-1,0,6,230,6.8442e-06,0.0975406,0.00102407,0.0979895,0.0234808,0.010995,1,1,1,1,1,1,1
rand033,0,ValueFirst,1,0.0001,21,0,1,-1,0,4,238,1.29891e-06,4.16316e-06,7.09106e-09,0.000116311,3.64702e-05,9.47027e-05,1,1,1,1,1,1,1
rand033,0.5,None,0,0.001,0,0,1,-1,0,3,7,0.000407858,0,0,0,0,0,0,1,0,0,0,0,0
rand033,0.5,None,0,0.001,1,1,4,-1,0,3,14,3.79868e-06,0,0,0,0,0,0,1,0,0,0,0,0
rand033,0.5,None,0,0.001,2,2,5,-1,0,3,21,0.0249035,0,0,0,0,0,0,1,0,0,0,0,0
rand033,0.5,None,0,0.001,3,3,6,-1,0,3,28,0.0569295,0,0,0,0,0,0,1,0,0,0,0,0
rand033,0.5,None,0,0.001,4,4,7,-1,0,3,35,4.12984e-06,0,0,0,0,0,0,1,0,0,0,0,0
rand033,0.5,None,0,0.001,5,5,10,-1,0,3,42,0.00895206,0,0,0,0,0,0,1,0,0,0,0,0
rand033,0.5,None,0,0.001,6,6,11,-1,0,3,49,2.89616,0,0,0,0,0,0,1,0,0,0,0,0
rand033,0.5,None,0,0.001,7,7,12,-1,0,3,56,0.197695,0,0,0,0,0,0,1,0,0,0,0,0
rand033,0.5,None,0,0.001,8,8,13,-1,0,3,63,1.2552e-08,0,0,0,0,0,0,1,0,0,0,0,0
rand033,0.5,None,0,0.001,9,9,14,-1,0,3,70,0.0452642,0,0,0,0,0,0,1,0,0,0,0,0
rand033,0.5,None,0,0.001,10,6,11,-1,0,4,78,0.117558,0,0,0,0,0,0,1,0,0,0,0,0
rand033,0.5,None,0,0.0001,0,0,1,-1,0,3,7,0.000407858,0,0,0,0,0,0,1,0,0,0,0,0
rand033,0.5,None,0,0.0001,1,1,4,-1,0,3,14,3.79868e-06,0,0,0,0,0,0,1,0,0,0,0,0
rand033,0.5,None,0,0.0001,2,2,5,-1,0,3,21,0.0249035,0,0,0,0,0,0,1,0,0,0,0,0
rand033,0.5,None,0,0.0001,3,3,6,-1,0,3,28,0.0569295,0,0,0,0,0,0,1,0,0,0,0,0
rand033,0.5,None,0,0.0001,4,4,7,-1,0,3,35,4.12984e-06,0,0,0,0,0,0,1,0,0,0,0,0
rand033,0.5,None,0,0.0001,5,5,10,-1,0,3,42,0.00895206,0,0,0,0,0,0,1,0,0,0,0,0
rand033,0.5,None,0,0.0001,6,6,11,-1,0,3,49,2.885,0,0,0,0,0,0,1,0,0,0,0,0
rand033,0.5,None,0,0.0001,7,7,12,-1,0,3,56,0.185628,0,0,0,0,0,0,1,0,0,0,0,0
rand033,0.5,None,0,0.0001,8,8,13,-1,0,3,63,1.2552e-08,0,0,0,0,0,0,1,0,0,0,0,0
rand033,0.5,None,0,0.0001,9,9,14,-1,0,3,70,0.0452642,0,0,0,0,0,0,1,0,0,0,0,0
rand033,0.5,None,0,0.0001,10,6,11,-1,0,4,78,0.105714,0,0,0,0,0,0,1,0,0,0,0,0
rand033,0.5,None,0,0.0001,11,7,12,-1,0,4,86,6.15105e-05,0,0,0,0,0,0,1,0,0,0,0,0
rand033,0.5,None,0,0.0001,12,6,11,-1,0,5,102,5.46114e-05,0,0,0,0,0,0,1,0,0,0,0,0
rand033,0.5,None,0,0.0001,13,3,6,-1,0,4,110,0.00513708,0,0,0,0,0,0,1,0,0,0,0,0
rand033,0.5,None,0,0.0001,14,9,14,-1,0,4,118,2.83347e-05,0,0,0,0,0,0,1,0,0,0,0,0
rand033,0.5,None,0,0.0001,15,2,5,-1,0,4,126,0.00295999,0,0,0,0,0,0,1,0,0,0,0,0
rand033,0.5,None,0,0.0001,16,5,10,-1,0,4,134,3.62747e-05,0,0,0,0,0,0,1,0,0,0,0,0
rand033,0.5,None,0,0.0001,17,3,6,-1,0,5,150,0.000385544,0,0,0,0,0,0,1,0,0,0,0,0
rand033,0.5,None,0,0.0001,18,2,5,-1,0,5,166,0.000204436,0,0,0,0,0,0,1,0,0,0,0,0
rand033,0.5,None,1,0.001,0,0,1,-1,0,3,7,0.000407767,0,0,0,0,0,0,1,0,0,0,0,0
rand033,0.5,None,1,0.001,1,1,4,-1,0,3,14,3.79101e-06,0,0,0,0,0,0,1,0,0,0,0,0
rand033,0.5,None,1,0.001,2,2,5,-1,0,3,21,0.025197,0,0,0,0,0,0,1,0,0,0,0,0
rand033,0.5,None,1,0.001,3,3,6,-1,0,3,28,0.0556796,0,0,0,0,0,0,1,0,0,0,0,0
rand033,0.5,None,1,0.001,4,4,7,-1,0,3,35,4.11363e-06,0,0,0,0,0,0,1,0,0,0,0,0
rand033,0.5,None,1,0.001,5,5,10,-1,0,3,42,0.00908426,0,0,0,0,0,0,1,0,0,0,0,0
rand033,0.5,None,1,0.001,6,6,11,-1,0,3,49,2.89463,0,0,0,0,0,0,1,0,0,0,0,0
rand033,0.5,None,1,0.001,7,7,12,-1,0,3,56,0.205894,0,0,0,0,0,0,1,0,0,0,0,0
rand033,0.5,None,1,0.001,8,8,13,-1,0,3,63,2.33874e-08,0,0,0,0,0,0,1,0,0,0,0,0
rand033,0.5,None,1,0.001,9,9,14,-1,0,3,70,0.044153,0,0,0,0,0,0,1,0,0,0,0,0
rand033,0.5,None,1,0.001,10,6,11,-1,0,4,78,0.115946,0,0,0,0,0,0,1,0,0,0,0,0
rand033,0.5,None,1,0.0001,0,0,1,-1,0,3,7,0.000407767,0,0,0,0,0,0,1,0,0,0,0,0
rand033,0.5,None,1,0.0001,1,1,4,-1,0,3,14,3.79101e-06,0,0,0,0,0,0,1,0,0,0,0,0
rand033,0.5,None,1,0.0001,2,2,5,-1,0,3,21,0.025197,0,0,0,0,0,0,1,0,0,0,0,0
rand033,0.5,None,1,0.0001,3,3,6,-1,0,3,28,0.0556796,0,0,0,0,0,0,1,0,0,0,0,0
rand033,0.5,None,1,0.0001,4,4,7,-1,0,3,35,4.11363e-06,0,0,0,0,0,0,1,0,0,0,0,0
rand033,0.5,None,1,0.0001,5,5,10,-1,0,3,42,0.00908426,0,0,0,0,0,0,1,0,0,0,0,0
rand033,0.5,None,1,0.0001,6,6,11,-1,0,3,49,2.88359,0,0,0,0,0,0,1,0,0,0,0,0
rand033,0.5,None,1,0.0001,7,7,12,-1,0,3,56,0.193969,0,0,0,0,0,0,1,0,0,0,0,0
rand033,0.5,None,1,0.0001,8,8,13,-1,0,3,63,2.33874e-08,0,0,0,0,0,0,1,0,0,0,0,0
rand033,0.5,None,1,0.0001,9,9,14,-1,0,3,70,0.044153,0,0,0,0,0,0,1,0,0,0,0,0
rand033,0.5,None,1,0.0001,10,6,11,-1,0,4,78,0.10424,0,0,0,0,0,0,1,0,0,0,0,0
rand033,0.5,None,1,0.0001,11,7,12,-1,0,4,86,6.51707e-05,0,0,0,0,0,0,1,0,0,0,0,0
rand033,0.5,None,1,0.0001,12,6,11,-1,0,5,102,5.42008e-05,0,0,0,0,0,0,1,0,0,0,0,0
rand033,0.5,None,1,0.0001,13,3,6,-1,0,4,110,0.00502911,0,0,0,0,0,0,1,0,0,0,0,0
rand033,0.5,None,1,0.0001,14,9,14,-1,0,4,118,2.50968e-05,0,0,0,0,0,0,1,0,0,0,0,0
rand033,0.5,None,1,0.0001,15,2,5,-1,0,4,126,0.00301089,0,0,0,0,0,0,1,0,0,0,0,0
rand033,0.5,None,1,0.0001,16,5,10,-1,0,4,134,3.68535e-05,0,0,0,0,0,0,1,0,0,0,0,0
rand033,0.5,None,1,0.0001,17,3,6,-1,0,5,150,0.000375512,0,0,0,0,0,0,1,0,0,0,0,0
rand033,0.5,None,1,0.0001,18,2,5,-1,0,5,166,0.000209301,0,0,0,0,0,0,1,0,0,0,0,0
rand033,0.5,ValueFirst,0,0.001,0,0,1,-1,0,3,7,0.000407858,0.0260899,4.44835e-05,0.0444466,0.228558,0.593505,0,1,1,1,1,1,1
rand033,0.5,ValueFirst,0,0.001,1,1,4,-1,0,3,14,3.79868e-06,0.0001713,2.27778e-06,0.000496351,2.98164e-05,1.47859e-05,0,1,1,1,1,1,1
rand033,0.5,ValueFirst,0,0.001,2,2,5,-1,0,3,21,0.0249035,15.721,0.166315,17.1253,3.71886,1.74573,0,1,1,1,1,1,1
rand033,0.5,ValueFirst,0,0.001,3,3,6,-1,0,3,28,0.0569295,25.7153,0.097068,29.6972,6.35111,2.9467,0,1,1,1,1,1,1
rand033,0.5,ValueFirst,0,0.001,4,4,7,-1,0,3,35,4.12984e-06,0.000272348,6.62574e-07,0.00064602,8.37257e-05,3.72646e-05,0,1,1,1,1,1,1
rand033,0.5,ValueFirst,0,0.001,5,5,10,-1,0,3,42,0.00895206,0.71698,0.13273,1.25952,0.190934,0.200778,0,1,1,1,1,1,1
rand033,0.5,ValueFirst,0,0.001,6,6,11,-1,0,3,49,2.89616,241.548,23.6441,304.971,50.5863,68.7369,0,1,0,1,1,1,1
rand033,0.5,ValueFirst,0,0.001,7,7,12,-1,0,3,56,0.197695,3.0306,0.880356,26.8061,1.0841,1.25667,0,1,1,1,1,1,1
rand033,0.5,ValueFirst,0,0.001,8,8,13,-1,0,3,63,1.2552e-08,2.56752e-05,8.50538e-07,5.18023e-06,9.2458e-06,1.06446e-05,0,1,1,1,1,1,1
rand033,0.5,ValueFirst,0,0.001,9,9,14,-1,0,3,70,0.0452642,2.02452,0.0660583,4.9809,0.818343,0.968153,0,1,1,1,1,1,1
rand033,0.5,ValueFirst,0,0.001,10,6,11,-1,0,4,78,0.117558,7.37833,1.10985,18.1101,3.68696,4.86332,0,1,1,1,1,1,1
rand033,0.5,ValueFirst,0,0.0001,0,0,1,-1,0,3,7,0.000407858,0.0260899,4.44835e-05,0.0444466,0.228558,0.593505,0,1,1,1,1,1,1
rand033,0.5,ValueFirst,0,0.0001,1,1,4,-1,0,3,14,3.79868e-06,0.0001713,2.27778e-06,0.000496351,2.98164e-05,1.47859e-05,0,1,1,1,1,1,1
rand033,0.5,ValueFirst,0,0.0001,2,2,5,-1,0,3,21,0.0249035,15.721,0.166315,17.1253,3.71886,1.74573,0,1,1,1,1,1,1
rand033,0.5,ValueFirst,0,0.0001,3,3,6,-1,0,3,28,0.0569295,25.7153,0.097068,29.6972,6.35111,2.9467,0,1,1,1,1,1,1
rand033,0.5,ValueFirst,0,0.0001,4,4,7,-1,0,3,35,4.12984e-06,0.000272348,6.62574e-07,0.00064602,8.37257e-05,3.72646e-05,0,1,1,1,1,1,1
rand033,0.5,ValueFirst,0,0.0001,5,5,10,-1,0,3,42,0.00895206,0.71698,0.13273,1.25952,0.190934,0.200778,0,1,1,1,1,1,1
rand033,0.5,ValueFirst,0,0.0001,6,6,11,-1,0,3,49,2.885,237.125,22.6743,303.538,48.7729,66.5685,0,1,0,1,1,1,1
rand033,0.5,ValueFirst,0,0.0001,7,7,12,-1,0,3,56,0.185628,2.57449,0.730784,26.3537,0.869446,0.986989,0,1,1,1,1,1,1
rand033,0.5,ValueFirst,0,0.0001,8,8,13,-1,0,3,63,1.2552e-08,2.56752e-05,8.50538e-07,5.18023e-06,9.2458e-06,1.06446e-05,0,1,1,1,1,1,1
rand033,0.5,ValueFirst,0,0.0001,9,9,14,-1,0,3,70,0.0452642,2.02452,0.0660583,4.9809,0.818343,0.968153,0,1,1,1,1,1,1
rand033,0.5,ValueFirst,0,0.0001,10,6,11,-1,0,4,78,0.105714,3.17366,0.396393,14.7071,2.09792,3.01578,0,1,1,1,1,1,1
rand033,0.5,ValueFirst,0,0.0001,11,7,12,-1,0,4,86,6.15105e-05,0.23658,0.0341244,0.242619,0.0863792,0.0991996,0,1,1,1,1,1,1
rand033,0.5,ValueFirst,0,0.0001,12,6,11,-1,0,5,102,5.46114e-05,0.286681,0.0427484,0.294721,0.103296,0.118595,0,1,1,1,1,1,1
rand033,0.5,ValueFirst,0,0.0001,13,3,6,-1,0,4,110,0.00513708,11.0338,0.0552311,11.3796,2.58292,1.21564,0,1,1,0,1,1,1
rand033,0.5,ValueFirst,0,0.0001,14,9,14,-1,0,4,118,2.83347e-05,0.0021195,0.000326527,0.00565416,0.000803212,0.000913245,0,1,1,1,1,1,1
rand033,0.5,ValueFirst,0,0.0001,15,2,5,-1,0,4,126,0.00295999,6.47951,0.068242,6.67053,1.55217,0.727351,0,1,1,1,1,1,1
rand033,0.5,ValueFirst,0,0.0001,16,5,10,-1,0,4,134,3.62747e-05,0.00113841,0.00012339,0.00400268,0.000384937,0.000361024,0,1,1,1,1,1,1
rand033,0.5,ValueFirst,0,0.0001,17,3,6,-1,0,5,150,0.000385544,2.41751,0.0124548,2.44355,0.561555,0.264806,0,1,1,1,1,1,1
rand033,0.5,ValueFirst,0,0.0001,18,2,5,-1,0,5,166,0.000204436,1.25532,0.013187,1.26858,0.301788,0.141343,0,1,1,1,1,1,1
rand033,0.5,ValueFirst,0,0.0001,19,3,6,-1,0,6,198,9.17773e-06,0.136539,0.000708982,0.137163,0.0316441,0.0149304,1,1,1,1,1,1,1
rand033,0.5,ValueFirst,0,0.0001,20,0,1,-1,0,4,206,6.48748e-06,0.000193808,3.30076e-07,0.000834225,0.00169745,0.00440519,1,1,1,1,1,1,1
rand033,0.5,ValueFirst,0,0.0001,21,2,5,-1,0,6,238,3.95697e-06,0.0567245,0.000595391,0.056984,0.0136525,0.00639309,1,1,1,1,1,1,1
rand033,0.5,ValueFirst,1,0.001,0,0,1,-1,0,3,7,0.000407767,0.0260842,4.44738e-05,0.0444368,0.228521,0.593469,0,1,1,1,1,1,1
rand033,0.5,ValueFirst,1,0.001,1,1,4,-1,0,3,14,3.79101e-06,0.000170539,2.26598e-06,0.000494933,2.9681e-05,1.47197e-05,0,1,1,1,1,1,1
rand033,0.5,ValueFirst,1,0.001,2,2,5,-1,0,3,21,0.025197,15.806,0.167223,17.2195,3.73952,1.75536,0,1,1,1,1,1,1
rand033,0.5,ValueFirst,1,0.001,3,3,6,-1,0,3,28,0.0556796,25.4463,0.0983246,29.3394,6.27924,2.91405,0,1,1,1,1,1,1
rand033,0.5,ValueFirst,1,0.001,4,4,7,-1,0,3,35,4.11363e-06,0.000270269,6.24426e-07,0.000642477,8.31162e-05,3.69908e-05,0,1,1,1,1,1,1
rand033,0.5,ValueFirst,1,0.001,5,5,10,-1,0,3,42,0.00908426,0.722149,0.135091,1.27337,0.192252,0.202558,0,1,1,1,1,1,1
rand033,0.5,ValueFirst,1,0.001,6,6,11,-1,0,3,49,2.89463,239.438,23.511,304.089,50.1527,68.2038,0,1,0,1,1,1,1
rand033,0.5,ValueFirst,1,0.001,7,7,12,-1,0,3,56,0.205894,3.05084,0.896296,27.9322,1.0968,1.27896,0,1,1,1,1,1,1
rand033,0.5,ValueFirst,1,0.001,8,8,13,-1,0,3,63,2.33874e-08,2.73083e-05,1.05782e-06,8.05588e-06,9.83556e-06,1.13327e-05,0,1,1,1,1,1,1
rand033,0.5,ValueFirst,1,0.001,9,9,14,-1,0,3,70,0.044153,1.91864,0.061516,4.88176,0.774888,0.918349,0,1,1,1,1,1,1
rand033,0.5,ValueFirst,1,0.001,10,6,11,-1,0,4,78,0.115946,7.31212,1.09948,17.9009,3.65712,4.82092,0,1,1,1,1,1,1
rand033,0.5,ValueFirst,1,0.0001,0,0,1,-1,0,3,7,0.000407767,0.0260842,4.44738e-05,0.0444368,0.228521,0.593469,0,1,1,1,1,1,1
rand033,0.5,ValueFirst,1,0.0001,1,1,4,-1,0,3,14,3.79101e-06,0.000170539,2.26598e-06,0.000494933,2.9681e-05,1.47197e-05,0,1,1,1,1,1,1
rand033,0.5,ValueFirst,1,0.0001,2,2,5,-1,0,3,21,0.025197,15.806,0.167223,17.2195,3.73952,1.75536,0,1,1,1,1,1,1
rand033,0.5,ValueFirst,1,0.0001,3,3,6,-1,0,3,28,0.0556796,25.4463,0.0983246,29.3394,6.27924,2.91405,0,1,1,1,1,1,1
rand033,0.5,ValueFirst,1,0.0001,4,4,7,-1,0,3,35,4.11363e-06,0.000270269,6.24426e-07,0.000642477,8.31162e-05,3.69908e-05,0,1,1,1,1,1,1
rand033,0.5,ValueFirst,1,0.0001,5,5,10,-1,0,3,42,0.00908426,0.722149,0.135091,1.27337,0.192252,0.202558,0,1,1,1,1,1,1
rand033,0.5,ValueFirst,1,0.0001,6,6,11,-1,0,3,49,2.88359,235.042,22.551,302.671,48.3541,66.0537,0,1,0,1,1,1,1
rand033,0.5,ValueFirst,1,0.0001,7,7,12,-1,0,3,56,0.193969,2.59533,0.747193,27.4744,0.883018,1.01037,0,1,1,1,1,1,1
rand033,0.5,ValueFirst,1,0.0001,8,8,13,-1,0,3,63,2.33874e-08,2.73083e-05,1.05782e-06,8.05588e-06,9.83556e-06,1.13327e-05,0,1,1,1,1,1,1
rand033,0.5,ValueFirst,1,0.0001,9,9,14,-1,0,3,70,0.044153,1.91864,0.061516,4.88176,0.774888,0.918349,0,1,1,1,1,1,1
rand033,0.5,ValueFirst,1,0.0001,10,6,11,-1,0,4,78,0.10424,3.13646,0.393134,14.5232,2.08023,2.98776,0,1,1,1,1,1,1
rand033,0.5,ValueFirst,1,0.0001,11,7,12,-1,0,4,86,6.51707e-05,0.244737,0.0352081,0.251893,0.0893471,0.102602,0,1,1,1,1,1,1
rand033,0.5,ValueFirst,1,0.0001,12,6,11,-1,0,5,102,5.42008e-05,0.285199,0.0424493,0.293193,0.102838,0.11806,0,1,1,1,1,1,1
rand033,0.5,ValueFirst,1,0.0001,13,3,6,-1,0,4,110,0.00502911,10.8917,0.0551532,11.2303,2.54982,1.20005,0,1,1,0,1,1,1
rand033,0.5,ValueFirst,1,0.0001,14,9,14,-1,0,4,118,2.50968e-05,0.0020422,0.000307595,0.00517433,0.000767103,0.000871861,0,1,1,1,1,1,1
rand033,0.5,ValueFirst,1,0.0001,15,2,5,-1,0,4,126,0.00301089,6.53762,0.0688723,6.73192,1.56635,0.733968,0,1,1,1,1,1,1
rand033,0.5,ValueFirst,1,0.0001,16,5,10,-1,0,4,134,3.68535e-05,0.00115672,0.000123378,0.00406664,0.000390881,0.000367582,0,1,1,1,1,1,1
rand033,0.5,ValueFirst,1,0.0001,17,3,6,-1,0,5,150,0.000375512,2.37032,0.0123412,2.39569,0.550686,0.259672,0,1,1,1,1,1,1
rand033,0.5,ValueFirst,1,0.0001,18,2,5,-1,0,5,166,0.000209301,1.27674,0.0134155,1.29031,0.306994,0.143776,0,1,1,1,1,1,1
rand033,0.5,ValueFirst,1,0.0001,19,3,6,-1,0,6,198,8.83811e-06,0.132259,0.000693873,0.13286,0.0306582,0.0144646,1,1,1,1,1,1,1
rand033,0.5,ValueFirst,1,0.0001,20,0,1,-1,0,4,206,6.48603e-06,0.000193907,3.3024e-07,0.00083418,0.00169841,0.00440807,1,1,1,1,1,1,1
rand033,0.5,ValueFirst,1,0.0001,21,2,5,-1,0,6,238,4.10652e-06,0.0585244,0.000614444,0.0587937,0.0140885,0.00659697,1,1,1,1,1,1,1
