case_id	configuration_id	profile	d_bin_index	epoch_index	trajectory_id	trajectory_pos	target	s	q	rho	x	y	time	u	X	reference	topology_status	topology_cells	topology_events	cold_ms	warm_ms	radial_ms	cold_topology_ms	warm_topology_ms	radial_topology_ms	cold_adaptive_ms	warm_adaptive_ms	radial_adaptive_ms	cold_setup_ms	warm_setup_ms	radial_setup_ms	cold_physical_ms	warm_physical_ms	radial_physical_ms	cold_estimator_ms	warm_estimator_ms	radial_estimator_ms	cold_scheduler_ms	warm_scheduler_ms	radial_scheduler_ms	cold_mu	warm_mu	radial_mu	cold_error	warm_error	radial_error	cold_value_converged	warm_value_converged	radial_value_converged	cold_stop	warm_stop	radial_stop	cold_status	warm_status	radial_status	cold_nodes	warm_nodes	radial_nodes	cold_evaluations	warm_evaluations	radial_evaluations	cold_panels	warm_panels	radial_panels	cold_splits	warm_splits	radial_splits	warm_l1	warm_l2	warm_l3	warm_rescreen_fail	warm_seed_used	prebuilt_assurance	prebuilt_count	prebuilt_tier	prebuilt_reason	prebuilt_legacy	prebuilt_coefficient_ms	prebuilt_chain_ms	prebuilt_isolation_ms	prebuilt_refine_ms	warm_assurance	warm_count	warm_tier	warm_reason	warm_legacy	warm_attempts	warm_direct	warm_repaired	warm_subdivisions	warm_count_queries	warm_sign_queries	prebuilt_variation_ms	prebuilt_event_ms	warm_variation_ms	warm_event_ms	reference_contacts	cold_atlas	warm_atlas	cold_contacts	warm_contacts	cold_boxes	warm_boxes	cold_contracted	warm_contracted	cold_excluded	warm_excluded	cold_tubes	warm_tubes	cold_dd	warm_dd	cold_qf	warm_qf	warm_proofs_reused	warm_proofs_invalidated	warm_event_updates	warm_range_accepted	cold_coefficient_ms	cold_proof_ms	cold_refine_ms	warm_coefficient_ms	warm_proof_ms	warm_refine_ms	cold_pair_attempts	cold_pair_accepted	warm_pair_attempts	warm_pair_accepted
30	30	linear	4	7	76	1	0.001	2.990411547485525	0.0151675030033084	0.0532272714444268	0.1322709396323147	-0.0017875870160681	0.1281053270844899	0.5	-0.0834259259083993	11.671166103788666	OK	15	14	50.932951	51.283139	7.524791999999999	43.453224	43.824551	0	7.479727000000004	7.458588	7.524791999999999	0.012598	0.007466	0.012258	7.363477999999995	7.343089999999998	7.383511000000005	0.013967	0.015081	0.0137209999999999	0.0020839999999999	0.002088	0.0018919999999999	11.671156597530413	11.671156597530413	11.671156597530413	0.01156012496273	0.01156012496273	0.01156012496273	1	1	1	Converged	Converged	Converged	OK	OK	OK	143	143	143	143	143	143	9	9	9	0	0	0	0	0	0	0	0	0	0	-1	Unattempted	0	0	0	0	0	0	0	-1	Unattempted	0	0	0	0	0	0	0	0	0	0	0	8	Complete	Complete	10	10	1880	1880	42	42	989	989	18	18	42	42	0	0	0	0	0	0	4.917816	37.480922000000085	0.816594	4.9699029999999995	37.76672100000005	0.8545329999999999	69	48	69	48
30	30	linear	4	15	76	2	0.001	2.990411547485525	0.0151675030033084	0.0532272714444268	0.1322709396323147	-0.0017875870160681	0.135510860502845	0.5	-0.0908314593267543	10.693458404335637	OK	15	14	55.839754	47.540136	7.397901	46.614307	40.511638	0	9.225447	7.028497999999999	7.397901	0.008281	0.011018	0.004884	9.121615000000002	6.915465	7.308697	0.016543	0.016947	0.012263	0.002324	0.002631	0.001825	10.693450519647088	10.693450519647085	10.693450519647088	0.0098260297604029	0.0098260297604241	0.0098260297604029	1	1	1	Converged	Converged	Converged	OK	OK	OK	143	143	143	143	143	143	9	9	9	0	0	0	0	0	0	0	0	0	0	-1	Unattempted	0	0	0	0	0	0	0	-1	Unattempted	0	0	0	0	0	0	0	0	0	0	0	8	Complete	Complete	10	10	1695	1278	51	21	906	1171	16	14	51	21	0	0	932	64	3	36	6.288271	39.178805000000025	0.8846469999999999	19.823205999999985	14.806300999999891	5.573659000000001	69	48	68	45
30	30	linear	4	23	76	3	0.001	2.990411547485525	0.0151675030033084	0.0532272714444268	0.1322709396323147	-0.0017875870160681	0.1429163939212	0.5	-0.0982369927451093	9.876532470833888	OK	15	14	49.815229	54.704783	6.974277	42.781891	49.350635	0	7.0333380000000005	5.354148000000001	6.974277	0.005551	0.013235	0.0049449999999999	6.934134000000005	5.2409120000000025	6.886729000000002	0.0140359999999999	0.0178319999999999	0.014031	0.0019979999999999	0.002301	0.001629	9.876525551599919	9.876525551599919	9.876525551599919	0.0080849720724712	0.0080849720725133	0.0080849720724712	1	1	1	Converged	Converged	Converged	OK	OK	OK	143	143	143	143	143	143	9	9	9	0	0	0	0	0	0	0	0	0	0	-1	Unattempted	0	0	0	0	0	0	0	-1	Unattempted	0	0	0	0	0	0	0	0	0	0	0	8	Complete	Complete	10	10	1545	1423	51	24	827	1355	14	24	52	25	0	0	1125	53	3	62	6.351203000000001	35.41903600000004	0.8051039999999998	22.976709	21.18187399999996	4.690509000000001	66	45	58	33
30	30	linear	4	7	76	1	0.0001	2.990411547485525	0.0151675030033084	0.0532272714444268	0.1322709396323147	-0.0017875870160681	0.1281053270844899	0.5	-0.0834259259083993	11.671166103788666	OK	15	14	51.529452	51.025453	7.56529	43.989707	43.440104	0	7.539744999999996	7.585349	7.56529	0.013729	0.0082629999999999	0.0122539999999999	7.396872999999997	7.449788999999994	7.406179999999998	0.018194	0.017961	0.01639	0.002649	0.002444	0.002761	11.671159838554626	11.671159838554626	11.671159838554626	0.0001206771790753	0.0001206771790753	0.0001206771790753	1	1	1	Converged	Converged	Converged	OK	OK	OK	175	175	175	175	175	175	9	9	9	0	0	0	0	0	0	0	0	0	0	-1	Unattempted	0	0	0	0	0	0	0	-1	Unattempted	0	0	0	0	0	0	0	0	0	0	0	8	Complete	Complete	10	10	1880	1880	42	42	989	989	18	18	42	42	0	0	0	0	0	0	4.91553	38.0428589999999	0.7939510000000001	4.892218999999999	37.481607	0.8290129999999998	69	48	69	48
30	30	linear	4	15	76	2	0.0001	2.990411547485525	0.0151675030033084	0.0532272714444268	0.1322709396323147	-0.0017875870160681	0.135510860502845	0.5	-0.0908314593267543	10.693458404335637	OK	15	14	50.781621	47.369764	7.490399	43.250732	40.155598	0	7.530889000000003	7.214166000000007	7.490399	0.0060219999999999	0.0103339999999999	0.005308	7.418062999999994	7.091964000000002	7.391262000000003	0.017214	0.0199499999999999	0.0158429999999999	0.0023539999999999	0.002504	0.002254	10.693452712885156	10.693452712885152	10.693452712885156	0.0001050314467602	0.0001050314467815	0.0001050314467602	1	1	1	Converged	Converged	Converged	OK	OK	OK	175	175	175	175	175	175	9	9	9	0	0	0	0	0	0	0	0	0	0	-1	Unattempted	0	0	0	0	0	0	0	-1	Unattempted	0	0	0	0	0	0	0	0	0	0	0	8	Complete	Complete	10	10	1695	1278	51	21	906	1171	16	14	51	21	0	0	932	64	3	36	5.984821000000001	36.25669499999996	0.784362	19.789953999999994	14.600054999999916	5.493237999999999	69	48	68	45
30	30	linear	4	23	76	3	0.0001	2.990411547485525	0.0151675030033084	0.0532272714444268	0.1322709396323147	-0.0017875870160681	0.1429163939212	0.5	-0.0982369927451093	9.876532470833888	OK	15	14	49.054556	54.647948	7.094144	41.90584	49.154501	0	7.148716	5.493446999999996	7.094144	0.0059649999999999	0.012382	0.0049319999999999	7.040565000000004	5.362298999999997	6.988765000000002	0.019628	0.0220239999999999	0.0159529999999999	0.0023339999999999	0.002686	0.003128	9.876527061789373	9.876527061789371	9.876527061789373	9.320964164030477e-05	9.320964168243354e-05	9.320964164030477e-05	1	1	1	Converged	Converged	Converged	OK	OK	OK	175	175	175	175	175	175	9	9	9	0	0	0	0	0	0	0	0	0	0	-1	Unattempted	0	0	0	0	0	0	0	-1	Unattempted	0	0	0	0	0	0	0	0	0	0	0	8	Complete	Complete	10	10	1545	1423	51	24	827	1355	14	24	52	25	0	0	1125	53	3	62	5.934402	34.95231000000002	0.815602	23.026276000000028	21.036423999999883	4.6637059999999995	66	45	58	33
75	75	uniform	1	15	189	2	0.001	3.0046102476251835	0.0037341362234464	0.0630803820007727	-2.6181648497652055	-0.014242011190375	-2.614325174339072	0.0	2.625503058559698	1.947649944835244	OK	11	10	49.369101	58.213375	3.316084	46.049719	55.694746	0	3.3193819999999974	2.5186289999999967	3.316084	0.0062119999999999	0.006015	0.0028449999999999	3.240701	2.439157999999999	3.247845	0.014532	0.013783	0.012697	0.0019269999999999	0.0021769999999999	0.001743	1.947639442922524	1.947639442922524	1.947639442922524	0.0009422522492192	0.0009422522492248	0.0009422522492192	1	1	1	Converged	Converged	Converged	OK	OK	OK	145	145	145	145	145	145	7	7	7	0	0	0	0	0	0	0	0	0	0	-1	Unattempted	0	0	0	0	0	0	0	-1	Unattempted	0	0	0	0	0	0	0	0	0	0	0	5	Complete	Complete	6	6	1202	1076	92	65	704	1216	3	24	94	67	0	0	917	53	0	249	10.342734000000002	34.92986399999996	0.6714179999999998	21.487601000000005	31.005778000000003	2.9304820000000005	51	37	37	23
75	75	uniform	1	15	189	2	0.0001	3.0046102476251835	0.0037341362234464	0.0630803820007727	-2.6181648497652055	-0.014242011190375	-2.614325174339072	0.0	2.625503058559698	1.947649944835244	OK	11	10	50.447896	57.913027	4.500313	45.862626	54.143932	0	4.58527	3.769095	4.500313	0.0062199999999999	0.007151	0.003082	4.469072999999998	3.65073	4.400855000000003	0.027151	0.0277479999999999	0.02301	0.002289	0.002738	0.001938	1.9476482757692053	1.9476482757692055	1.9476482757692053	0.0001731126557996	0.0001731126558052	0.0001731126557996	1	1	1	Converged	Converged	Converged	OK	OK	OK	217	217	217	217	217	217	7	7	7	0	0	0	0	0	0	0	0	0	0	-1	Unattempted	0	0	0	0	0	0	0	-1	Unattempted	0	0	0	0	0	0	0	0	0	0	0	5	Complete	Complete	6	6	1202	1076	92	65	704	1216	3	24	94	67	0	0	917	53	0	249	10.249002000000006	34.80773899999999	0.701162	20.546972999999998	30.46296899999996	2.858172	70	54	56	40
89	89	uniform	1	0	224	0	0.001	1.275615921840497	0.0007469723337377	0.0088098583333743	-0.5320353245553296	-0.0052185046782276	-0.5337972962220046	0.0	0.5347494348029171	3.6904952121583112	OK	13	12	39.214044	39.062785	2.633698	36.64182	36.52667	0	2.5722239999999985	2.5361149999999952	2.633698	0.011441	0.011481	0.0071939999999999	2.471417	2.4450349999999994	2.549312	0.0127609999999999	0.011406	0.0099329999999999	0.0020439999999999	0.002144	0.001635	3.6904562090524857	3.6904562090524857	3.6904562090524857	0.003374905802784	0.003374905802784	0.003374905802784	1	1	1	Converged	Converged	Converged	OK	OK	OK	121	121	121	121	121	121	7	7	7	0	0	0	0	0	0	0	0	0	0	-1	Unattempted	0	0	0	0	0	0	0	-1	Unattempted	0	0	0	0	0	0	0	0	0	0	0	7	Complete	Complete	8	8	1223	1223	55	55	691	691	4	4	55	55	0	0	0	0	0	0	6.399046000000002	29.495712999999967	0.580172	6.546942999999999	29.24635600000004	0.572741	46	36	46	36
89	89	uniform	1	7	224	1	0.001	1.275615921840497	0.0007469723337377	0.0088098583333743	-0.5320353245553296	-0.0052185046782276	-0.532724791729246	0.0	0.5336769303101585	3.725761985447978	OK	13	12	43.996343	46.869381	2.65648	41.382287	43.990836	0	2.614056000000005	2.8785449999999955	2.65648	0.009095	0.0080389999999999	0.0036319999999999	2.542717	2.786316	2.595281	0.010682	0.014997	0.0089359999999999	0.0020649999999999	0.0025109999999999	0.0015019999999999	3.725718655057927	3.72571865505792	3.725718655057927	0.0034835835621335	0.0034835835621568	0.0034835835621335	1	1	1	Converged	Converged	Converged	OK	OK	OK	121	121	121	121	121	121	7	7	7	0	0	0	0	0	0	0	0	0	0	-1	Unattempted	0	0	0	0	0	0	0	-1	Unattempted	0	0	0	0	0	0	0	0	0	0	0	7	Complete	Complete	8	8	1233	804	69	42	717	862	4	16	71	42	0	0	662	35	2	83	8.047815000000003	32.62068799999997	0.571989	17.47896199999999	22.621535999999985	3.626811000000001	51	38	45	32
89	89	uniform	1	0	224	0	0.0001	1.275615921840497	0.0007469723337377	0.0088098583333743	-0.5320353245553296	-0.0052185046782276	-0.5337972962220046	0.0	0.5347494348029171	3.6904952121583112	OK	13	12	41.203402	40.685615	3.983647	36.781021	36.616927	0	4.4223809999999935	4.068688000000002	3.983647	0.011002	0.00738	0.006752	4.2236780000000005	3.894732	3.805104000000001	0.033132	0.0327729999999999	0.027363	0.002879	0.0026	0.002392	3.6904943548329054	3.6904943548329054	3.6904943548329054	0.0001379951408479	0.0001379951408479	0.0001379951408479	1	1	1	Converged	Converged	Converged	OK	OK	OK	281	281	281	281	281	281	7	7	7	0	0	0	0	0	0	0	0	0	0	-1	Unattempted	0	0	0	0	0	0	0	-1	Unattempted	0	0	0	0	0	0	0	0	0	0	0	7	Complete	Complete	8	8	1223	1223	55	55	691	691	4	4	55	55	0	0	0	0	0	0	6.532189000000001	29.505214000000013	0.59007	6.3979430000000015	29.488580999999996	0.58842	77	55	77	55
89	89	uniform	1	7	224	1	0.0001	1.275615921840497	0.0007469723337377	0.0088098583333743	-0.5320353245553296	-0.0052185046782276	-0.532724791729246	0.0	0.5336769303101585	3.725761985447978	OK	13	12	46.302943	43.799826	4.26338	42.021815	40.229808	0	4.2811280000000025	3.570018000000005	4.26338	0.005773	0.008569	0.004137	4.139126000000004	3.4199079999999995	4.124746	0.030578	0.0330239999999999	0.0282029999999999	0.002434	0.002532	0.0024179999999999	3.725760980109068	3.7257609801090714	3.725760980109068	0.0001464297498145	0.0001464297498646	0.0001464297498145	1	1	1	Converged	Converged	Converged	OK	OK	OK	281	281	281	281	281	281	7	7	7	0	0	0	0	0	0	0	0	0	0	-1	Unattempted	0	0	0	0	0	0	0	-1	Unattempted	0	0	0	0	0	0	0	0	0	0	0	7	Complete	Complete	8	8	1233	804	69	42	717	862	4	16	71	42	0	0	662	35	2	83	7.958700999999997	33.288098000000005	0.6434099999999999	16.630159000000013	19.888725	3.4522400000000006	87	59	73	45
150	150	linear	0	0	375	0	0.001	0.3824449498641198	0.0879750629659782	0.0868260904517801	0.022175293292154	0.0028333733150467	0.0048100752017979	0.5	0.0261149153522993	24.505406402530408	OK	11	10	25.694083	25.805884	3.319631	22.383216	22.522964	0	3.3108669999999982	3.2829199999999967	3.319631	0.005203	0.004244	0.004648	3.191375000000003	3.1727049999999983	3.1880130000000007	0.023438	0.0219729999999999	0.023202	0.0016659999999999	0.0016019999999999	0.0025479999999999	24.505124301617357	24.505124301617357	24.505124301617357	0.01687443702212	0.01687443702212	0.01687443702212	1	1	1	Converged	Converged	Converged	OK	OK	OK	194	194	194	194	194	194	6	6	6	0	0	0	0	0	0	0	0	0	0	-1	Unattempted	0	0	0	0	0	0	0	-1	Unattempted	0	0	0	0	0	0	0	0	0	0	0	5	Complete	Complete	6	6	602	602	40	40	352	352	5	5	41	41	0	0	0	0	0	0	4.641015000000001	17.20417200000001	0.4452349999999999	4.635455	17.309554999999996	0.48919	35	18	35	18
150	150	linear	0	7	375	1	0.001	0.3824449498641198	0.0879750629659782	0.0868260904517801	0.022175293292154	0.0028333733150467	0.0153802079524494	0.5	0.0155447826016478	24.248765200713	OK	11	10	26.09569	21.777848	3.709867	22.31662	18.182536	0	3.779070000000001	3.595312	3.709867	0.003892	0.0053169999999999	0.0035019999999999	3.664834999999997	3.4962690000000007	3.610186000000001	0.025828	0.0223049999999999	0.018824	0.001517	0.001523	0.0013159999999999	24.24875317341534	24.24875317341534	24.24875317341534	0.016878852286218	0.0168788522862206	0.016878852286218	1	1	1	Converged	Converged	Converged	OK	OK	OK	194	194	194	194	194	194	6	6	6	0	0	0	0	0	0	0	0	0	0	-1	Unattempted	0	0	0	0	0	0	0	-1	Unattempted	0	0	0	0	0	0	0	0	0	0	0	5	Complete	Complete	6	6	607	359	43	12	359	395	5	1	44	13	0	0	339	15	4	41	5.073907	16.694420999999977	0.45164	7.358765999999997	5.186823000000004	5.52688	35	21	34	20
150	150	linear	0	15	375	2	0.001	0.3824449498641198	0.0879750629659782	0.0868260904517801	0.022175293292154	0.0028333733150467	0.0274603596674797	0.5	0.0034646308866175	23.62462790732382	OK	11	10	29.521105	24.758985	3.963726	25.482831	21.479884	0	4.038273999999998	3.2791010000000007	3.963726	0.003801	0.004694	0.0029949999999999	3.9317650000000017	3.185050000000001	3.874289	0.0224759999999999	0.022218	0.0196469999999999	0.002178	0.001534	0.0014519999999999	23.624704301644197	23.624704301644197	23.624704301644197	0.0168716765524812	0.0168716765524905	0.0168716765524812	1	1	1	Converged	Converged	Converged	OK	OK	OK	194	194	194	194	194	194	6	6	6	0	0	0	0	0	0	0	0	0	0	-1	Unattempted	0	0	0	0	0	0	0	-1	Unattempted	0	0	0	0	0	0	0	0	0	0	0	5	Complete	Complete	6	6	637	415	39	5	369	443	5	10	43	5	0	0	378	20	3	65	4.672572999999999	20.244684000000014	0.4711679999999999	6.902506999999993	8.880021000000001	5.545348	42	23	29	18
150	150	linear	0	23	375	3	0.001	0.3824449498641198	0.0879750629659782	0.0868260904517801	0.022175293292154	0.0028333733150467	0.03954051138251	0.5	-0.0086155208284127	22.635499507895375	OK	11	10	30.107649	25.949541	4.236115	25.790185	22.478792	0	4.3174639999999975	3.4707490000000014	4.236115	0.0041	0.0042709999999999	0.0027409999999999	4.218980999999997	3.3566580000000026	4.145679999999998	0.0235459999999999	0.026071	0.021065	0.001632	0.001521	0.001437	22.635614998156065	22.63561499815606	22.635614998156065	0.0168529405466196	0.0168529405466272	0.0168529405466196	1	1	1	Converged	Converged	Converged	OK	OK	OK	194	194	194	194	194	194	6	6	6	0	0	0	0	0	0	0	0	0	0	-1	Unattempted	0	0	0	0	0	0	0	-1	Unattempted	0	0	0	0	0	0	0	0	0	0	0	5	Complete	Complete	6	6	667	432	35	3	378	483	6	13	38	5	0	0	424	22	3	88	4.059309	19.396330000000017	2.233962	7.067290999999996	9.769472000000007	5.516897000000001	42	25	36	19
150	150	linear	0	0	375	0	0.0001	0.3824449498641198	0.0879750629659782	0.0868260904517801	0.022175293292154	0.0028333733150467	0.0048100752017979	0.5	0.0261149153522993	24.505406402530408	OK	11	10	27.57872	27.607902	5.103858	22.398836	22.440076	0	5.179884	5.167825999999998	5.103858	0.004896	0.0045999999999999	0.004897	4.930997000000004	4.940368000000007	4.863692999999995	0.059697	0.060076	0.058373	0.002876	0.0020699999999999	0.0019589999999999	24.50509255692273	24.50509255692273	24.50509255692273	0.0008715373760705	0.0008715373760705	0.0008715373760705	1	1	1	Converged	Converged	Converged	OK	OK	OK	370	370	370	370	370	370	6	6	6	0	0	0	0	0	0	0	0	0	0	-1	Unattempted	0	0	0	0	0	0	0	-1	Unattempted	0	0	0	0	0	0	0	0	0	0	0	5	Complete	Complete	6	6	602	602	40	40	352	352	5	5	41	41	0	0	0	0	0	0	4.645888000000001	17.214564999999997	0.450519	4.631065	17.24050300000001	0.479385	63	27	63	27
150	150	linear	0	7	375	1	0.0001	0.3824449498641198	0.0879750629659782	0.0868260904517801	0.022175293292154	0.0028333733150467	0.0153802079524494	0.5	0.0155447826016478	24.248765200713	OK	11	10	28.408341	23.675064	5.797657	22.550785	18.227663	0	5.857555999999999	5.447400999999999	5.797657	0.0035179999999999	0.0042659999999999	0.003608	5.6508220000000025	5.242679	5.603556000000009	0.059533	0.05956	0.057138	0.002147	0.002086	0.001905	24.2487233784298	24.248723378429798	24.2487233784298	0.0008674471975903	0.0008674471975928	0.0008674471975903	1	1	1	Converged	Converged	Converged	OK	OK	OK	370	370	370	370	370	370	6	6	6	0	0	0	0	0	0	0	0	0	0	-1	Unattempted	0	0	0	0	0	0	0	-1	Unattempted	0	0	0	0	0	0	0	0	0	0	0	5	Complete	Complete	6	6	607	359	43	12	359	395	5	1	44	13	0	0	339	15	4	41	5.161408	16.821274000000003	0.4809569999999999	7.356998000000002	5.183936999999999	5.585114000000001	61	32	59	29
150	150	linear	0	15	375	2	0.0001	0.3824449498641198	0.0879750629659782	0.0868260904517801	0.022175293292154	0.0028333733150467	0.0274603596674797	0.5	0.0034646308866175	23.62462790732382	OK	11	10	31.647486	26.275223	6.410692	25.17314	21.284144	0	6.474346000000001	4.991078999999999	6.410692	0.0034139999999999	0.0053829999999999	0.003455	6.275679	4.78329	6.208926000000008	0.0585189999999999	0.0609639999999999	0.060039	0.002095	0.0019819999999999	0.0018769999999999	23.624676750948648	23.624676750948648	23.624676750948648	0.0008628956515455	0.0008628956515527	0.0008628956515455	1	1	1	Converged	Converged	Converged	OK	OK	OK	370	370	370	370	370	370	6	6	6	0	0	0	0	0	0	0	0	0	0	-1	Unattempted	0	0	0	0	0	0	0	-1	Unattempted	0	0	0	0	0	0	0	0	0	0	0	5	Complete	Complete	6	6	637	415	39	5	369	443	5	10	43	5	0	0	378	20	3	65	4.522068000000002	20.109668000000013	0.452641	6.878066999999999	8.723678000000005	5.533950000000003	76	36	50	26
150	150	linear	0	23	375	3	0.0001	0.3824449498641198	0.0879750629659782	0.0868260904517801	0.022175293292154	0.0028333733150467	0.03954051138251	0.5	-0.0086155208284127	22.635499507895375	OK	11	10	32.819915	27.873762	6.945295	25.97082	22.624197	0	6.849095000000002	5.2495650000000005	6.945295	0.003442	0.004884	0.003297	6.646803000000001	5.044046	6.7391580000000015	0.062031	0.060803	0.059574	0.002119	0.0020869999999999	0.0019849999999999	22.63558969911119	22.635589699111183	22.63558969911119	0.0008586651830005	0.0008586651830086	0.0008586651830005	1	1	1	Converged	Converged	Converged	OK	OK	OK	370	370	370	370	370	370	6	6	6	0	0	0	0	0	0	0	0	0	0	-1	Unattempted	0	0	0	0	0	0	0	-1	Unattempted	0	0	0	0	0	0	0	0	0	0	0	5	Complete	Complete	6	6	667	432	35	3	378	483	6	13	38	5	0	0	424	22	3	88	4.142343000000001	19.522496999999998	2.217068	7.075200000000005	9.879260999999996	5.530510999999999	74	39	63	28
30	30	uniform	4	7	77	1	0.001	2.990411547485525	0.0151675030033084	0.0532272714444268	0.1322709396323147	-0.0017875870160681	0.1281053270844899	0.0	-0.0834259259083993	11.728234888801309	OK	15	14	45.777538	45.681673	2.441462	43.343554	43.256724	0	2.4339840000000024	2.4249490000000047	2.441462	0.012907	0.011317	0.010848	2.343566	2.333906	2.339239	0.0106389999999999	0.010578	0.009294	0.00192	0.001878	0.0014549999999999	11.728234781023776	11.728234781023776	11.728234781023776	0.0071556482936393	0.0071556482936393	0.0071556482936393	1	1	1	Converged	Converged	Converged	OK	OK	OK	111	111	111	111	111	111	9	9	9	0	0	0	0	0	0	0	0	0	0	-1	Unattempted	0	0	0	0	0	0	0	-1	Unattempted	0	0	0	0	0	0	0	0	0	0	0	8	Complete	Complete	10	10	1880	1880	42	42	989	989	18	18	42	42	0	0	0	0	0	0	4.853872	37.50010199999996	0.753951	4.867987	37.421909999999976	0.7310630000000001	49	36	49	36
30	30	uniform	4	15	77	2	0.001	2.990411547485525	0.0151675030033084	0.0532272714444268	0.1322709396323147	-0.0017875870160681	0.135510860502845	0.0	-0.0908314593267543	10.736277551481775	OK	15	14	45.434139	42.630614	2.409965	43.049298	40.288558	0	2.384841000000001	2.3420559999999995	2.409965	0.007074	0.0097109999999999	0.0065259999999999	2.31691	2.253515000000001	2.339264	0.009962	0.011525	0.0107589999999999	0.0019129999999999	0.0018679999999999	0.002071	10.736277548421045	10.736277548421038	10.736277548421045	0.0063479081340937	0.0063479081341062	0.0063479081340937	1	1	1	Converged	Converged	Converged	OK	OK	OK	111	111	111	111	111	111	9	9	9	0	0	0	0	0	0	0	0	0	0	-1	Unattempted	0	0	0	0	0	0	0	-1	Unattempted	0	0	0	0	0	0	0	0	0	0	0	8	Complete	Complete	10	10	1695	1278	51	21	906	1171	16	14	51	21	0	0	932	64	3	36	5.89007	36.23025799999993	0.7061830000000001	19.865816	14.675171999999908	5.448744000000001	49	36	48	34
30	30	uniform	4	23	77	3	0.001	2.990411547485525	0.0151675030033084	0.0532272714444268	0.1322709396323147	-0.0017875870160681	0.1429163939212	0.0	-0.0982369927451093	9.90958390547766	OK	15	14	43.78277	51.021534	2.248536	41.547837	48.979834	0	2.234932999999998	2.0417000000000054	2.248536	0.0092079999999999	0.011646	0.005303	2.1592160000000007	1.9482720000000016	2.180219999999999	0.0112869999999999	0.012123	0.010505	0.0021069999999999	0.0019729999999999	0.0017009999999999	9.909584094530231	9.909584094530237	9.909584094530231	0.005890842255153	0.0058908422551722	0.005890842255153	1	1	1	Converged	Converged	Converged	OK	OK	OK	111	111	111	111	111	111	9	9	9	0	0	0	0	0	0	0	0	0	0	-1	Unattempted	0	0	0	0	0	0	0	-1	Unattempted	0	0	0	0	0	0	0	0	0	0	0	8	Complete	Complete	10	10	1545	1423	51	24	827	1355	14	24	52	25	0	0	1125	53	3	62	5.86502	34.748673999999944	0.7270090000000001	22.965033000000005	21.050310999999898	4.542764999999999	45	33	43	28
30	30	uniform	4	7	77	1	0.0001	2.990411547485525	0.0151675030033084	0.0532272714444268	0.1322709396323147	-0.0017875870160681	0.1281053270844899	0.0	-0.0834259259083993	11.728234888801309	OK	15	14	46.112766	46.07777	2.872866	43.171966	43.195561	0	2.940800000000003	2.882209000000003	2.872866	0.011238	0.01091	0.008656	2.8012630000000005	2.7499890000000007	2.7461619999999995	0.0155479999999999	0.015771	0.013803	0.002353	0.002392	0.0020399999999999	11.728234751111378	11.728234751111378	11.728234751111378	0.0010469582440207	0.0010469582440207	0.0010469582440207	1	1	1	Converged	Converged	Converged	OK	OK	OK	159	159	159	159	159	159	9	9	9	0	0	0	0	0	0	0	0	0	0	-1	Unattempted	0	0	0	0	0	0	0	-1	Unattempted	0	0	0	0	0	0	0	0	0	0	0	8	Complete	Complete	10	10	1880	1880	42	42	989	989	18	18	42	42	0	0	0	0	0	0	4.813656999999999	37.447941	0.6834339999999999	4.838637000000001	37.43937400000008	0.6846689999999999	58	42	58	42
30	30	uniform	4	15	77	2	0.0001	2.990411547485525	0.0151675030033084	0.0532272714444268	0.1322709396323147	-0.0017875870160681	0.135510860502845	0.0	-0.0908314593267543	10.736277551481775	OK	15	14	45.877734	42.797658	2.807243	43.013291	40.114709	0	2.8644429999999943	2.6829490000000007	2.807243	0.0082179999999999	0.008597	0.005099	2.764111999999999	2.582560999999999	2.7212969999999967	0.014365	0.015321	0.012542	0.0024879999999999	0.002217	0.0019179999999999	10.73627754692614	10.736277546926136	10.73627754692614	0.0010282557487196	0.0010282557487368	0.0010282557487196	1	1	1	Converged	Converged	Converged	OK	OK	OK	159	159	159	159	159	159	9	9	9	0	0	0	0	0	0	0	0	0	0	-1	Unattempted	0	0	0	0	0	0	0	-1	Unattempted	0	0	0	0	0	0	0	0	0	0	0	8	Complete	Complete	10	10	1695	1278	51	21	906	1171	16	14	51	21	0	0	932	64	3	36	5.882624000000003	36.19196399999994	0.71395	19.845680999999978	14.598142999999926	5.408409999999999	58	42	56	39
30	30	uniform	4	23	77	3	0.0001	2.990411547485525	0.0151675030033084	0.0532272714444268	0.1322709396323147	-0.0017875870160681	0.1429163939212	0.0	-0.0982369927451093	9.90958390547766	OK	15	14	44.640549	51.218755	3.030418	41.556602	48.842851	0	3.083947000000002	2.3759039999999985	3.030418	0.0095049999999999	0.0088409999999999	0.004518	2.9622460000000017	2.2550509999999995	2.9338609999999994	0.016132	0.0162139999999999	0.013036	0.002614	0.002387	0.0019709999999999	9.90958409282704	9.90958409282704	9.90958409282704	6.105321313454429e-05	6.10532131611465e-05	6.105321313454429e-05	1	1	1	Converged	Converged	Converged	OK	OK	OK	175	175	175	175	175	175	9	9	9	0	0	0	0	0	0	0	0	0	0	-1	Unattempted	0	0	0	0	0	0	0	-1	Unattempted	0	0	0	0	0	0	0	0	0	0	0	8	Complete	Complete	10	10	1545	1423	51	24	827	1355	14	24	52	25	0	0	1125	53	3	62	5.881539999999999	34.772227	0.700293	22.953611000000038	20.97681699999995	4.503497000000001	66	45	58	33
85	85	linear	3	7	213	1	0.001	1.1413567545568002	0.0478596355605716	0.0031461944421554	-0.3497392622138754	-0.1089694026267117	-0.3499854861267397	0.5	0.4021154818474573	2.29485622223689	TOPOLOGY_UNCERTAIN	0	0	17.444773	19.664378	0.000447	17.443717	14.157959	0	0.0010560000000019	5.506418999999999	0.000447	0.0	0.0048859999999999	0.0	0.0	5.441921999999999	0.0	0.0	0.011198	0.0	0.0	0.0023999999999999	0.0	0.0	2.294855655548337	0.0	inf	0.0005628799893325	inf	0	1	0	TopologyUnresolved	Converged	TopologyUnresolved	GRADIENT_UNRELIABLE	OK	GRADIENT_UNRELIABLE	0	77	0	0	77	0	0	3	0	0	0	0	0	0	0	0	0	0	0	-1	Unattempted	0	0	0	0	0	0	0	-1	Unattempted	0	0	0	0	0	0	0	0	0	0	0	6	Complete	Complete	7	6	496	304	24	8	278	289	8	8	26	8	0	0	237	14	2	1	2.8574779999999995	13.797687999999988	0.742626	5.7408290000000015	4.290958	4.052566999999999	0	0	36	36
85	85	linear	3	7	213	1	0.0001	1.1413567545568002	0.0478596355605716	0.0031461944421554	-0.3497392622138754	-0.1089694026267117	-0.3499854861267397	0.5	0.4021154818474573	2.29485622223689	TOPOLOGY_UNCERTAIN	0	0	17.281386	21.540238	0.0006359999999999	17.28051	14.32819	0	0.0008760000000016	7.2120479999999985	0.0006359999999999	0.0	0.005171	0.0	0.0	7.140268999999998	0.0	0.0	0.013464	0.0	0.0	0.0020439999999999	0.0	0.0	2.2948556556390143	0.0	inf	3.690039223844417e-08	inf	0	1	0	TopologyUnresolved	Converged	TopologyUnresolved	GRADIENT_UNRELIABLE	OK	GRADIENT_UNRELIABLE	0	93	0	0	93	0	0	3	0	0	0	0	0	0	0	0	0	0	0	-1	Unattempted	0	0	0	0	0	0	0	-1	Unattempted	0	0	0	0	0	0	0	0	0	0	0	6	Complete	Complete	7	6	496	304	24	8	278	289	8	8	26	8	0	0	237	14	2	1	2.799082	13.711785999999991	0.7221759999999999	5.829182	4.376500999999994	4.050831	0	0	47	47
100	100	linear	1	15	250	2	0.001	1.6024372844104893	0.3506015586343449	0.0579897053615193	-0.7929216617383341	0.2552236309444181	-0.7893918535858938	0.5	1.2053672431716895	3.815521194059873	TOPOLOGY_UNCERTAIN	0	0	24.017444	20.667603	0.001537	24.01576	20.666766	0	0.0016840000000009	0.0008370000000006	0.001537	0.0	0.0	0.0	0.0	0.0	0.0	0.0	0.0	0.0	0.0	0.0	0.0	0.0	0.0	0.0	inf	inf	inf	0	0	0	TopologyUnresolved	TopologyUnresolved	TopologyUnresolved	GRADIENT_UNRELIABLE	GRADIENT_UNRELIABLE	GRADIENT_UNRELIABLE	0	0	0	0	0	0	0	0	0	0	0	0	0	0	0	0	0	0	0	-1	Unattempted	0	0	0	0	0	0	0	-1	Unattempted	0	0	0	0	0	0	0	0	0	0	0	6	Complete	Complete	7	7	450	384	50	22	303	386	8	11	51	23	0	0	292	20	3	11	5.8101	17.418342999999986	0.7459599999999998	8.239495999999994	8.163190999999994	4.205939000000001	0	0	0	0
100	100	linear	1	15	250	2	0.0001	1.6024372844104893	0.3506015586343449	0.0579897053615193	-0.7929216617383341	0.2552236309444181	-0.7893918535858938	0.5	1.2053672431716895	3.815521194059873	TOPOLOGY_UNCERTAIN	0	0	24.326541	20.736794	0.0009169999999999	24.325743	20.736226	0	0.0007979999999996	0.0005680000000012	0.0009169999999999	0.0	0.0	0.0	0.0	0.0	0.0	0.0	0.0	0.0	0.0	0.0	0.0	0.0	0.0	0.0	inf	inf	inf	0	0	0	TopologyUnresolved	TopologyUnresolved	TopologyUnresolved	GRADIENT_UNRELIABLE	GRADIENT_UNRELIABLE	GRADIENT_UNRELIABLE	0	0	0	0	0	0	0	0	0	0	0	0	0	0	0	0	0	0	0	-1	Unattempted	0	0	0	0	0	0	0	-1	Unattempted	0	0	0	0	0	0	0	0	0	0	0	6	Complete	Complete	7	7	450	384	50	22	303	386	8	11	51	23	0	0	292	20	3	11	5.908595	17.631611999999993	0.7432759999999999	8.271463999999998	8.213071000000006	4.191516	0	0	0	0
140	140	linear	1	15	350	2	0.001	0.552905470757224	0.0015223241625082	0.0518019958547004	0.0311797319635725	-0.0121888256153175	0.0343328969286413	0.5	-0.0334924749655856	33.66774846245222	OK	11	10	44.769597	44.384255	3.593226	41.179039	41.387835	0	3.5905579999999944	2.9964200000000005	3.593226	0.006171	0.005825	0.00314	3.527711000000001	2.9374689999999983	3.5355950000000007	0.0107039999999999	0.00929	0.010111	0.002082	0.001668	0.0013279999999999	33.66811318621071	33.66811318621071	33.66811318621071	0.0306743305429583	0.030674330542976	0.0306743305429583	1	1	1	Converged	Converged	Converged	OK	OK	OK	113	113	113	113	113	113	7	7	7	0	0	0	0	0	0	0	0	0	0	-1	Unattempted	0	0	0	0	0	0	0	-1	Unattempted	0	0	0	0	0	0	0	0	0	0	0	5	Complete	Complete	6	6	1614	985	24	13	824	952	7	19	26	16	0	0	755	72	3	58	2.8205850000000003	36.06709900000011	2.149519	17.902116	18.902818000000032	4.378429999999998	32	22	30	18
140	140	linear	1	23	350	3	0.001	0.552905470757224	0.0015223241625082	0.0518019958547004	0.0311797319635725	-0.0121888256153175	0.0415401311345126	0.5	-0.040699709171457	30.186277904320825	OK	11	10	57.252818	42.232928	4.317082	52.219243	39.182506	0	5.033574999999999	3.0504220000000046	4.317082	0.0078079999999999	0.004826	0.003108	4.942358000000001	2.978233999999999	4.246080999999999	0.014261	0.012021	0.011174	0.0025759999999999	0.0018439999999999	0.001498	30.186633156904072	30.18663315690408	30.186633156904072	0.0172411067845617	0.0172411067845815	0.0172411067845617	1	1	1	Converged	Converged	Converged	OK	OK	OK	129	129	129	129	129	129	7	7	7	0	0	0	0	0	0	0	0	0	0	-1	Unattempted	0	0	0	0	0	0	0	-1	Unattempted	0	0	0	0	0	0	0	0	0	0	0	5	Complete	Complete	6	6	1825	1138	21	8	934	1096	7	22	23	8	0	0	858	96	4	80	2.6471590000000003	47.1270679999999	2.2413350000000003	16.912177999999997	17.354423999999963	4.7048390000000015	39	27	33	18
140	140	linear	1	15	350	2	0.0001	0.552905470757224	0.0015223241625082	0.0518019958547004	0.0311797319635725	-0.0121888256153175	0.0343328969286413	0.5	-0.0334924749655856	33.66774846245222	OK	11	10	47.022592	42.003987	5.419842	41.501445	37.992811	0	5.521147000000006	4.011175999999999	5.419842	0.006685	0.0051859999999999	0.003337	5.410640999999999	3.9025379999999994	5.322469000000001	0.020577	0.0199309999999999	0.016836	0.002633	0.002379	0.001918	33.667873837875874	33.667873837875874	33.667873837875874	0.0023054396950005	0.00230543969502	0.0023054396950005	1	1	1	Converged	Converged	Converged	OK	OK	OK	209	209	209	209	209	209	7	7	7	0	0	0	0	0	0	0	0	0	0	-1	Unattempted	0	0	0	0	0	0	0	-1	Unattempted	0	0	0	0	0	0	0	0	0	0	0	5	Complete	Complete	6	6	1614	985	24	13	824	952	7	19	26	16	0	0	755	72	3	58	2.836859	36.3293720000001	2.184196	15.589257000000014	18.395808999999975	3.8059470000000006	54	33	48	23
140	140	linear	1	23	350	3	0.0001	0.552905470757224	0.0015223241625082	0.0518019958547004	0.0311797319635725	-0.0121888256153175	0.0415401311345126	0.5	-0.040699709171457	30.186277904320825	OK	11	10	49.951935	43.325037	5.141968	44.71776	39.311188	0	5.2341750000000005	4.013849	5.141968	0.005982	0.0049569999999999	0.0041349999999999	5.128431000000004	3.910788	5.0488880000000025	0.020643	0.019554	0.017458	0.00268	0.0023419999999999	0.002001	30.18640602841209	30.186406028412097	30.18640602841209	0.0022771004986745	0.0022771004986943	0.0022771004986745	1	1	1	Converged	Converged	Converged	OK	OK	OK	209	209	209	209	209	209	7	7	7	0	0	0	0	0	0	0	0	0	0	-1	Unattempted	0	0	0	0	0	0	0	-1	Unattempted	0	0	0	0	0	0	0	0	0	0	0	5	Complete	Complete	6	6	1825	1138	21	8	934	1096	7	22	23	8	0	0	858	96	4	80	2.466507	39.925925999999954	2.164651	16.931530999999985	17.39451199999997	4.752445999999998	49	31	45	23
150	150	uniform	0	0	376	0	0.001	0.3824449498641198	0.0879750629659782	0.0868260904517801	0.022175293292154	0.0028333733150467	0.0048100752017979	0.0	0.0261149153522993	22.93239268008836	OK	11	10	23.937593	24.007019	1.475875	22.449089	22.516755	0	1.4885039999999987	1.4902639999999998	1.475875	0.0043169999999999	0.0043779999999999	0.0042709999999999	1.3857820000000012	1.3875260000000007	1.3770100000000012	0.0209799999999999	0.021276	0.019443	0.0014599999999999	0.001506	0.0012639999999999	22.93244965137732	22.93244965137732	22.93244965137732	0.0091536587791247	0.0091536587791247	0.0091536587791247	1	1	1	Converged	Converged	Converged	OK	OK	OK	194	194	194	194	194	194	6	6	6	0	0	0	0	0	0	0	0	0	0	-1	Unattempted	0	0	0	0	0	0	0	-1	Unattempted	0	0	0	0	0	0	0	0	0	0	0	5	Complete	Complete	6	6	602	602	40	40	352	352	5	5	41	41	0	0	0	0	0	0	4.601454	17.348532000000016	0.416597	4.628386	17.392938000000015	0.4118769999999999	35	18	35	18
150	150	uniform	0	7	376	1	0.001	0.3824449498641198	0.0879750629659782	0.0868260904517801	0.022175293292154	0.0028333733150467	0.0153802079524494	0.0	0.0155447826016478	22.76430724064711	OK	11	10	23.832716	19.658285	1.618135	22.17294	18.070521	0	1.6597760000000008	1.587764	1.618135	0.0031619999999999	0.003471	0.0028639999999999	1.5645599999999993	1.4954780000000003	1.5342189999999991	0.022947	0.023831	0.0184119999999999	0.001422	0.001385	0.001217	22.764358593624507	22.76435859362451	22.764358593624507	0.0090934441620652	0.0090934441620671	0.0090934441620652	1	1	1	Converged	Converged	Converged	OK	OK	OK	194	194	194	194	194	194	6	6	6	0	0	0	0	0	0	0	0	0	0	-1	Unattempted	0	0	0	0	0	0	0	-1	Unattempted	0	0	0	0	0	0	0	0	0	0	0	5	Complete	Complete	6	6	607	359	43	12	359	395	5	1	44	13	0	0	339	15	4	41	4.932594999999999	16.74862900000001	0.4123359999999999	7.317961000000005	5.149469999999996	5.515661	35	21	34	20
150	150	uniform	0	15	376	2	0.001	0.3824449498641198	0.0879750629659782	0.0868260904517801	0.022175293292154	0.0028333733150467	0.0274603596674797	0.0	0.0034646308866175	22.351046981275715	OK	11	10	26.836615	22.602301	1.767769	25.026159	21.133331	0	1.8104559999999985	1.4689700000000023	1.767769	0.003219	0.003409	0.002408	1.70769	1.3785370000000003	1.6788890000000003	0.02339	0.021262	0.019552	0.001426	0.001401	0.00126	22.35109344633417	22.35109344633417	22.35109344633417	0.0090289651503907	0.0090289651503982	0.0090289651503907	1	1	1	Converged	Converged	Converged	OK	OK	OK	194	194	194	194	194	194	6	6	6	0	0	0	0	0	0	0	0	0	0	-1	Unattempted	0	0	0	0	0	0	0	-1	Unattempted	0	0	0	0	0	0	0	0	0	0	0	5	Complete	Complete	6	6	637	415	39	5	369	443	5	10	43	5	0	0	378	20	3	65	4.483758000000001	20.023664000000014	0.431883	6.863775999999998	8.745175000000003	5.395466999999999	42	23	29	18
150	150	uniform	0	23	376	3	0.001	0.3824449498641198	0.0879750629659782	0.0868260904517801	0.022175293292154	0.0028333733150467	0.03954051138251	0.0	-0.0086155208284127	21.68206469868909	OK	11	10	27.565259	23.815555	1.858991	25.661907	22.184416	0	1.9033520000000017	1.631139000000001	1.858991	0.003392	0.003353	0.0024199999999999	1.809662	1.5196879999999997	1.7743510000000002	0.0222639999999999	0.0270859999999999	0.0187179999999999	0.0014539999999999	0.0019009999999999	0.001327	21.68210787666536	21.68210787666536	21.68210787666536	0.0089694142166157	0.0089694142166221	0.0089694142166157	1	1	1	Converged	Converged	Converged	OK	OK	OK	194	194	194	194	194	194	6	6	6	0	0	0	0	0	0	0	0	0	0	-1	Unattempted	0	0	0	0	0	0	0	-1	Unattempted	0	0	0	0	0	0	0	0	0	0	0	5	Complete	Complete	6	6	667	432	35	3	378	483	6	13	38	5	0	0	424	22	3	88	4.042776	19.393152999999977	2.144188	6.968008999999998	9.682504999999992	5.414889999999998	42	25	36	19
150	150	uniform	0	0	376	0	0.0001	0.3824449498641198	0.0879750629659782	0.0868260904517801	0.022175293292154	0.0028333733150467	0.0048100752017979	0.0	0.0261149153522993	22.93239268008836	OK	11	10	24.892617	24.880564	2.421653	22.470149	22.471615	0	2.422468000000002	2.408949	2.421653	0.0044559999999999	0.0042079999999999	0.0047609999999999	2.1855879999999988	2.1755500000000008	2.186993	0.0590199999999999	0.058615	0.0585629999999999	0.001879	0.001903	0.0018959999999999	22.93239562099569	22.93239562099569	22.93239562099569	0.0013457546071532	0.0013457546071532	0.0013457546071532	1	1	1	Converged	Converged	Converged	OK	OK	OK	370	370	370	370	370	370	6	6	6	0	0	0	0	0	0	0	0	0	0	-1	Unattempted	0	0	0	0	0	0	0	-1	Unattempted	0	0	0	0	0	0	0	0	0	0	0	5	Complete	Complete	6	6	602	602	40	40	352	352	5	5	41	41	0	0	0	0	0	0	4.639798999999999	17.349233000000005	0.401398	4.7223	17.267306999999985	0.4005889999999999	63	27	63	27
150	150	uniform	0	7	376	1	0.0001	0.3824449498641198	0.0879750629659782	0.0868260904517801	0.022175293292154	0.0028333733150467	0.0153802079524494	0.0	0.0155447826016478	22.76430724064711	OK	11	10	24.580571	20.574761	2.605425	21.922136	18.088846	0	2.6584350000000008	2.4859149999999985	2.605425	0.003686	0.00379	0.004548	2.464785999999999	2.284628	2.418521999999998	0.058087	0.0580019999999999	0.053419	0.001917	0.001977	0.001707	22.764307755388703	22.764307755388703	22.764307755388703	0.0013371534955648	0.0013371534955679	0.0013371534955648	1	1	1	Converged	Converged	Converged	OK	OK	OK	370	370	370	370	370	370	6	6	6	0	0	0	0	0	0	0	0	0	0	-1	Unattempted	0	0	0	0	0	0	0	-1	Unattempted	0	0	0	0	0	0	0	0	0	0	0	5	Complete	Complete	6	6	607	359	43	12	359	395	5	1	44	13	0	0	339	15	4	41	4.926526	16.514403999999992	0.4010179999999999	7.305543	5.176501999999997	5.510372	61	32	59	29
150	150	uniform	0	15	376	2	0.0001	0.3824449498641198	0.0879750629659782	0.0868260904517801	0.022175293292154	0.0028333733150467	0.0274603596674797	0.0	0.0034646308866175	22.351046981275715	OK	11	10	27.776635	23.399383	2.887186	24.877764	21.083282	0	2.898871	2.316101	2.887186	0.0034129999999999	0.003733	0.002532	2.7016479999999983	2.114348000000001	2.6979590000000004	0.060627	0.059837	0.0555629999999999	0.0018209999999999	0.001916	0.001757	22.351046276654213	22.35104627665421	22.351046276654213	0.0013276336614662	0.0013276336614735	0.0013276336614662	1	1	1	Converged	Converged	Converged	OK	OK	OK	370	370	370	370	370	370	6	6	6	0	0	0	0	0	0	0	0	0	0	-1	Unattempted	0	0	0	0	0	0	0	-1	Unattempted	0	0	0	0	0	0	0	0	0	0	0	5	Complete	Complete	6	6	637	415	39	5	369	443	5	10	43	5	0	0	378	20	3	65	4.479649	19.89929299999999	0.4134449999999999	6.806376	8.746522000000002	5.398286000000001	76	36	50	26
150	150	uniform	0	23	376	3	0.0001	0.3824449498641198	0.0879750629659782	0.0868260904517801	0.022175293292154	0.0028333733150467	0.03954051138251	0.0	-0.0086155208284127	21.68206469868909	OK	11	10	28.810987	24.756677	3.052575	25.745445	22.342368	0	3.0655420000000007	2.414309	3.052575	0.003271	0.004921	0.0026689999999999	2.8728799999999963	2.2159600000000013	2.8614819999999983	0.0574939999999999	0.0574219999999999	0.0566989999999999	0.001876	0.00196	0.0017399999999999	21.68206438115181	21.68206438115181	21.68206438115181	0.0013187273894154	0.0013187273894225	0.0013187273894154	1	1	1	Converged	Converged	Converged	OK	OK	OK	370	370	370	370	370	370	6	6	6	0	0	0	0	0	0	0	0	0	0	-1	Unattempted	0	0	0	0	0	0	0	-1	Unattempted	0	0	0	0	0	0	0	0	0	0	0	5	Complete	Complete	6	6	667	432	35	3	378	483	6	13	38	5	0	0	424	22	3	88	4.1305	19.408721000000018	2.124537	6.9625999999999975	9.835929	5.41749	74	39	63	28
20	20	linear	2	7	50	1	0.001	0.2768549433397675	0.1530427447738975	0.0018548886023307	2.44568053185931	-2.353727492197759	2.4455353666643447	0.5	-2.408788558599351	1.6561020356430896	TOPOLOGY_UNCERTAIN	0	0	36.593226	43.496039	0.0005	36.592855	37.794477	0	0.0003710000000012	5.701562000000003	0.0005	0.0	0.0063689999999999	0.0	0.0	5.624331999999998	0.0	0.0	0.009901	0.0	0.0	0.001537	0.0	0.0	1.6560961979656383	0.0	inf	0.0013447288070432	inf	0	1	0	TopologyUnresolved	Converged	TopologyUnresolved	GRADIENT_UNRELIABLE	OK	GRADIENT_UNRELIABLE	0	92	0	0	92	0	0	4	0	0	0	0	0	0	0	0	0	0	0	-1	Unattempted	0	0	0	0	0	0	0	-1	Unattempted	0	0	0	0	0	0	0	0	0	0	0	8	Complete	Complete	9	8	975	913	67	50	571	726	3	19	69	52	0	0	377	29	1	0	7.658222	28.046349	0.7998669999999999	13.185391	22.007940999999988	2.444961	0	0	37	37
20	20	linear	2	7	50	1	0.0001	0.2768549433397675	0.1530427447738975	0.0018548886023307	2.44568053185931	-2.353727492197759	2.4455353666643447	0.5	-2.408788558599351	1.6561020356430896	TOPOLOGY_UNCERTAIN	0	0	51.421409	46.392854	0.0005829999999999	51.420889	38.529503	0	0.0005199999999945	7.8633510000000015	0.0005829999999999	0.0	0.005745	0.0	0.0	7.759960000000004	0.0	0.0	0.013649	0.0	0.0	0.002482	0.0	0.0	1.656096195844627	0.0	inf	9.919867652012226e-07	inf	0	1	0	TopologyUnresolved	Converged	TopologyUnresolved	GRADIENT_UNRELIABLE	OK	GRADIENT_UNRELIABLE	0	124	0	0	124	0	0	4	0	0	0	0	0	0	0	0	0	0	0	-1	Unattempted	0	0	0	0	0	0	0	-1	Unattempted	0	0	0	0	0	0	0	0	0	0	0	8	Complete	Complete	9	8	975	913	67	50	571	726	3	19	69	52	0	0	377	29	1	0	11.113274	39.069684000000045	1.118952	13.436854999999992	22.538091000000005	2.405852	0	0	51	51
22	22	linear	2	15	55	2	0.001	0.7211739505326447	0.0118513545815478	0.0097053373616251	0.6090752282195295	0.2065004594910481	0.6096659878850198	0.5	-0.6012192054954537	2.598257702344207	TOPOLOGY_UNCERTAIN	0	0	21.659443	31.744239	0.000301	21.65882	25.592281	0	0.0006230000000009	6.1519580000000005	0.000301	0.0	0.0074539999999999	0.0	0.0	6.076464	0.0	0.0	0.010726	0.0	0.0	0.0015759999999999	0.0	0.0	2.598255594302992	0.0	inf	0.0003212477691517	inf	0	1	0	TopologyUnresolved	Converged	TopologyUnresolved	GRADIENT_UNRELIABLE	OK	GRADIENT_UNRELIABLE	0	77	0	0	77	0	0	3	0	0	0	0	0	0	0	0	0	0	0	-1	Unattempted	0	0	0	0	0	0	0	-1	Unattempted	0	0	0	0	0	0	0	0	0	0	0	6	Complete	Complete	7	6	510	533	30	14	296	493	4	34	34	16	0	0	382	17	1	17	3.5103500000000003	17.388282000000007	0.6958349999999999	9.128038999999998	14.209865000000008	2.167451	0	0	39	39
22	22	linear	2	15	55	2	0.0001	0.7211739505326447	0.0118513545815478	0.0097053373616251	0.6090752282195295	0.2065004594910481	0.6096659878850198	0.5	-0.6012192054954537	2.598257702344207	TOPOLOGY_UNCERTAIN	0	0	22.66225	32.01144	0.0002939999999999	22.661783	24.705927	0	0.0004670000000004	7.305513000000001	0.0002939999999999	0.0	0.004463	0.0	0.0	7.2372280000000035	0.0	0.0	0.009989	0.0	0.0	0.001211	0.0	0.0	2.5982555943490078	0.0	inf	8.344684476403007e-07	inf	0	1	0	TopologyUnresolved	Converged	TopologyUnresolved	GRADIENT_UNRELIABLE	OK	GRADIENT_UNRELIABLE	0	93	0	0	93	0	0	3	0	0	0	0	0	0	0	0	0	0	0	-1	Unattempted	0	0	0	0	0	0	0	-1	Unattempted	0	0	0	0	0	0	0	0	0	0	0	6	Complete	Complete	7	6	510	533	30	14	296	493	4	34	34	16	0	0	382	17	1	17	3.70647	18.176663999999995	0.710879	8.713245999999993	13.790322999999988	2.1225540000000005	0	0	49	49
85	85	uniform	3	7	214	1	0.001	1.1413567545568002	0.0478596355605716	0.0031461944421554	-0.3497392622138754	-0.1089694026267117	-0.3499854861267397	0.0	0.4021154818474573	2.294857549023839	TOPOLOGY_UNCERTAIN	0	0	17.312299	15.808098	0.000426	17.31046	14.027793	0	0.0018390000000003	1.7803049999999985	0.000426	0.0	0.002769	0.0	0.0	1.7321149999999998	0.0	0.0	0.006409	0.0	0.0	0.0009889999999999	0.0	0.0	2.294857532677239	0.0	inf	0.0010122065016866	inf	0	1	0	TopologyUnresolved	Converged	TopologyUnresolved	GRADIENT_UNRELIABLE	OK	GRADIENT_UNRELIABLE	0	61	0	0	61	0	0	3	0	0	0	0	0	0	0	0	0	0	0	-1	Unattempted	0	0	0	0	0	0	0	-1	Unattempted	0	0	0	0	0	0	0	0	0	0	0	6	Complete	Complete	7	6	496	304	24	8	278	289	8	8	26	8	0	0	237	14	2	1	2.8368610000000003	13.727364999999992	0.698123	5.680618000000003	4.247443000000001	4.037473	0	0	27	27
85	85	uniform	3	7	214	1	0.0001	1.1413567545568002	0.0478596355605716	0.0031461944421554	-0.3497392622138754	-0.1089694026267117	-0.3499854861267397	0.0	0.4021154818474573	2.294857549023839	TOPOLOGY_UNCERTAIN	0	0	17.14429	16.31171	0.000697	17.143351	13.964588	0	0.0009390000000024	2.3471220000000024	0.000697	0.0	0.006315	0.0	0.0	2.281153	0.0	0.0	0.0090189999999999	0.0	0.0	0.001857	0.0	0.0	2.2948575326877254	0.0	inf	0.0001138391134782	inf	0	1	0	TopologyUnresolved	Converged	TopologyUnresolved	GRADIENT_UNRELIABLE	OK	GRADIENT_UNRELIABLE	0	77	0	0	77	0	0	3	0	0	0	0	0	0	0	0	0	0	0	-1	Unattempted	0	0	0	0	0	0	0	-1	Unattempted	0	0	0	0	0	0	0	0	0	0	0	6	Complete	Complete	7	6	496	304	24	8	278	289	8	8	26	8	0	0	237	14	2	1	2.8128390000000003	13.603767999999992	0.679543	5.677895	4.224936000000001	3.993201	0	0	36	36
86	86	linear	2	7	215	1	0.001	1.29900361224098	0.001024358712285	0.162056000414712	0.1377831036636839	-0.0995910449530574	0.1251004601529673	0.5	-0.1237711761491289	7.971493676431038	TOPOLOGY_UNCERTAIN	0	0	45.695704	51.775754	0.0007129999999999	45.695018	48.477894	0	0.0006860000000017	3.29786	0.0007129999999999	0.0	0.0066109999999999	0.0	0.0	3.2123710000000023	0.0	0.0	0.0111369999999999	0.0	0.0	0.001905	0.0	0.0	7.971467805502487	0.0	inf	0.0069894595344305	inf	0	1	0	TopologyUnresolved	Converged	TopologyUnresolved	GRADIENT_UNRELIABLE	OK	GRADIENT_UNRELIABLE	0	113	0	0	113	0	0	7	0	0	0	0	0	0	0	0	0	0	0	-1	Unattempted	0	0	0	0	0	0	0	-1	Unattempted	0	0	0	0	0	0	0	0	0	0	0	6	Complete	Complete	7	6	1887	1216	43	38	1000	1150	8	23	46	39	0	0	716	106	1	152	4.922265	39.934678000000105	0.696243	16.683396000000002	24.03218900000002	7.558901	0	0	30	20
86	86	linear	2	7	215	1	0.0001	1.29900361224098	0.001024358712285	0.162056000414712	0.1377831036636839	-0.0995910449530574	0.1251004601529673	0.5	-0.1237711761491289	7.971493676431038	TOPOLOGY_UNCERTAIN	0	0	45.505107	52.867761	0.000315	45.5043	47.980284	0	0.0008070000000017	4.887477000000004	0.000315	0.0	0.006398	0.0	0.0	4.770841000000002	0.0	0.0	0.020659	0.0	0.0	0.00232	0.0	0.0	7.971467672970975	0.0	inf	0.0001887805931167	inf	0	1	0	TopologyUnresolved	Converged	TopologyUnresolved	GRADIENT_UNRELIABLE	OK	GRADIENT_UNRELIABLE	0	177	0	0	177	0	0	7	0	0	0	0	0	0	0	0	0	0	0	-1	Unattempted	0	0	0	0	0	0	0	-1	Unattempted	0	0	0	0	0	0	0	0	0	0	0	6	Complete	Complete	7	6	1887	1216	43	38	1000	1150	8	23	46	39	0	0	716	106	1	152	5.023559999999999	39.64351999999991	0.703023	16.44892700000001	23.948629999999994	7.381503999999999	0	0	52	30
100	100	uniform	1	15	251	2	0.001	1.6024372844104893	0.3506015586343449	0.0579897053615193	-0.7929216617383341	0.2552236309444181	-0.7893918535858938	0.0	1.2053672431716895	3.8129094787625895	TOPOLOGY_UNCERTAIN	0	0	23.93855	20.714002	0.000458	23.93748	20.713355	0	0.0010699999999985	0.0006470000000007	0.000458	0.0	0.0	0.0	0.0	0.0	0.0	0.0	0.0	0.0	0.0	0.0	0.0	0.0	0.0	0.0	inf	inf	inf	0	0	0	TopologyUnresolved	TopologyUnresolved	TopologyUnresolved	GRADIENT_UNRELIABLE	GRADIENT_UNRELIABLE	GRADIENT_UNRELIABLE	0	0	0	0	0	0	0	0	0	0	0	0	0	0	0	0	0	0	0	-1	Unattempted	0	0	0	0	0	0	0	-1	Unattempted	0	0	0	0	0	0	0	0	0	0	0	6	Complete	Complete	7	7	450	384	50	22	303	386	8	11	51	23	0	0	292	20	3	11	5.756922	17.458042000000013	0.685622	8.314771999999998	8.125899999999994	4.220860000000001	0	0	0	0
100	100	uniform	1	15	251	2	0.0001	1.6024372844104893	0.3506015586343449	0.0579897053615193	-0.7929216617383341	0.2552236309444181	-0.7893918535858938	0.0	1.2053672431716895	3.8129094787625895	TOPOLOGY_UNCERTAIN	0	0	23.697102	21.180865	0.0007349999999999	23.695842	21.179461	0	0.001260000000002	0.0014040000000008	0.0007349999999999	0.0	0.0	0.0	0.0	0.0	0.0	0.0	0.0	0.0	0.0	0.0	0.0	0.0	0.0	0.0	inf	inf	inf	0	0	0	TopologyUnresolved	TopologyUnresolved	TopologyUnresolved	GRADIENT_UNRELIABLE	GRADIENT_UNRELIABLE	GRADIENT_UNRELIABLE	0	0	0	0	0	0	0	0	0	0	0	0	0	0	0	0	0	0	0	-1	Unattempted	0	0	0	0	0	0	0	-1	Unattempted	0	0	0	0	0	0	0	0	0	0	0	6	Complete	Complete	7	7	450	384	50	22	303	386	8	11	51	23	0	0	292	20	3	11	5.781368	17.158420999999993	0.7193129999999999	8.344857000000003	8.496417999999998	4.27985	0	0	0	0
106	106	linear	2	7	265	1	0.001	0.21409504667813	0.0003388096432797	0.0690630081636442	0.0736563047717423	-0.0170511078794233	0.0682513736980658	0.5	-0.068178860799742	17.179665950978965	OK	15	14	61.870867	50.385094	4.013885	57.486895	47.90733	0	4.383972	2.4777640000000005	4.013885	0.007884	0.009239	0.00725	4.252263999999998	2.345572000000002	3.8962950000000016	0.0214489999999999	0.0196449999999999	0.018022	0.0027939999999999	0.0024979999999999	0.0021219999999999	17.179572980714653	17.179572980714656	17.179572980714653	0.0128183553067635	0.0128183553067796	0.0128183553067635	1	1	1	Converged	Converged	Converged	OK	OK	OK	198	198	198	198	198	198	10	10	10	0	0	0	0	0	0	0	0	0	0	-1	Unattempted	0	0	0	0	0	0	0	-1	Unattempted	0	0	0	0	0	0	0	0	0	0	0	9	Complete	Complete	10	10	1546	1024	58	52	852	961	7	12	63	54	0	0	546	74	2	140	7.349244	45.003991000000084	4.868251000000001	14.709661	25.18531700000004	7.776176	45	23	34	12
106	106	linear	2	7	265	1	0.0001	0.21409504667813	0.0003388096432797	0.0690630081636442	0.0736563047717423	-0.0170511078794233	0.0682513736980658	0.5	-0.068178860799742	17.179665950978965	OK	15	14	57.510325	51.146495	4.913742	52.595097	48.120231	0	4.915227999999999	3.0262640000000047	4.913742	0.007927	0.011423	0.00829	4.724601000000003	2.8124049999999965	4.720324999999997	0.0392279999999999	0.0415769999999999	0.039652	0.003365	0.004014	0.0031589999999999	17.17959819390298	17.17959819390298	17.17959819390298	0.0011563012625556	0.0011563012625705	0.0011563012625556	1	1	1	Converged	Converged	Converged	OK	OK	OK	334	334	334	334	334	334	10	10	10	0	0	0	0	0	0	0	0	0	0	-1	Unattempted	0	0	0	0	0	0	0	-1	Unattempted	0	0	0	0	0	0	0	0	0	0	0	9	Complete	Complete	10	10	1546	1024	58	52	852	961	7	12	63	54	0	0	546	74	2	140	6.883078	41.13255600000002	4.323579	14.932075999999997	25.149710999999975	7.778486	62	26	48	12
119	119	linear	0	15	297	2	0.001	1.4355098587504644	0.0036398325029417	0.1340750078869682	-0.6854217226108679	-0.0301021070280297	-0.6772606351742699	0.5	0.6824667014073555	2.067394082846836	OK	13	12	39.524233	44.028603	6.116928	33.350432	39.60055	0	6.1738010000000045	4.428052999999999	6.116928	0.008883	0.008779	0.0056979999999999	6.0690010000000045	4.331907	6.031948999999999	0.013132	0.013888	0.012233	0.002483	0.002553	0.002227	2.067387740576028	2.067387740576028	2.067387740576028	0.0017898134673553	0.0017898134673598	0.0017898134673553	1	1	1	Converged	Converged	Converged	OK	OK	OK	143	143	143	143	143	143	9	9	9	0	0	0	0	0	0	0	0	0	0	-1	Unattempted	0	0	0	0	0	0	0	-1	Unattempted	0	0	0	0	0	0	0	0	0	0	0	7	Complete	Complete	8	8	836	691	66	55	504	887	8	23	66	55	0	0	705	23	1	221	7.695666	25.003105000000005	0.553401	15.614642999999989	21.19477900000001	2.613837999999999	58	35	47	23
119	119	linear	0	15	297	2	0.0001	1.4355098587504644	0.0036398325029417	0.1340750078869682	-0.6854217226108679	-0.0301021070280297	-0.6772606351742699	0.5	0.6824667014073555	2.067394082846836	OK	13	12	40.912735	45.198441	7.498565	33.325363	39.381675	0	7.587371999999995	5.816766000000001	7.498565	0.0094859999999999	0.010115	0.004883	7.445994999999999	5.6790499999999975	7.371353000000002	0.023301	0.0213279999999999	0.0191999999999999	0.0033899999999999	0.00336	0.002913	2.067399876477648	2.067399876477648	2.067399876477648	0.0001803528736983	0.0001803528737028	0.0001803528736983	1	1	1	Converged	Converged	Converged	OK	OK	OK	215	215	215	215	215	215	9	9	9	0	0	0	0	0	0	0	0	0	0	-1	Unattempted	0	0	0	0	0	0	0	-1	Unattempted	0	0	0	0	0	0	0	0	0	0	0	7	Complete	Complete	8	8	836	691	66	55	504	887	8	23	66	55	0	0	705	23	1	221	7.702936999999997	24.968700000000013	0.555645	15.594892999999985	21.045657000000013	2.558765999999999	84	41	74	29
140	140	uniform	1	15	351	2	0.001	0.552905470757224	0.0015223241625082	0.0518019958547004	0.0311797319635725	-0.0121888256153175	0.0343328969286413	0.0	-0.0334924749655856	33.28208346059514	OK	11	10	42.904148	39.549353	1.537238	41.310445	38.189937	0	1.593702999999998	1.3594160000000033	1.537238	0.006914	0.006058	0.003016	1.520379000000001	1.2921729999999991	1.4833069999999993	0.0097479999999999	0.0090369999999999	0.006934	0.0022399999999999	0.001823	0.001273	33.28252337120631	33.2825233712063	33.28252337120631	0.0286245486794132	0.0286245486794277	0.0286245486794132	1	1	1	Converged	Converged	Converged	OK	OK	OK	113	113	113	113	113	113	7	7	7	0	0	0	0	0	0	0	0	0	0	-1	Unattempted	0	0	0	0	0	0	0	-1	Unattempted	0	0	0	0	0	0	0	0	0	0	0	5	Complete	Complete	6	6	1614	985	24	13	824	952	7	19	26	16	0	0	755	72	3	58	2.889662	36.11336999999994	2.1589750000000003	15.630224999999992	18.498955999999964	3.870435	32	22	30	18
140	140	uniform	1	23	351	3	0.001	0.552905470757224	0.0015223241625082	0.0518019958547004	0.0311797319635725	-0.0121888256153175	0.0415401311345126	0.0	-0.040699709171457	30.569067066289907	OK	11	10	45.98879	40.487728	1.501212	44.390835	39.189867	0	1.597954999999999	1.2978609999999977	1.501212	0.007241	0.005806	0.0042859999999999	1.5122809999999984	1.231498	1.4461299999999997	0.011455	0.0099909999999999	0.0064399999999999	0.002099	0.0017389999999999	0.001225	30.569481885540142	30.569481885540142	30.569481885540142	0.0283536468190752	0.0283536468190876	0.0283536468190752	1	1	1	Converged	Converged	Converged	OK	OK	OK	113	113	113	113	113	113	7	7	7	0	0	0	0	0	0	0	0	0	0	-1	Unattempted	0	0	0	0	0	0	0	-1	Unattempted	0	0	0	0	0	0	0	0	0	0	0	5	Complete	Complete	6	6	1825	1138	21	8	934	1096	7	22	23	8	0	0	858	96	4	80	2.427214	39.62278399999996	2.176238	16.881176	17.310355999999995	4.782011	29	21	27	17
140	140	uniform	1	15	351	2	0.0001	0.552905470757224	0.0015223241625082	0.0518019958547004	0.0311797319635725	-0.0121888256153175	0.0343328969286413	0.0	-0.0334924749655856	33.28208346059514	OK	11	10	43.85013	40.317639	2.599607	41.187866	37.9903	0	2.6622640000000004	2.327339000000002	2.599607	0.005649	0.004778	0.002983	2.539237	2.214197999999999	2.4961250000000015	0.0199189999999999	0.019011	0.0157419999999999	0.0024599999999999	0.0023889999999999	0.001835	33.282076625849584	33.282076625849584	33.282076625849584	0.0029093327457845	0.0029093327457989	0.0029093327457845	1	1	1	Converged	Converged	Converged	OK	OK	OK	225	225	225	225	225	225	7	7	7	0	0	0	0	0	0	0	0	0	0	-1	Unattempted	0	0	0	0	0	0	0	-1	Unattempted	0	0	0	0	0	0	0	0	0	0	0	5	Complete	Complete	6	6	1614	985	24	13	824	952	7	19	26	16	0	0	755	72	3	58	2.810285	36.08873400000003	2.1490080000000003	15.595120000000003	18.410753999999976	3.795056	68	36	66	31
140	140	uniform	1	23	351	3	0.0001	0.552905470757224	0.0015223241625082	0.0518019958547004	0.0311797319635725	-0.0121888256153175	0.0415401311345126	0.0	-0.040699709171457	30.569067066289907	OK	11	10	47.091904	41.785955	2.419419	44.621424	39.388495	0	2.470480000000002	2.3974600000000024	2.419419	0.0045729999999999	0.0055589999999999	0.003772	2.3584599999999982	2.2843969999999976	2.319123999999999	0.019421	0.019557	0.01602	0.002317	0.002589	0.002003	30.569057594596323	30.56905759459632	30.569057594596323	0.0029106797726039	0.0029106797726164	0.0029106797726039	1	1	1	Converged	Converged	Converged	OK	OK	OK	225	225	225	225	225	225	7	7	7	0	0	0	0	0	0	0	0	0	0	-1	Unattempted	0	0	0	0	0	0	0	-1	Unattempted	0	0	0	0	0	0	0	0	0	0	0	5	Complete	Complete	6	6	1825	1138	21	8	934	1096	7	22	23	8	0	0	858	96	4	80	2.423795	39.90862299999999	2.131847	16.976006	17.415570999999993	4.782395	59	33	63	32
157	157	linear	4	7	393	1	0.001	0.6790294249636195	0.000116486483463	0.1226878852689713	-0.2325348394147314	-0.0030274995866459	-0.2421365000009987	0.5	0.2422155885381351	4.358609910604294	OK	15	14	30.417106	33.846388	5.471588	24.973414	28.092463	0	5.443692000000001	5.753924999999999	5.471588	0.006517	0.007747	0.0054089999999999	5.342957000000003	5.640394999999998	5.371994000000002	0.0151269999999999	0.0175409999999999	0.013554	0.002023	0.002047	0.0027889999999999	4.358608159101074	4.358608159101074	4.358608159101074	0.0033403087817235	0.0033403087817236	0.0033403087817235	1	1	1	Converged	Converged	Converged	OK	OK	OK	159	159	159	159	159	159	9	9	9	0	0	0	0	0	0	0	0	0	0	-1	Unattempted	0	0	0	0	0	0	0	-1	Unattempted	0	0	0	0	0	0	0	0	0	0	0	9	Complete	Complete	10	10	586	355	32	25	342	434	6	17	33	26	0	0	322	21	2	112	3.7341699999999993	20.37998499999997	0.735078	7.24867	15.005399000000011	5.673533	65	33	59	35
157	157	linear	4	15	393	2	0.001	0.6790294249636195	0.000116486483463	0.1226878852689713	-0.2325348394147314	-0.0030274995866459	-0.2250668811809679	0.5	0.2251459697181043	4.701837911648662	OK	15	14	29.265512	35.526268	5.460189	23.867275	30.422009	0	5.398237000000002	5.1042590000000025	5.460189	0.006463	0.006747	0.0050379999999999	5.300563	5.007611	5.365432999999993	0.0165659999999999	0.0154319999999999	0.0138219999999999	0.00205	0.0019859999999999	0.001899	4.701822010885753	4.701822010885753	4.701822010885753	0.004017737879361	0.0040177378793626	0.004017737879361	1	1	1	Converged	Converged	Converged	OK	OK	OK	159	159	159	159	159	159	9	9	9	0	0	0	0	0	0	0	0	0	0	-1	Unattempted	0	0	0	0	0	0	0	-1	Unattempted	0	0	0	0	0	0	0	0	0	0	0	9	Complete	Complete	10	10	586	425	34	35	346	573	8	19	34	35	0	0	422	22	2	176	3.964499	19.04197099999999	0.7335510000000002	9.100250000000003	15.503602999999991	5.652645	57	33	53	30
157	157	linear	4	23	393	3	0.001	0.6790294249636195	0.000116486483463	0.1226878852689713	-0.2325348394147314	-0.0030274995866459	-0.2079972623609371	0.5	0.2080763508980735	5.11106771391397	OK	15	14	31.505488	37.814047	5.170702	26.302415	32.487714	0	5.203073	5.326333000000004	5.170702	0.0062989999999999	0.008651	0.005588	5.083749000000002	5.208537	5.059251999999998	0.0192039999999999	0.018657	0.016916	0.0021799999999999	0.002193	0.002037	5.1110902710503	5.1110902710503	5.1110902710503	0.0024426269543065	0.0024426269543086	0.0024426269543065	1	1	1	Converged	Converged	Converged	OK	OK	OK	190	190	190	190	190	190	10	10	10	0	0	0	0	0	0	0	0	0	0	-1	Unattempted	0	0	0	0	0	0	0	-1	Unattempted	0	0	0	0	0	0	0	0	0	0	0	9	Complete	Complete	10	10	643	497	33	28	373	707	8	28	35	28	0	0	559	24	1	255	3.912493	21.466053	0.742715	9.361105000000002	17.533144999999994	5.3941740000000005	59	31	58	32
157	157	linear	4	7	393	1	0.0001	0.6790294249636195	0.000116486483463	0.1226878852689713	-0.2325348394147314	-0.0030274995866459	-0.2421365000009987	0.5	0.2422155885381351	4.358609910604294	OK	15	14	31.775475	35.169056	6.698514	25.073205	27.78527	0	6.7022699999999995	7.383785999999997	6.698514	0.0061279999999999	0.0073969999999999	0.005818	6.542016000000002	7.219387999999995	6.522172	0.0343249999999999	0.034525	0.030801	0.002518	0.0025109999999999	0.0023599999999999	4.358611222765576	4.358611222765576	4.358611222765576	0.0003356100854348	0.0003356100854351	0.0003356100854348	1	1	1	Converged	Converged	Converged	OK	OK	OK	287	287	287	287	287	287	9	9	9	0	0	0	0	0	0	0	0	0	0	-1	Unattempted	0	0	0	0	0	0	0	-1	Unattempted	0	0	0	0	0	0	0	0	0	0	0	9	Complete	Complete	10	10	586	355	32	25	342	434	6	17	33	26	0	0	322	21	2	112	3.828335	20.404281000000008	0.7191339999999999	7.141718000000001	14.930348999999998	5.550083999999999	83	39	80	43
157	157	linear	4	15	393	2	0.0001	0.6790294249636195	0.000116486483463	0.1226878852689713	-0.2325348394147314	-0.0030274995866459	-0.2250668811809679	0.5	0.2251459697181043	4.701837911648662	OK	15	14	30.852623	36.725335	6.788108	23.999433	30.004353	0	6.8531900000000014	6.720982000000002	6.788108	0.005751	0.007378	0.005388	6.692866999999998	6.558569000000003	6.638398999999997	0.0331689999999999	0.035206	0.0302009999999999	0.0025409999999999	0.0025379999999999	0.002212	4.701838906845152	4.701838906845152	4.701838906845152	0.0003703537278665	0.0003703537278682	0.0003703537278665	1	1	1	Converged	Converged	Converged	OK	OK	OK	287	287	287	287	287	287	9	9	9	0	0	0	0	0	0	0	0	0	0	-1	Unattempted	0	0	0	0	0	0	0	-1	Unattempted	0	0	0	0	0	0	0	0	0	0	0	9	Complete	Complete	10	10	586	425	34	35	346	573	8	19	34	35	0	0	422	22	2	176	4.038342000000001	19.100375999999997	0.7427039999999999	9.046657999999997	15.171668999999993	5.622694	70	40	71	39
157	157	linear	4	23	393	3	0.0001	0.6790294249636195	0.000116486483463	0.1226878852689713	-0.2325348394147314	-0.0030274995866459	-0.2079972623609371	0.5	0.2080763508980735	5.11106771391397	OK	15	14	32.481995	39.461287	5.923037	26.518552	32.286959	0	5.963442999999998	7.174327999999996	5.923037	0.0059259999999999	0.006399	0.0054869999999999	5.805546000000001	7.008896999999999	5.764461999999996	0.032945	0.034994	0.0323519999999999	0.0026849999999999	0.0027019999999999	0.002505	5.111068257044876	5.111068257044876	5.111068257044876	0.0004131718737456	0.0004131718737477	0.0004131718737456	1	1	1	Converged	Converged	Converged	OK	OK	OK	294	294	294	294	294	294	10	10	10	0	0	0	0	0	0	0	0	0	0	-1	Unattempted	0	0	0	0	0	0	0	-1	Unattempted	0	0	0	0	0	0	0	0	0	0	0	9	Complete	Complete	10	10	643	497	33	28	373	707	8	28	35	28	0	0	559	24	1	255	3.954679	21.607102999999977	0.7734689999999999	9.286228	17.332730999999985	5.484437000000001	77	34	86	42
20	20	uniform	2	7	51	1	0.001	0.2768549433397675	0.1530427447738975	0.0018548886023307	2.44568053185931	-2.353727492197759	2.4455353666643447	0.0	-2.408788558599351	1.6921263074207795	TOPOLOGY_UNCERTAIN	0	0	36.824959	40.862794	0.000436	36.823717	38.39686	0	0.0012419999999977	2.4659340000000043	0.000436	0.0	0.0091459999999999	0.0	0.0	2.395894	0.0	0.0	0.010012	0.0	0.0	0.0018079999999999	0.0	0.0	1.6921259325633211	0.0	inf	0.000768815907567	inf	0	1	0	TopologyUnresolved	Converged	TopologyUnresolved	GRADIENT_UNRELIABLE	OK	GRADIENT_UNRELIABLE	0	92	0	0	92	0	0	4	0	0	0	0	0	0	0	0	0	0	0	-1	Unattempted	0	0	0	0	0	0	0	-1	Unattempted	0	0	0	0	0	0	0	0	0	0	0	8	Complete	Complete	9	8	975	913	67	50	571	726	3	19	69	52	0	0	377	29	1	0	7.621222000000005	28.266366000000023	0.8446909999999999	13.473223000000006	22.32047400000004	2.453605	0	0	37	37
20	20	uniform	2	7	51	1	0.0001	0.2768549433397675	0.1530427447738975	0.0018548886023307	2.44568053185931	-2.353727492197759	2.4455353666643447	0.0	-2.408788558599351	1.6921263074207795	TOPOLOGY_UNCERTAIN	0	0	37.487268	40.720627	0.000467	37.485776	37.93946	0	0.0014919999999989	2.7811670000000035	0.000467	0.0	0.0061669999999999	0.0	0.0	2.7083130000000013	0.0	0.0	0.010828	0.0	0.0	0.0019039999999999	0.0	0.0	1.692125931015649	0.0	inf	0.0001264914324152	inf	0	1	0	TopologyUnresolved	Converged	TopologyUnresolved	GRADIENT_UNRELIABLE	OK	GRADIENT_UNRELIABLE	0	108	0	0	108	0	0	4	0	0	0	0	0	0	0	0	0	0	0	-1	Unattempted	0	0	0	0	0	0	0	-1	Unattempted	0	0	0	0	0	0	0	0	0	0	0	8	Complete	Complete	9	8	975	913	67	50	571	726	3	19	69	52	0	0	377	29	1	0	7.962839	28.594348000000007	0.8380819999999999	13.232344999999995	22.14682900000006	2.414057	0	0	42	42
22	22	uniform	2	15	56	2	0.001	0.7211739505326447	0.0118513545815478	0.0097053373616251	0.6090752282195295	0.2065004594910481	0.6096659878850198	0.0	-0.6012192054954537	2.6104908191238025	TOPOLOGY_UNCERTAIN	0	0	21.859197	26.455314	0.0005289999999999	21.857549	24.660538	0	0.0016480000000029	1.7947760000000024	0.0005289999999999	0.0	0.0065779999999999	0.0	0.0	1.742838	0.0	0.0	0.0084639999999999	0.0	0.0	0.001867	0.0	0.0	2.610490731488998	0.0	inf	0.0016656272040647	inf	0	1	0	TopologyUnresolved	Converged	TopologyUnresolved	GRADIENT_UNRELIABLE	OK	GRADIENT_UNRELIABLE	0	61	0	0	61	0	0	3	0	0	0	0	0	0	0	0	0	0	0	-1	Unattempted	0	0	0	0	0	0	0	-1	Unattempted	0	0	0	0	0	0	0	0	0	0	0	6	Complete	Complete	7	6	510	533	30	14	296	493	4	34	34	16	0	0	382	17	1	17	3.605966	17.438172999999995	0.742946	8.657541000000004	13.774112999999977	2.138831	0	0	27	27
22	22	uniform	2	15	56	2	0.0001	0.7211739505326447	0.0118513545815478	0.0097053373616251	0.6090752282195295	0.2065004594910481	0.6096659878850198	0.0	-0.6012192054954537	2.6104908191238025	TOPOLOGY_UNCERTAIN	0	0	21.256704	27.314065	0.000683	21.255344	24.802609	0	0.0013599999999982	2.511455999999999	0.000683	0.0	0.008366	0.0	0.0	2.4494109999999987	0.0	0.0	0.01081	0.0	0.0	0.001748	0.0	0.0	2.610490731506112	0.0	inf	7.971974763206979e-05	inf	0	1	0	TopologyUnresolved	Converged	TopologyUnresolved	GRADIENT_UNRELIABLE	OK	GRADIENT_UNRELIABLE	0	77	0	0	77	0	0	3	0	0	0	0	0	0	0	0	0	0	0	-1	Unattempted	0	0	0	0	0	0	0	-1	Unattempted	0	0	0	0	0	0	0	0	0	0	0	6	Complete	Complete	7	6	510	533	30	14	296	493	4	34	34	16	0	0	382	17	1	17	3.481522	16.980476	0.7167419999999999	8.743754999999991	13.793133999999982	2.172527	0	0	39	39
75	75	linear	1	15	187	2	0.001	3.0046102476251835	0.0037341362234464	0.0630803820007727	-2.6181648497652055	-0.014242011190375	-2.614325174339072	0.5	2.625503058559698	1.9469368366129665	OK	11	10	52.778616	58.888297	6.646039	46.040509	54.23988	0	6.738107	4.648417000000002	6.646039	0.0082089999999999	0.0058929999999999	0.0038059999999999	6.661334	4.573745000000001	6.577249	0.013672	0.015276	0.011845	0.0020019999999999	0.0024229999999999	0.0017339999999999	1.9469338414589488	1.9469338414589492	1.9469338414589488	0.0012810359956494	0.0012810359956561	0.0012810359956494	1	1	1	Converged	Converged	Converged	OK	OK	OK	137	137	137	137	137	137	7	7	7	0	0	0	0	0	0	0	0	0	0	-1	Unattempted	0	0	0	0	0	0	0	-1	Unattempted	0	0	0	0	0	0	0	0	0	0	0	5	Complete	Complete	6	6	1202	1076	92	65	704	1216	3	24	94	67	0	0	917	53	0	249	10.269002000000002	34.96010299999999	0.7044959999999999	20.42334	30.645534	2.8905509999999994	51	37	37	23
75	75	linear	1	15	187	2	0.0001	3.0046102476251835	0.0037341362234464	0.0630803820007727	-2.6181648497652055	-0.014242011190375	-2.614325174339072	0.5	2.625503058559698	1.9469368366129665	OK	11	10	58.468799	62.434062	9.597017	48.718643	54.771742	0	9.750155999999999	7.662319999999994	9.597017	0.007778	0.006779	0.0057959999999999	9.601669000000006	7.524453000000003	9.467679999999996	0.0285589999999999	0.0301199999999999	0.027167	0.003612	0.0044579999999999	0.003058	1.9469390942551672	1.9469390942551676	1.9469390942551672	0.0001773058809549	0.0001773058809615	0.0001773058809549	1	1	1	Converged	Converged	Converged	OK	OK	OK	217	217	217	217	217	217	7	7	7	0	0	0	0	0	0	0	0	0	0	-1	Unattempted	0	0	0	0	0	0	0	-1	Unattempted	0	0	0	0	0	0	0	0	0	0	0	5	Complete	Complete	6	6	1202	1076	92	65	704	1216	3	24	94	67	0	0	917	53	0	249	10.994108	36.80229400000004	0.805976	20.71593399999999	30.815224	2.950112	70	54	56	40
86	86	uniform	2	7	216	1	0.001	1.29900361224098	0.001024358712285	0.162056000414712	0.1377831036636839	-0.0995910449530574	0.1251004601529673	0.0	-0.1237711761491289	8.244500455338182	TOPOLOGY_UNCERTAIN	0	0	45.186189	49.550832	0.00029	45.185413	48.078984	0	0.0007760000000018	1.4718480000000014	0.00029	0.0	0.008063	0.0	0.0	1.3948200000000002	0.0	0.0	0.011034	0.0	0.0	0.001899	0.0	0.0	8.244501395506001	0.0	inf	0.0029405033491529	inf	0	1	0	TopologyUnresolved	Converged	TopologyUnresolved	GRADIENT_UNRELIABLE	OK	GRADIENT_UNRELIABLE	0	113	0	0	113	0	0	7	0	0	0	0	0	0	0	0	0	0	0	-1	Unattempted	0	0	0	0	0	0	0	-1	Unattempted	0	0	0	0	0	0	0	0	0	0	0	6	Complete	Complete	7	6	1887	1216	43	38	1000	1150	8	23	46	39	0	0	716	106	1	152	4.865386999999999	39.500311000000025	0.6940480000000001	16.507989000000002	23.961701000000016	7.4123139999999985	0	0	30	20
86	86	uniform	2	7	216	1	0.0001	1.29900361224098	0.001024358712285	0.162056000414712	0.1377831036636839	-0.0995910449530574	0.1251004601529673	0.0	-0.1237711761491289	8.244500455338182	TOPOLOGY_UNCERTAIN	0	0	45.688542	50.063944	0.000255	45.687347	47.914654	0	0.0011949999999956	2.1492900000000006	0.000255	0.0	0.0068139999999999	0.0	0.0	2.037098	0.0	0.0	0.016918	0.0	0.0	0.002518	0.0	0.0	8.244501367248235	0.0	inf	0.0003097105155935	inf	0	1	0	TopologyUnresolved	Converged	TopologyUnresolved	GRADIENT_UNRELIABLE	OK	GRADIENT_UNRELIABLE	0	177	0	0	177	0	0	7	0	0	0	0	0	0	0	0	0	0	0	-1	Unattempted	0	0	0	0	0	0	0	-1	Unattempted	0	0	0	0	0	0	0	0	0	0	0	6	Complete	Complete	7	6	1887	1216	43	38	1000	1150	8	23	46	39	0	0	716	106	1	152	5.007319999999999	39.85494699999997	0.6966769999999998	16.544482000000002	23.776048000000017	7.407761	0	0	52	30
89	89	linear	1	0	222	0	0.001	1.275615921840497	0.0007469723337377	0.0088098583333743	-0.5320353245553296	-0.0052185046782276	-0.5337972962220046	0.5	0.5347494348029171	3.662835854432136	OK	13	12	44.791457	44.961993	7.899038	36.858268	37.010477	0	7.933188999999999	7.951515999999998	7.899038	0.013807	0.012014	0.011121	7.810120000000001	7.83571	7.777044000000004	0.017574	0.0175739999999999	0.0159509999999999	0.003355	0.002544	0.002796	3.662825747989314	3.662825747989314	3.662825747989314	0.0035211586306522	0.0035211586306522	0.0035211586306522	1	1	1	Converged	Converged	Converged	OK	OK	OK	137	137	137	137	137	137	7	7	7	0	0	0	0	0	0	0	0	0	0	-1	Unattempted	0	0	0	0	0	0	0	-1	Unattempted	0	0	0	0	0	0	0	0	0	0	0	7	Complete	Complete	8	8	1223	1223	55	55	691	691	4	4	55	55	0	0	0	0	0	0	6.492218000000001	29.581191	0.6200219999999999	6.437569999999998	29.801302000000018	0.60392	60	50	60	50
89	89	linear	1	7	222	1	0.001	1.275615921840497	0.0007469723337377	0.0088098583333743	-0.5320353245553296	-0.0052185046782276	-0.532724791729246	0.5	0.5336769303101585	3.697239552135685	OK	13	12	49.552234	46.306537	8.103618	41.398843	39.943697	0	8.153391	6.362839999999999	8.103618	0.012451	0.0099059999999999	0.0065519999999999	8.063073999999997	6.259576	8.021812	0.014852	0.01775	0.014389	0.0023919999999999	0.002895	0.0022749999999999	3.697239028367497	3.6972390283675	3.697239028367497	0.0036541292343769	0.0036541292344353	0.0036541292343769	1	1	1	Converged	Converged	Converged	OK	OK	OK	137	137	137	137	137	137	7	7	7	0	0	0	0	0	0	0	0	0	0	-1	Unattempted	0	0	0	0	0	0	0	-1	Unattempted	0	0	0	0	0	0	0	0	0	0	0	7	Complete	Complete	8	8	1233	804	69	42	717	862	4	16	71	42	0	0	662	35	2	83	8.015648	32.62138000000002	0.615424	16.345490000000016	19.85991100000001	3.487341	65	52	52	39
89	89	linear	1	0	222	0	0.0001	1.275615921840497	0.0007469723337377	0.0088098583333743	-0.5320353245553296	-0.0052185046782276	-0.5337972962220046	0.5	0.5347494348029171	3.662835854432136	OK	13	12	45.611962	45.744363	9.217285	36.403197	36.589609	0	9.208765	9.154753999999999	9.217285	0.009771	0.0115409999999999	0.0104119999999999	8.995592	8.960574000000006	8.998370999999993	0.0376649999999999	0.035528	0.0354599999999999	0.005126	0.0033729999999999	0.0033639999999999	3.662850066805112	3.662850066805112	3.662850066805112	0.0002314465865158	0.0002314465865158	0.0002314465865158	1	1	1	Converged	Converged	Converged	OK	OK	OK	281	281	281	281	281	281	7	7	7	0	0	0	0	0	0	0	0	0	0	-1	Unattempted	0	0	0	0	0	0	0	-1	Unattempted	0	0	0	0	0	0	0	0	0	0	0	7	Complete	Complete	8	8	1223	1223	55	55	691	691	4	4	55	55	0	0	0	0	0	0	6.378971000000004	29.263473000000015	0.605214	6.337132999999999	29.497729999999983	0.5958069999999999	77	55	77	55
89	89	linear	1	7	222	1	0.0001	1.275615921840497	0.0007469723337377	0.0088098583333743	-0.5320353245553296	-0.0052185046782276	-0.532724791729246	0.5	0.5336769303101585	3.697239552135685	OK	13	12	51.152821	47.726898	9.650137	41.373742	40.039584	0	9.779079000000005	7.687314	9.650137	0.009837	0.0106149999999999	0.009924	9.614902999999988	7.518339	9.493564999999997	0.0338129999999999	0.036525	0.0322039999999999	0.004523	0.0042309999999999	0.0037929999999999	3.697266064464303	3.6972660644643054	3.697266064464303	0.000247282759364	0.000247282759423	0.000247282759364	1	1	1	Converged	Converged	Converged	OK	OK	OK	281	281	281	281	281	281	7	7	7	0	0	0	0	0	0	0	0	0	0	-1	Unattempted	0	0	0	0	0	0	0	-1	Unattempted	0	0	0	0	0	0	0	0	0	0	0	7	Complete	Complete	8	8	1233	804	69	42	717	862	4	16	71	42	0	0	662	35	2	83	7.910342999999998	32.71883500000002	0.5992819999999999	16.37401699999998	19.952209	3.4520100000000014	87	59	73	45
106	106	uniform	2	7	266	1	0.001	0.21409504667813	0.0003388096432797	0.0690630081636442	0.0736563047717423	-0.0170511078794233	0.0682513736980658	0.0	-0.068178860799742	17.599602176027016	OK	15	14	53.10796	54.490205	1.517733	51.572371	53.352929	0	1.5355890000000016	1.137276	1.517733	0.006875	0.0092169999999999	0.006569	1.4426330000000005	1.0416099999999997	1.4264539999999994	0.016225	0.0166679999999999	0.014189	0.002227	0.0021459999999999	0.001896	17.599556802924464	17.599556802924468	17.599556802924464	0.0143973569297076	0.0143973569297243	0.0143973569297076	1	1	1	Converged	Converged	Converged	OK	OK	OK	182	182	182	182	182	182	10	10	10	0	0	0	0	0	0	0	0	0	0	-1	Unattempted	0	0	0	0	0	0	0	-1	Unattempted	0	0	0	0	0	0	0	0	0	0	0	9	Complete	Complete	10	10	1546	1024	58	52	852	961	7	12	63	54	0	0	546	74	2	140	6.615986	40.60877300000005	4.114324999999999	16.646139	28.281383000000027	8.164792999999998	36	18	29	11
106	106	uniform	2	7	266	1	0.0001	0.21409504667813	0.0003388096432797	0.0690630081636442	0.0736563047717423	-0.0170511078794233	0.0682513736980658	0.0	-0.068178860799742	17.599602176027016	OK	15	14	54.435304	49.724309	2.638033	51.838425	47.912393	0	2.5968790000000013	1.8119159999999963	2.638033	0.008222	0.0093399999999999	0.0064539999999999	2.3379399999999975	1.5383050000000011	2.3605829999999988	0.0697609999999999	0.0671619999999999	0.065735	0.0033769999999999	0.00336	0.003614	17.59960100832089	17.599601008320892	17.59960100832089	0.0012352772692741	0.0012352772692846	0.0012352772692741	1	1	1	Converged	Converged	Converged	OK	OK	OK	446	446	446	446	446	446	10	10	10	0	0	0	0	0	0	0	0	0	0	-1	Unattempted	0	0	0	0	0	0	0	-1	Unattempted	0	0	0	0	0	0	0	0	0	0	0	9	Complete	Complete	10	10	1546	1024	58	52	852	961	7	12	63	54	0	0	546	74	2	140	6.619937999999998	40.80311800000003	4.176968	14.842333000000004	25.213589999999975	7.622516999999998	59	26	45	12
119	119	uniform	0	15	298	2	0.001	1.4355098587504644	0.0036398325029417	0.1340750078869682	-0.6854217226108679	-0.0301021070280297	-0.6772606351742699	0.0	0.6824667014073555	2.0413354931574124	OK	13	12	35.313927	41.467475	2.315862	32.949997	39.496811	0	2.3639299999999963	1.9706639999999995	2.315862	0.006726	0.0093089999999999	0.0055469999999999	2.27849	1.890578	2.2444990000000007	0.012524	0.0108439999999999	0.00977	0.002593	0.002372	0.0020579999999999	2.041327423656479	2.0413274236564787	2.041327423656479	0.001433507170911	0.0014335071709146	0.001433507170911	1	1	1	Converged	Converged	Converged	OK	OK	OK	135	135	135	135	135	135	9	9	9	0	0	0	0	0	0	0	0	0	0	-1	Unattempted	0	0	0	0	0	0	0	-1	Unattempted	0	0	0	0	0	0	0	0	0	0	0	7	Complete	Complete	8	8	836	691	66	55	504	887	8	23	66	55	0	0	705	23	1	221	7.419841	24.88610000000001	0.548275	15.695717000000004	21.061516000000005	2.557475	48	23	43	17
119	119	uniform	0	15	298	2	0.0001	1.4355098587504644	0.0036398325029417	0.1340750078869682	-0.6854217226108679	-0.0301021070280297	-0.6772606351742699	0.0	0.6824667014073555	2.0413354931574124	OK	13	12	37.000087	42.645972	3.620159	33.452448	39.74898	0	3.547639000000004	2.8969919999999973	3.620159	0.0069069999999999	0.011582	0.0077559999999999	3.4380049999999978	2.7736630000000018	3.5000059999999986	0.018571	0.02007	0.019528	0.003017	0.003432	0.0033679999999999	2.041334009738081	2.041334009738081	2.041334009738081	0.000134577690963	0.0001345776909664	0.000134577690963	1	1	1	Converged	Converged	Converged	OK	OK	OK	215	215	215	215	215	215	9	9	9	0	0	0	0	0	0	0	0	0	0	-1	Unattempted	0	0	0	0	0	0	0	-1	Unattempted	0	0	0	0	0	0	0	0	0	0	0	7	Complete	Complete	8	8	836	691	66	55	504	887	8	23	66	55	0	0	705	23	1	221	7.556725	25.194536000000003	0.6029659999999998	15.605918999999988	21.318594	2.624226	76	35	66	23
157	157	uniform	4	7	394	1	0.001	0.6790294249636195	0.000116486483463	0.1226878852689713	-0.2325348394147314	-0.0030274995866459	-0.2421365000009987	0.0	0.2422155885381351	4.3712766928466085	OK	15	14	27.728664	30.874775	2.654554	24.983087	27.781601	0	2.7455769999999973	3.0931740000000008	2.654554	0.011299	0.007766	0.0082719999999999	2.613070999999997	2.9726060000000003	2.5459200000000006	0.022724	0.0213689999999999	0.016891	0.0030219999999999	0.0027399999999999	0.002033	4.371278078875744	4.371278078875744	4.371278078875744	0.0025541522480501	0.0025541522480505	0.0025541522480501	1	1	1	Converged	Converged	Converged	OK	OK	OK	207	207	207	207	207	207	9	9	9	0	0	0	0	0	0	0	0	0	0	-1	Unattempted	0	0	0	0	0	0	0	-1	Unattempted	0	0	0	0	0	0	0	0	0	0	0	9	Complete	Complete	10	10	586	355	32	25	342	434	6	17	33	26	0	0	322	21	2	112	3.701085	20.377874	0.7659710000000001	7.228512999999999	14.89045000000001	5.500251999999999	76	36	78	42
157	157	uniform	4	15	394	2	0.001	0.6790294249636195	0.000116486483463	0.1226878852689713	-0.2325348394147314	-0.0030274995866459	-0.2250668811809679	0.0	0.2251459697181043	4.71804363921594	OK	15	14	26.835365	33.05282	2.6857	24.054011	30.192117	0	2.7813540000000003	2.8607029999999973	2.6857	0.0097979999999999	0.01494	0.005315	2.6654150000000016	2.7375439999999984	2.5889380000000006	0.0223319999999999	0.02116	0.016888	0.0025569999999999	0.0031519999999999	0.002161	4.718042884956399	4.7180428849564	4.718042884956399	0.0026945010431693	0.0026945010431707	0.0026945010431693	1	1	1	Converged	Converged	Converged	OK	OK	OK	207	207	207	207	207	207	9	9	9	0	0	0	0	0	0	0	0	0	0	-1	Unattempted	0	0	0	0	0	0	0	-1	Unattempted	0	0	0	0	0	0	0	0	0	0	0	9	Complete	Complete	10	10	586	425	34	35	346	573	8	19	34	35	0	0	422	22	2	176	3.967361	19.171976000000004	0.7872879999999998	9.06586	15.257687999999993	5.684402000000001	63	37	67	38
157	157	uniform	4	23	394	3	0.001	0.6790294249636195	0.000116486483463	0.1226878852689713	-0.2325348394147314	-0.0030274995866459	-0.2079972623609371	0.0	0.2080763508980735	5.1323667847118974	OK	15	14	28.967727	34.696153	2.111202	26.77277	32.32692	0	2.1949569999999987	2.3692330000000013	2.111202	0.015159	0.014741	0.005976	2.079556	2.260359999999999	2.024360999999999	0.019837	0.019411	0.0144269999999999	0.00258	0.0031199999999999	0.0018839999999999	5.132409613485256	5.132409613485257	5.132409613485256	0.0050918591388015	0.0050918591388032	0.0050918591388015	1	1	1	Converged	Converged	Converged	OK	OK	OK	174	174	174	174	174	174	10	10	10	0	0	0	0	0	0	0	0	0	0	-1	Unattempted	0	0	0	0	0	0	0	-1	Unattempted	0	0	0	0	0	0	0	0	0	0	0	9	Complete	Complete	10	10	643	497	33	28	373	707	8	28	35	28	0	0	559	24	1	255	3.839335	21.977719999999987	0.7653419999999999	9.295181999999999	17.374594999999985	5.449314000000001	52	28	54	31
157	157	uniform	4	7	394	1	0.0001	0.6790294249636195	0.000116486483463	0.1226878852689713	-0.2325348394147314	-0.0030274995866459	-0.2421365000009987	0.0	0.2422155885381351	4.3712766928466085	OK	15	14	29.333842	32.351198	3.875955	25.332312	27.912539	0	4.001529999999999	4.438658999999998	3.875955	0.016805	0.017021	0.005061	3.7983529999999974	4.226701000000001	3.699599000000001	0.044365	0.046227	0.0371319999999999	0.0040049999999999	0.004	0.0025239999999999	4.371277152943394	4.371277152943394	4.371277152943394	0.0001711470629666	0.0001711470629668	0.0001711470629666	1	1	1	Converged	Converged	Converged	OK	OK	OK	351	351	351	351	351	351	9	9	9	0	0	0	0	0	0	0	0	0	0	-1	Unattempted	0	0	0	0	0	0	0	-1	Unattempted	0	0	0	0	0	0	0	0	0	0	0	9	Complete	Complete	10	10	586	355	32	25	342	434	6	17	33	26	0	0	322	21	2	112	3.740916	20.638717	0.8036079999999999	7.1982009999999965	14.907234999999988	5.624000999999999	119	51	120	58
157	157	uniform	4	15	394	2	0.0001	0.6790294249636195	0.000116486483463	0.1226878852689713	-0.2325348394147314	-0.0030274995866459	-0.2250668811809679	0.0	0.2251459697181043	4.71804363921594	OK	15	14	28.123627	34.57093	4.066817	24.010568	30.295685	0	4.113059	4.275244999999998	4.066817	0.0066769999999999	0.014057	0.0048459999999999	3.930327000000001	4.070680000000001	3.8913890000000046	0.044855	0.04544	0.040793	0.0029219999999999	0.003408	0.0025739999999999	4.718043869011248	4.718043869011248	4.718043869011248	0.0002125468827624	0.0002125468827638	0.0002125468827624	1	1	1	Converged	Converged	Converged	OK	OK	OK	351	351	351	351	351	351	9	9	9	0	0	0	0	0	0	0	0	0	0	-1	Unattempted	0	0	0	0	0	0	0	-1	Unattempted	0	0	0	0	0	0	0	0	0	0	0	9	Complete	Complete	10	10	586	425	34	35	346	573	8	19	34	35	0	0	422	22	2	176	3.988743999999999	19.102136999999995	0.790103	9.066501	15.369151000000006	5.686136	96	54	107	56
157	157	uniform	4	23	394	3	0.0001	0.6790294249636195	0.000116486483463	0.1226878852689713	-0.2325348394147314	-0.0030274995866459	-0.2079972623609371	0.0	0.2080763508980735	5.1323667847118974	OK	15	14	30.073004	36.950121	3.221045	26.659443	32.314915	0	3.4135610000000014	4.635206000000004	3.221045	0.017527	0.010475	0.00511	3.192698000000002	4.434521000000003	3.0293489999999985	0.046321	0.0446929999999999	0.039194	0.004146	0.0033589999999999	0.0026649999999999	5.132366587420026	5.132366587420026	5.132366587420026	0.000257870559534	0.000257870559536	0.000257870559534	1	1	1	Converged	Converged	Converged	OK	OK	OK	358	358	358	358	358	358	10	10	10	0	0	0	0	0	0	0	0	0	0	-1	Unattempted	0	0	0	0	0	0	0	-1	Unattempted	0	0	0	0	0	0	0	0	0	0	0	9	Complete	Complete	10	10	643	497	33	28	373	707	8	28	35	28	0	0	559	24	1	255	3.9582219999999992	21.745119999999982	0.75897	9.277415000000003	17.37711999999999	5.463587	108	40	134	62
