mode,name,u,epoch,nr,gm_ms,v2_ms,gm_status,v2_status,mu_error,jac_error,topology_ms,seed_ms,connection_ms,transport_ms,arc_ms,reseed_ms,seeds,nodes,transported,connection_attempts,connection_failed,steps,rejected
cold,plan15,0.0,0,64,1.120856,0.812855,0,0,8.855962e-16,0.000000e+00,0.638962,0.000000,0.000000,0.000000,0.461388,0,0,0,0,0,0,0,0
cold,plan15,0.0,1,64,0.832263,0.769569,0,0,1.265128e-16,0.000000e+00,0.494556,0.000000,0.000000,0.000000,0.323996,0,0,0,0,0,0,0,0
warm_init,plan15,0.0,0,64,0.836702,0.786972,0,0,8.855962e-16,0.000000e+00,0.483498,0.000000,0.000000,0.000000,0.339682,0,0,0,0,0,0,0,0
warm,plan15,0.0,1,64,0.735531,0.670500,0,0,1.265128e-16,0.000000e+00,0.362917,0.000000,0.000000,0.000000,0.359004,0,0,0,0,0,0,0,0
cold,plan15,0.5,0,64,556.163215,1.453638,0,0,5.488001e-15,0.000000e+00,0.488681,0.619659,540.311470,14.146195,0.358645,0,9,576,576,974,0,974,308
cold,plan15,0.5,1,64,556.003705,1.439350,0,0,3.741681e-15,0.000000e+00,0.494748,0.618061,540.134506,14.199199,0.321419,0,9,576,576,974,0,974,308
warm_init,plan15,0.5,0,64,556.080658,1.444828,0,0,5.488001e-15,0.000000e+00,0.492332,0.609961,540.157713,14.242173,0.343163,0,9,576,576,974,0,974,308
warm,plan15,0.5,1,64,556.057718,1.331709,0,0,3.741681e-15,0.000000e+00,0.371351,0.618827,540.343095,14.150617,0.336730,0,9,576,576,974,0,974,308
cold,resonant,0.0,0,64,2.960519,1.405219,0,0,1.085255e-15,0.000000e+00,0.735694,0.000000,0.000000,0.000000,2.209669,0,0,0,0,0,0,0,0
cold,resonant,0.0,1,64,3.002839,1.287619,0,0,8.437219e-16,0.000000e+00,0.649501,0.000000,0.000000,0.000000,2.337946,0,0,0,0,0,0,0,0
warm_init,resonant,0.0,0,64,2.958740,1.385780,0,0,1.085255e-15,0.000000e+00,0.716306,0.000000,0.000000,0.000000,2.227116,0,0,0,0,0,0,0,0
warm,resonant,0.0,1,64,2.844701,1.177612,0,0,8.437219e-16,0.000000e+00,0.512513,0.000000,0.000000,0.000000,2.317170,0,0,0,0,0,0,0,0
cold,resonant,0.5,0,64,1252.316402,2.138355,0,0,3.033842e-09,0.000000e+00,0.709907,0.680603,1179.228037,69.059986,2.230152,0,10,640,640,2126,0,2126,4200
cold,resonant,0.5,1,64,1273.166401,2.037390,0,0,3.469266e-09,0.000000e+00,0.641837,0.683222,1198.205627,70.905835,2.314126,0,10,640,640,2160,0,2160,4343
warm_init,resonant,0.5,0,64,1252.620859,2.140109,0,0,3.033842e-09,0.000000e+00,0.727008,0.678851,1179.463988,69.102204,2.220455,0,10,640,640,2126,0,2126,4200
warm,resonant,0.5,1,64,1273.084934,1.948927,0,0,3.469266e-09,0.000000e+00,0.539093,0.680472,1198.175474,70.910018,2.347914,0,10,640,640,2160,0,2160,4343
cold,close-binary,0.0,0,64,2.171201,1.095829,0,0,1.166863e-15,0.000000e+00,0.895188,0.000000,0.000000,0.000000,1.262310,0,0,0,0,0,0,0,0
cold,close-binary,0.0,1,64,1.891975,1.069258,0,0,3.891023e-16,0.000000e+00,0.784792,0.000000,0.000000,0.000000,1.093552,0,0,0,0,0,0,0,0
warm_init,close-binary,0.0,0,64,2.140508,1.095081,0,0,1.166863e-15,0.000000e+00,0.871235,0.000000,0.000000,0.000000,1.255726,0,0,0,0,0,0,0,0
warm,close-binary,0.0,1,64,1.742151,0.985424,0,0,3.891023e-16,0.000000e+00,0.604799,0.000000,0.000000,0.000000,1.123734,0,0,0,0,0,0,0,0
cold,close-binary,0.5,0,64,990.141676,1.763122,0,0,1.454014e-08,0.000000e+00,0.866953,0.619842,936.648885,50.403467,1.257554,0,9,576,576,1689,0,1689,2926
cold,close-binary,0.5,1,64,989.747366,1.746134,0,0,1.473210e-08,0.000000e+00,0.792282,0.615714,936.465403,50.413751,1.107802,0,9,576,576,1689,0,1689,2926
warm_init,close-binary,0.5,0,64,990.202876,1.753867,0,0,1.454014e-08,0.000000e+00,0.887557,0.610350,936.707394,50.394973,1.266839,0,9,576,576,1689,0,1689,2926
warm,close-binary,0.5,1,64,990.024258,1.630508,0,0,1.473210e-08,0.000000e+00,0.594108,0.609799,936.994097,50.352839,1.127874,0,9,576,576,1689,0,1689,2926
cold,wide-planet,0.0,0,64,0.982943,0.780544,0,0,1.028370e-16,0.000000e+00,0.763850,0.000000,0.000000,0.000000,0.214849,0,0,0,0,0,0,0,0
cold,wide-planet,0.0,1,64,0.962451,0.776287,0,0,5.141871e-16,0.000000e+00,0.745851,0.000000,0.000000,0.000000,0.212523,0,0,0,0,0,0,0,0
warm_init,wide-planet,0.0,0,64,0.943284,0.760966,0,0,1.028370e-16,0.000000e+00,0.725838,0.000000,0.000000,0.000000,0.213415,0,0,0,0,0,0,0,0
warm,wide-planet,0.0,1,64,0.864314,0.675398,0,0,5.141871e-16,0.000000e+00,0.636028,0.000000,0.000000,0.000000,0.224292,0,0,0,0,0,0,0,0
cold,wide-planet,0.5,0,64,93.899352,0.900773,0,0,0.000000e+00,0.000000e+00,0.724493,0.142257,90.946971,1.823841,0.213571,0,2,128,128,164,0,164,0
cold,wide-planet,0.5,1,64,93.942769,0.899213,0,0,4.113503e-16,0.000000e+00,0.737829,0.135617,90.996338,1.812646,0.212381,0,2,128,128,164,0,164,0
warm_init,wide-planet,0.5,0,64,93.913870,0.893873,0,0,0.000000e+00,0.000000e+00,0.724445,0.135775,90.946112,1.835905,0.223481,0,2,128,128,164,0,164,0
warm,wide-planet,0.5,1,64,93.832588,0.796881,0,0,4.113503e-16,0.000000e+00,0.619273,0.135387,90.983086,1.822868,0.224067,0,2,128,128,164,0,164,0
cold,cusp-approach,0.0,0,64,0.928680,0.587099,0,0,1.776110e-16,0.000000e+00,0.727628,0.000000,0.000000,0.000000,0.193744,0,0,0,0,0,0,0,0
cold,cusp-approach,0.0,1,64,0.657635,0.576034,0,0,0.000000e+00,0.000000e+00,0.476184,0.000000,0.000000,0.000000,0.174224,0,0,0,0,0,0,0,0
warm_init,cusp-approach,0.0,0,64,0.902467,0.562707,0,0,1.776110e-16,0.000000e+00,0.702801,0.000000,0.000000,0.000000,0.192497,0,0,0,0,0,0,0,0
warm,cusp-approach,0.0,1,64,1.329205,0.613160,0,0,0.000000e+00,0.000000e+00,0.356913,0.000000,0.000000,0.000000,0.965066,0,0,0,0,0,0,0,0
cold,cusp-approach,0.5,0,64,233.381340,0.932404,0,0,0.000000e+00,0.000000e+00,0.707322,0.338717,227.450837,4.573641,0.193704,0,5,320,320,410,0,410,0
cold,cusp-approach,0.5,1,64,233.107453,0.929305,0,0,2.664269e-16,0.000000e+00,0.465465,0.338660,227.431317,4.579513,0.175132,0,5,320,320,410,0,410,0
warm_init,cusp-approach,0.5,0,64,233.308058,0.941245,0,0,0.000000e+00,0.000000e+00,0.697972,0.357942,227.383236,4.555070,0.195218,0,5,320,320,410,0,410,0
warm,cusp-approach,0.5,1,64,233.757238,0.984730,0,0,2.664269e-16,0.000000e+00,0.353739,0.338361,227.415178,4.561184,0.965425,0,5,320,320,410,0,410,0
cold,on-axis-off,0.0,0,64,1.320952,1.131472,0,0,7.359846e-16,0.000000e+00,1.001549,0.000000,0.000000,0.000000,0.310603,0,0,0,0,0,0,0,0
cold,on-axis-off,0.0,1,64,1.693615,1.178394,4,8,5.519819e-16,0.000000e+00,1.231978,0.000000,0.000000,0.000000,0.451270,0,0,0,0,0,0,0,0
warm_init,on-axis-off,0.0,0,64,1.306335,1.125400,0,0,7.359846e-16,0.000000e+00,0.988515,0.000000,0.000000,0.000000,0.309083,0,0,0,0,0,0,0,0
warm,on-axis-off,0.0,1,64,2.052729,1.410681,4,8,5.519819e-16,0.000000e+00,1.003558,0.000000,0.000000,0.000000,1.038721,0,0,0,0,0,0,0,0
cold,on-axis-off,0.5,0,64,326.449115,1.609079,0,0,4.141294e-15,0.000000e+00,0.987350,0.478528,318.118625,6.390713,0.311156,0,7,448,448,574,0,574,0
cold,on-axis-off,0.5,1,64,373.476200,1.739989,4,8,3.773134e-15,0.000000e+00,1.209863,0.549591,363.793610,7.289025,0.447819,0,8,512,512,656,0,656,0
warm_init,on-axis-off,0.5,0,64,326.502012,1.604196,0,0,4.141294e-15,0.000000e+00,0.994247,0.474224,318.168141,6.387506,0.313668,0,7,448,448,574,0,574,0
warm,on-axis-off,0.5,1,64,373.960824,1.922865,4,8,3.773134e-15,0.000000e+00,1.013898,0.541957,363.868864,7.320374,1.029196,0,8,512,512,656,0,656,0
cold,R=sqrt(m0),0.0,0,64,0.666422,0.574260,0,0,9.298880e-16,0.000000e+00,0.488029,0.000000,0.000000,0.000000,0.171156,0,0,0,0,0,0,0,0
cold,R=sqrt(m0),0.0,1,64,0.617537,0.570322,0,0,1.766791e-15,0.000000e+00,0.450020,0.000000,0.000000,0.000000,0.160223,0,0,0,0,0,0,0,0
warm_init,R=sqrt(m0),0.0,0,64,0.645972,0.566516,0,0,9.298880e-16,0.000000e+00,0.467551,0.000000,0.000000,0.000000,0.171287,0,0,0,0,0,0,0,0
warm,R=sqrt(m0),0.0,1,64,0.654213,0.539455,0,0,1.766791e-15,0.000000e+00,0.322599,0.000000,0.000000,0.000000,0.324355,0,0,0,0,0,0,0,0
cold,R=sqrt(m0),0.5,0,64,186.589420,0.854776,0,0,1.208866e-15,0.000000e+00,0.470416,0.271411,181.931824,3.648430,0.170919,0,4,256,256,328,0,328,0
cold,R=sqrt(m0),0.5,1,64,186.567327,0.841385,0,0,1.301858e-15,0.000000e+00,0.436710,0.271503,181.955804,3.647605,0.159714,0,4,256,256,328,0,328,0
warm_init,R=sqrt(m0),0.5,0,64,186.643422,0.834708,0,0,1.208866e-15,0.000000e+00,0.461835,0.278143,181.985525,3.645267,0.176516,0,4,256,256,328,0,328,0
warm,R=sqrt(m0),0.5,1,64,186.732555,0.827467,0,0,1.301858e-15,0.000000e+00,0.330136,0.271383,182.073223,3.644722,0.315992,0,4,256,256,328,0,328,0
cold,tiny-rho,0.0,0,64,1.523183,1.069677,0,0,3.275728e-15,0.000000e+00,1.318750,0.000000,0.000000,0.000000,0.197116,0,0,0,0,0,0,0,0
cold,tiny-rho,0.0,1,64,1.347284,1.084234,0,0,1.310380e-14,0.000000e+00,1.149820,0.000000,0.000000,0.000000,0.190252,0,0,0,0,0,0,0,0
warm_init,tiny-rho,0.0,0,64,1.491460,1.058400,0,0,3.275728e-15,0.000000e+00,1.297969,0.000000,0.000000,0.000000,0.186316,0,0,0,0,0,0,0,0
warm,tiny-rho,0.0,1,64,1.159678,0.972940,0,0,1.310380e-14,0.000000e+00,0.803659,0.000000,0.000000,0.000000,0.348825,0,0,0,0,0,0,0,0
cold,tiny-rho,0.5,0,64,187.702766,1.376223,0,0,6.189837e-15,0.000000e+00,1.293173,0.271153,182.201138,3.660199,0.181302,0,4,256,256,328,0,328,0
cold,tiny-rho,0.5,1,64,187.508844,1.396066,0,0,1.159763e-13,0.000000e+00,1.147345,0.271431,182.136441,3.666969,0.191116,0,4,256,256,328,0,328,0
warm_init,tiny-rho,0.5,0,64,187.614452,1.377004,0,0,6.189837e-15,0.000000e+00,1.303246,0.271349,182.129390,3.629247,0.185371,0,4,256,256,328,0,328,0
warm,tiny-rho,0.5,1,64,187.145739,1.279640,0,0,1.159763e-13,0.000000e+00,0.809983,0.270916,181.962943,3.669184,0.331686,0,4,256,256,328,0,328,0
cold,caustic-cross,0.0,0,64,1.551790,1.090594,0,0,2.695765e-15,0.000000e+00,1.054370,0.000000,0.000000,0.000000,0.488574,0,0,0,0,0,0,0,0
cold,caustic-cross,0.0,1,64,1.384715,0.982370,0,0,1.186045e-15,0.000000e+00,0.828310,0.000000,0.000000,0.000000,0.544554,0,0,0,0,0,0,0,0
warm_init,caustic-cross,0.0,0,64,1.542511,1.083107,0,0,2.695765e-15,0.000000e+00,1.044132,0.000000,0.000000,0.000000,0.489550,0,0,0,0,0,0,0,0
warm,caustic-cross,0.0,1,64,10.177857,9.661305,0,0,1.186045e-15,0.000000e+00,9.420297,0.000000,0.000000,0.000000,0.745363,0,0,0,0,0,0,0,0
cold,caustic-cross,0.5,0,64,847.240610,1.535970,0,0,1.909523e-08,0.000000e+00,1.073065,0.408025,797.567466,47.445142,0.484789,0,6,384,384,1438,0,1438,2924
cold,caustic-cross,0.5,1,64,940.119288,1.567633,0,0,1.907330e-08,0.000000e+00,0.832078,0.542029,888.505760,49.370764,0.559099,0,8,512,512,1602,0,1602,2924
warm_init,caustic-cross,0.5,0,64,846.621670,1.526827,0,0,1.909523e-08,0.000000e+00,1.057861,0.407780,796.892272,47.509846,0.481136,0,6,384,384,1438,0,1438,2924
warm,caustic-cross,0.5,1,64,948.880021,10.217280,0,0,1.907330e-08,0.000000e+00,9.396504,0.545945,888.403231,49.473656,0.748755,0,8,512,512,1602,0,1602,2924
cold,extreme-q-lo,0.0,0,64,1.344728,1.167038,0,0,1.493675e-15,0.000000e+00,1.127418,0.000000,0.000000,0.000000,0.213075,0,0,0,0,0,0,0,0
cold,extreme-q-lo,0.0,1,64,1.381702,1.157908,0,0,2.489491e-16,0.000000e+00,1.169112,0.000000,0.000000,0.000000,0.208361,0,0,0,0,0,0,0,0
warm_init,extreme-q-lo,0.0,0,64,1.303768,1.140590,0,0,1.493675e-15,0.000000e+00,1.088813,0.000000,0.000000,0.000000,0.210858,0,0,0,0,0,0,0,0
warm,extreme-q-lo,0.0,1,64,1.256247,1.078803,0,0,2.489491e-16,0.000000e+00,1.031146,0.000000,0.000000,0.000000,0.220866,0,0,0,0,0,0,0,0
cold,extreme-q-lo,0.5,0,64,94.268152,1.266455,0,0,2.074559e-15,0.000000e+00,1.079666,0.135676,90.959060,1.828637,0.216266,0,2,128,128,164,0,164,0
cold,extreme-q-lo,0.5,1,64,94.365651,1.271763,0,0,5.808840e-16,0.000000e+00,1.144891,0.135465,90.992680,1.837440,0.205937,0,2,128,128,164,0,164,0
warm_init,extreme-q-lo,0.5,0,64,94.269453,1.272948,0,0,2.074559e-15,0.000000e+00,1.082022,0.135857,90.961513,1.830403,0.210760,0,2,128,128,164,0,164,0
warm,extreme-q-lo,0.5,1,64,94.266541,1.169084,0,0,5.808840e-16,0.000000e+00,1.031215,0.135514,91.022247,1.813920,0.213922,0,2,128,128,164,0,164,0
cold,extreme-q-planet,0.0,0,64,1.788430,1.408799,0,0,4.682297e-16,0.000000e+00,1.169631,0.000000,0.000000,0.000000,0.608410,0,0,0,0,0,0,0,0
cold,extreme-q-planet,0.0,1,64,1.812174,1.402374,0,0,2.060257e-15,0.000000e+00,1.185426,0.000000,0.000000,0.000000,0.616442,0,0,0,0,0,0,0,0
warm_init,extreme-q-planet,0.0,0,64,1.773890,1.400898,0,0,4.682297e-16,0.000000e+00,1.148422,0.000000,0.000000,0.000000,0.615170,0,0,0,0,0,0,0,0
warm,extreme-q-planet,0.0,1,64,1.838589,1.420125,0,0,2.060257e-15,0.000000e+00,1.074004,0.000000,0.000000,0.000000,0.754177,0,0,0,0,0,0,0,0
cold,extreme-q-planet,0.5,0,64,405.988825,1.816102,0,0,4.028665e-15,0.000000e+00,1.145369,0.406947,392.189056,11.463120,0.618671,0,6,384,384,707,0,707,330
cold,extreme-q-planet,0.5,1,64,405.824404,1.817853,0,0,6.089976e-15,0.000000e+00,1.181754,0.410793,392.017978,11.431574,0.616833,0,6,384,384,707,0,707,330
warm_init,extreme-q-planet,0.5,0,64,405.897479,1.799049,0,0,4.028665e-15,0.000000e+00,1.155814,0.407187,392.103458,11.457286,0.608034,0,6,384,384,707,0,707,330
warm,extreme-q-planet,0.5,1,64,405.857198,1.829221,0,0,6.089976e-15,0.000000e+00,1.069801,0.407066,392.021793,11.436212,0.756480,0,6,384,384,707,0,707,330
cold,very-wide,0.0,0,64,0.997917,0.781176,0,0,0.000000e+00,0.000000e+00,0.786963,0.000000,0.000000,0.000000,0.206721,0,0,0,0,0,0,0,0
cold,very-wide,0.0,1,64,0.993578,0.772864,0,0,2.190304e-16,0.000000e+00,0.780374,0.000000,0.000000,0.000000,0.209160,0,0,0,0,0,0,0,0
warm_init,very-wide,0.0,0,64,0.981162,0.765633,0,0,0.000000e+00,0.000000e+00,0.761840,0.000000,0.000000,0.000000,0.215220,0,0,0,0,0,0,0,0
warm,very-wide,0.0,1,64,0.887110,0.667732,0,0,2.190304e-16,0.000000e+00,0.660033,0.000000,0.000000,0.000000,0.223001,0,0,0,0,0,0,0,0
cold,very-wide,0.5,0,64,93.960615,0.908189,0,0,0.000000e+00,0.000000e+00,0.760764,0.135821,90.969352,1.831681,0.213708,0,2,128,128,164,0,164,0
cold,very-wide,0.5,1,64,93.927141,0.897820,0,0,1.095152e-16,0.000000e+00,0.775455,0.135443,90.928859,1.829328,0.209183,0,2,128,128,164,0,164,0
warm_init,very-wide,0.5,0,64,93.904347,0.893435,0,0,0.000000e+00,0.000000e+00,0.756936,0.135799,90.931894,1.816512,0.213065,0,2,128,128,164,0,164,0
warm,very-wide,0.5,1,64,93.833494,0.793606,0,0,1.095152e-16,0.000000e+00,0.649189,0.135448,90.951060,1.826158,0.222227,0,2,128,128,164,0,164,0
cold,very-close,0.0,0,64,4.061699,1.281320,0,0,4.079883e-16,0.000000e+00,0.870572,0.000000,0.000000,0.000000,3.176063,0,0,0,0,0,0,0,0
cold,very-close,0.0,1,64,5.148330,1.278258,0,0,5.442430e-16,0.000000e+00,0.722256,0.000000,0.000000,0.000000,4.410601,0,0,0,0,0,0,0,0
warm_init,very-close,0.0,0,64,4.108809,1.267971,0,0,4.079883e-16,0.000000e+00,0.876728,0.000000,0.000000,0.000000,3.216528,0,0,0,0,0,0,0,0
warm,very-close,0.0,1,64,5.175979,1.214730,0,0,5.442430e-16,0.000000e+00,0.685894,0.000000,0.000000,0.000000,4.474749,0,0,0,0,0,0,0,0
cold,very-close,0.5,0,64,2246.513308,2.215149,0,0,5.845087e-09,0.000000e+00,0.881066,0.884738,2114.269843,126.631363,3.188180,0,13,832,832,3812,0,3812,7804
cold,very-close,0.5,1,64,2252.703318,2.226829,0,0,6.472398e-09,0.000000e+00,0.718263,0.880555,2118.802323,127.238843,4.384510,0,13,832,832,3820,0,3820,7838
warm_init,very-close,0.5,0,64,2246.646001,2.212820,0,0,5.845087e-09,0.000000e+00,0.876032,0.905310,2114.308459,126.720067,3.186080,0,13,832,832,3812,0,3812,7804
warm,very-close,0.5,1,64,2252.282188,2.177335,0,0,6.472398e-09,0.000000e+00,0.678109,0.887091,2118.585124,127.047581,4.431385,0,13,832,832,3820,0,3820,7838
cold,fold-tangent,0.0,0,64,0.971459,0.793832,0,0,1.254418e-16,0.000000e+00,0.540928,0.000000,0.000000,0.000000,0.416997,0,0,0,0,0,0,0,0
cold,fold-tangent,0.0,1,64,0.998422,0.773251,0,0,6.271355e-16,0.000000e+00,0.555338,0.000000,0.000000,0.000000,0.429586,0,0,0,0,0,0,0,0
warm_init,fold-tangent,0.0,0,64,0.955028,0.783908,0,0,1.254418e-16,0.000000e+00,0.531145,0.000000,0.000000,0.000000,0.410568,0,0,0,0,0,0,0,0
warm,fold-tangent,0.0,1,64,1.076734,0.717681,0,0,6.271355e-16,0.000000e+00,0.431619,0.000000,0.000000,0.000000,0.631630,0,0,0,0,0,0,0,0
cold,fold-tangent,0.5,0,64,465.723654,1.536997,0,0,1.382934e-14,0.000000e+00,0.513199,0.690743,454.786294,9.072480,0.425477,0,10,640,640,820,0,820,0
cold,fold-tangent,0.5,1,64,465.819681,1.517540,0,0,1.219253e-14,0.000000e+00,0.569355,0.690290,454.728974,9.167547,0.422623,0,10,640,640,820,0,820,0
warm_init,fold-tangent,0.5,0,64,465.617456,1.531597,0,0,1.382934e-14,0.000000e+00,0.530404,0.676431,454.633284,9.106759,0.434735,0,10,640,640,820,0,820,0
warm,fold-tangent,0.5,1,64,465.749223,1.468370,0,0,1.219253e-14,0.000000e+00,0.437485,0.676908,454.681970,9.082737,0.628720,0,10,640,640,820,0,820,0
cold,rand000,0.0,0,64,1.002388,0.949086,0,0,2.266450e-16,0.000000e+00,0.826336,0.000000,0.000000,0.000000,0.168764,0,0,0,0,0,0,0,0
cold,rand000,0.0,1,64,0.987865,0.938849,0,0,9.821129e-16,0.000000e+00,0.822094,0.000000,0.000000,0.000000,0.158518,0,0,0,0,0,0,0,0
warm_init,rand000,0.0,0,64,0.981870,0.928538,0,0,2.266450e-16,0.000000e+00,0.806618,0.000000,0.000000,0.000000,0.168071,0,0,0,0,0,0,0,0
warm,rand000,0.0,1,64,0.908110,0.826562,0,0,9.821129e-16,0.000000e+00,0.690484,0.000000,0.000000,0.000000,0.210324,0,0,0,0,0,0,0,0
cold,rand000,0.5,0,64,186.945274,1.239730,0,0,2.266487e-16,0.000000e+00,0.799557,0.270607,181.970328,3.640433,0.168622,0,4,256,256,328,0,328,0
cold,rand000,0.5,1,64,186.886410,1.238566,0,0,4.532904e-16,0.000000e+00,0.812392,0.270425,181.912702,3.635629,0.159550,0,4,256,256,328,0,328,0
warm_init,rand000,0.5,0,64,186.899384,1.229075,0,0,2.266487e-16,0.000000e+00,0.812375,0.271052,181.902589,3.649108,0.168953,0,4,256,256,328,0,328,0
warm,rand000,0.5,1,64,186.890034,1.131040,0,0,4.532904e-16,0.000000e+00,0.700860,0.271404,181.974371,3.645277,0.202617,0,4,256,256,328,0,328,0
cold,rand001,0.0,0,64,0.747370,0.700207,0,0,3.110879e-16,0.000000e+00,0.617170,0.000000,0.000000,0.000000,0.124489,0,0,0,0,0,0,0,0
cold,rand001,0.0,1,64,0.710525,0.686916,0,0,1.555624e-16,0.000000e+00,0.607159,0.000000,0.000000,0.000000,0.097784,0,0,0,0,0,0,0,0
warm_init,rand001,0.0,0,64,0.719077,0.684420,0,0,3.110879e-16,0.000000e+00,0.596530,0.000000,0.000000,0.000000,0.116978,0,0,0,0,0,0,0,0
warm,rand001,0.0,1,64,0.587739,0.558796,0,0,1.555624e-16,0.000000e+00,0.484863,0.000000,0.000000,0.000000,0.097329,0,0,0,0,0,0,0,0
cold,rand001,0.5,0,64,140.211713,0.902662,0,0,0.000000e+00,0.000000e+00,0.596611,0.210948,136.494041,2.720684,0.117615,0,3,192,192,246,0,246,0
cold,rand001,0.5,1,64,140.211096,0.886778,0,0,3.112629e-16,0.000000e+00,0.599742,0.203230,136.471770,2.766604,0.098021,0,3,192,192,246,0,246,0
warm_init,rand001,0.5,0,64,140.204986,0.892427,0,0,0.000000e+00,0.000000e+00,0.596857,0.202998,136.474076,2.741821,0.117363,0,3,192,192,246,0,246,0
warm,rand001,0.5,1,64,140.024555,0.773046,0,0,3.112629e-16,0.000000e+00,0.478534,0.203204,136.437758,2.734601,0.098263,0,3,192,192,246,0,246,0
cold,rand002,0.0,0,64,1.156049,1.092747,0,0,6.259445e-16,0.000000e+00,0.979206,0.000000,0.000000,0.000000,0.166749,0,0,0,0,0,0,0,0
cold,rand002,0.0,1,64,1.126088,1.075029,0,0,2.503506e-16,0.000000e+00,0.963396,0.000000,0.000000,0.000000,0.158610,0,0,0,0,0,0,0,0
warm_init,rand002,0.0,0,64,1.132884,1.075781,0,0,6.259445e-16,0.000000e+00,0.962757,0.000000,0.000000,0.000000,0.165917,0,0,0,0,0,0,0,0
warm,rand002,0.0,1,64,1.013559,0.966236,0,0,2.503506e-16,0.000000e+00,0.848822,0.000000,0.000000,0.000000,0.160471,0,0,0,0,0,0,0,0
cold,rand002,0.5,0,64,94.074310,1.229560,0,0,2.504263e-16,0.000000e+00,0.974304,0.137149,90.934144,1.812509,0.167632,0,2,128,128,164,0,164,0
cold,rand002,0.5,1,64,94.119621,1.226847,0,0,6.259978e-16,0.000000e+00,0.963157,0.135891,91.001977,1.811489,0.158567,0,2,128,128,164,0,164,0
warm_init,rand002,0.5,0,64,94.070182,1.232555,0,0,2.504263e-16,0.000000e+00,0.956823,0.135651,90.953308,1.809817,0.165922,0,2,128,128,164,0,164,0
warm,rand002,0.5,1,64,93.942383,1.115684,0,0,6.259978e-16,0.000000e+00,0.850668,0.136001,90.910136,1.832082,0.165019,0,2,128,128,164,0,164,0
cold,rand003,0.0,0,64,1.942528,0.925390,0,0,1.407112e-16,0.000000e+00,0.764319,0.000000,0.000000,0.000000,1.170734,0,0,0,0,0,0,0,0
cold,rand003,0.0,1,64,1.893020,0.919723,0,0,0.000000e+00,0.000000e+00,0.777239,0.000000,0.000000,0.000000,1.108412,0,0,0,0,0,0,0,0
warm_init,rand003,0.0,0,64,1.917192,0.907190,0,0,1.407112e-16,0.000000e+00,0.741778,0.000000,0.000000,0.000000,1.168199,0,0,0,0,0,0,0,0
warm,rand003,0.0,1,64,1.722941,0.841285,0,0,0.000000e+00,0.000000e+00,0.607406,0.000000,0.000000,0.000000,1.108377,0,0,0,0,0,0,0,0
cold,rand003,0.5,0,64,222.339153,1.217877,0,0,3.524899e-15,0.000000e+00,0.743175,0.272908,215.058660,4.987929,1.170491,0,4,256,256,388,0,388,60
cold,rand003,0.5,1,64,222.426278,1.211931,0,0,8.739093e-15,0.000000e+00,0.763962,0.271450,215.210245,4.970085,1.108964,0,4,256,256,388,0,388,60
warm_init,rand003,0.5,0,64,222.427688,1.204046,0,0,3.524899e-15,0.000000e+00,0.741579,0.271393,215.175448,4.963528,1.168581,0,4,256,256,388,0,388,60
warm,rand003,0.5,1,64,222.275677,1.131996,0,0,8.739093e-15,0.000000e+00,0.617566,0.271159,215.230473,4.940263,1.113924,0,4,256,256,388,0,388,60
cold,rand004,0.0,0,64,1.201599,0.691315,0,0,1.853993e-16,0.000000e+00,1.082078,0.000000,0.000000,0.000000,0.113814,0,0,0,0,0,0,0,0
cold,rand004,0.0,1,64,1.211686,0.662220,0,0,1.854053e-16,0.000000e+00,1.074211,0.000000,0.000000,0.000000,0.131909,0,0,0,0,0,0,0,0
warm_init,rand004,0.0,0,64,1.170688,0.676719,0,0,1.853993e-16,0.000000e+00,1.052420,0.000000,0.000000,0.000000,0.112726,0,0,0,0,0,0,0,0
warm,rand004,0.0,1,64,0.746730,0.605688,0,0,1.854053e-16,0.000000e+00,0.551035,0.000000,0.000000,0.000000,0.190095,0,0,0,0,0,0,0,0
cold,rand004,0.5,0,64,140.647325,0.900265,0,0,1.854165e-16,0.000000e+00,1.053817,0.204957,136.466211,2.732963,0.116519,0,3,192,192,246,0,246,0
cold,rand004,0.5,1,64,140.658100,0.875217,0,0,3.708448e-16,0.000000e+00,1.074687,0.203776,136.460019,2.722075,0.125568,0,3,192,192,246,0,246,0
warm_init,rand004,0.5,0,64,140.647347,0.890214,0,0,1.854165e-16,0.000000e+00,1.049538,0.203282,136.471838,2.732099,0.113093,0,3,192,192,246,0,246,0
warm,rand004,0.5,1,64,140.145405,0.824711,0,0,3.708448e-16,0.000000e+00,0.556333,0.203393,136.376031,2.746671,0.190850,0,3,192,192,246,0,246,0
cold,rand005,0.0,0,64,0.864980,0.837910,0,0,1.798665e-16,0.000000e+00,0.791611,0.000000,0.000000,0.000000,0.069312,0,0,0,0,0,0,0,0
cold,rand005,0.0,1,64,1.043944,1.014608,0,0,0.000000e+00,0.000000e+00,0.969551,0.000000,0.000000,0.000000,0.070367,0,0,0,0,0,0,0,0
warm_init,rand005,0.0,0,64,0.852812,0.831213,0,0,1.798665e-16,0.000000e+00,0.779820,0.000000,0.000000,0.000000,0.068918,0,0,0,0,0,0,0,0
warm,rand005,0.0,1,64,0.918777,0.896880,0,0,0.000000e+00,0.000000e+00,0.833045,0.000000,0.000000,0.000000,0.081703,0,0,0,0,0,0,0,0
cold,rand005,0.5,0,64,93.727752,0.972281,0,0,2.698812e-16,0.000000e+00,0.783573,0.135850,90.874504,1.814547,0.070809,0,2,128,128,164,0,164,0
cold,rand005,0.5,1,64,94.000756,1.159865,0,0,8.995228e-17,0.000000e+00,0.959845,0.135585,90.957401,1.829006,0.070434,0,2,128,128,164,0,164,0
warm_init,rand005,0.5,0,64,93.854317,0.973422,0,0,2.698812e-16,0.000000e+00,0.787480,0.135549,90.971930,1.836417,0.069130,0,2,128,128,164,0,164,0
warm,rand005,0.5,1,64,93.888030,1.044370,0,0,8.995228e-17,0.000000e+00,0.845118,0.141662,90.947406,1.823273,0.082113,0,2,128,128,164,0,164,0
cold,rand006,0.0,0,64,1.679597,0.894833,0,0,1.494741e-16,0.000000e+00,1.078406,0.000000,0.000000,0.000000,0.592176,0,0,0,0,0,0,0,0
cold,rand006,0.0,1,64,1.488525,0.858464,0,0,0.000000e+00,0.000000e+00,0.944378,0.000000,0.000000,0.000000,0.535319,0,0,0,0,0,0,0,0
warm_init,rand006,0.0,0,64,1.652737,0.868619,0,0,1.494741e-16,0.000000e+00,1.053122,0.000000,0.000000,0.000000,0.590804,0,0,0,0,0,0,0,0
warm,rand006,0.0,1,64,1.052767,0.750291,0,0,0.000000e+00,0.000000e+00,0.500590,0.000000,0.000000,0.000000,0.543373,0,0,0,0,0,0,0,0
cold,rand006,0.5,0,64,246.683398,1.240983,0,0,2.319088e-15,0.000000e+00,1.064064,0.340899,239.534237,5.033066,0.588769,0,5,320,320,432,0,432,22
cold,rand006,0.5,1,64,246.615830,1.228718,0,0,3.292206e-15,0.000000e+00,0.944281,0.344668,239.630273,5.038966,0.536207,0,5,320,320,432,0,432,22
warm_init,rand006,0.5,0,64,246.973721,1.238356,0,0,2.319088e-15,0.000000e+00,1.062294,0.339090,239.826642,5.027990,0.595345,0,5,320,320,432,0,432,22
warm,rand006,0.5,1,64,246.118131,1.110122,0,0,3.292206e-15,0.000000e+00,0.505799,0.345110,239.542553,5.067300,0.535616,0,5,320,320,432,0,432,22
cold,rand007,0.0,0,64,0.933908,0.857389,0,0,2.088168e-14,0.000000e+00,0.823406,0.000000,0.000000,0.000000,0.106343,0,0,0,0,0,0,0,0
cold,rand007,0.0,1,64,0.955672,0.854735,0,0,0.000000e+00,0.000000e+00,0.832384,0.000000,0.000000,0.000000,0.119171,0,0,0,0,0,0,0,0
warm_init,rand007,0.0,0,64,0.917019,0.845837,0,0,2.088168e-14,0.000000e+00,0.807264,0.000000,0.000000,0.000000,0.105744,0,0,0,0,0,0,0,0
warm,rand007,0.0,1,64,1.353092,0.930994,0,0,0.000000e+00,0.000000e+00,0.722474,0.000000,0.000000,0.000000,0.626512,0,0,0,0,0,0,0,0
cold,rand007,0.5,0,64,93.830797,0.985117,0,0,1.581946e-14,0.000000e+00,0.805499,0.135840,90.915951,1.818218,0.106187,0,2,128,128,164,0,164,0
cold,rand007,0.5,1,64,93.924302,0.987665,0,0,7.340243e-14,0.000000e+00,0.829969,0.141102,90.969942,1.814003,0.120467,0,2,128,128,164,0,164,0
warm_init,rand007,0.5,0,64,93.918343,0.980503,0,0,1.581946e-14,0.000000e+00,0.800916,0.135433,90.993165,1.834156,0.105755,0,2,128,128,164,0,164,0
warm,rand007,0.5,1,64,94.314027,1.072722,0,0,7.340243e-14,0.000000e+00,0.715833,0.135713,90.956708,1.823310,0.632235,0,2,128,128,164,0,164,0
cold,rand008,0.0,0,64,1.204088,0.870539,4,8,3.124589e-15,0.000000e+00,1.100282,0.000000,0.000000,0.000000,0.099633,0,0,0,0,0,0,0,0
cold,rand008,0.0,1,64,1.079398,0.852444,4,8,4.031726e-15,0.000000e+00,0.970929,0.000000,0.000000,0.000000,0.104453,0,0,0,0,0,0,0,0
warm_init,rand008,0.0,0,64,1.185372,0.859782,4,8,3.124589e-15,0.000000e+00,1.082329,0.000000,0.000000,0.000000,0.099029,0,0,0,0,0,0,0,0
warm,rand008,0.0,1,64,1.411160,0.970560,4,8,4.031726e-15,0.000000e+00,0.743367,0.000000,0.000000,0.000000,0.663687,0,0,0,0,0,0,0,0
cold,rand008,0.5,0,64,94.108928,0.998441,4,8,3.144747e-14,0.000000e+00,1.074123,0.135900,90.929062,1.820684,0.100816,0,2,128,128,164,0,164,0
cold,rand008,0.5,1,64,94.032173,0.997988,4,8,2.751653e-14,0.000000e+00,0.966303,0.135766,90.946961,1.829579,0.104985,0,2,128,128,164,0,164,0
warm_init,rand008,0.5,0,64,94.104199,0.990110,4,8,3.144747e-14,0.000000e+00,1.076516,0.142599,90.898309,1.839711,0.098789,0,2,128,128,164,0,164,0
warm,rand008,0.5,1,64,94.357828,1.118350,4,8,2.751653e-14,0.000000e+00,0.744984,0.135759,90.944158,1.825643,0.658871,0,2,128,128,164,0,164,0
cold,rand009,0.0,0,64,1.140907,1.060661,0,0,3.708141e-15,0.000000e+00,1.014052,0.000000,0.000000,0.000000,0.122798,0,0,0,0,0,0,0,0
cold,rand009,0.0,1,64,1.169042,1.059944,0,0,3.375735e-14,0.000000e+00,1.044997,0.000000,0.000000,0.000000,0.120003,0,0,0,0,0,0,0,0
warm_init,rand009,0.0,0,64,1.119805,1.045656,0,0,3.708141e-15,0.000000e+00,1.002603,0.000000,0.000000,0.000000,0.113215,0,0,0,0,0,0,0,0
warm,rand009,0.0,1,64,1.057396,0.952760,0,0,3.375735e-14,0.000000e+00,0.898695,0.000000,0.000000,0.000000,0.154671,0,0,0,0,0,0,0,0
cold,rand009,0.5,0,64,94.124148,1.206523,0,0,0.000000e+00,0.000000e+00,0.995557,0.136004,91.017823,1.812871,0.113680,0,2,128,128,164,0,164,0
cold,rand009,0.5,1,64,94.143664,1.207807,0,0,2.276071e-14,0.000000e+00,1.035784,0.135430,90.966564,1.823423,0.126505,0,2,128,128,164,0,164,0
warm_init,rand009,0.5,0,64,94.057375,1.199936,0,0,0.000000e+00,0.000000e+00,1.000676,0.135780,90.943642,1.815559,0.113426,0,2,128,128,164,0,164,0
warm,rand009,0.5,1,64,94.024040,1.104161,0,0,2.276071e-14,0.000000e+00,0.899775,0.135560,90.954407,1.824579,0.161519,0,2,128,128,164,0,164,0
cold,rand010,0.0,0,64,1.719088,1.311932,0,0,1.636499e-15,0.000000e+00,0.985230,0.000000,0.000000,0.000000,0.725067,0,0,0,0,0,0,0,0
cold,rand010,0.0,1,64,1.597824,1.264268,0,0,2.455440e-15,0.000000e+00,0.906273,0.000000,0.000000,0.000000,0.682692,0,0,0,0,0,0,0,0
warm_init,rand010,0.0,0,64,1.700169,1.293969,0,0,1.636499e-15,0.000000e+00,0.969053,0.000000,0.000000,0.000000,0.722386,0,0,0,0,0,0,0,0
warm,rand010,0.0,1,64,1.477795,1.159194,0,0,2.455440e-15,0.000000e+00,0.788511,0.000000,0.000000,0.000000,0.680543,0,0,0,0,0,0,0,0
cold,rand010,0.5,0,64,234.221648,1.669039,0,0,4.300315e-15,0.000000e+00,0.977102,0.340162,227.493516,4.565650,0.725896,0,5,320,320,410,0,410,0
cold,rand010,0.5,1,64,233.984877,1.624613,0,0,4.301523e-15,0.000000e+00,0.893488,0.338347,227.416523,4.536684,0.680693,0,5,320,320,410,0,410,0
warm_init,rand010,0.5,0,64,234.082239,1.672321,0,0,4.300315e-15,0.000000e+00,0.976966,0.343937,227.366795,4.553147,0.720789,0,5,320,320,410,0,410,0
warm,rand010,0.5,1,64,233.908523,1.507406,0,0,4.301523e-15,0.000000e+00,0.780109,0.338910,227.419113,4.575579,0.675907,0,5,320,320,410,0,410,0
cold,rand011,0.0,0,64,3.047636,1.613024,0,0,1.454729e-16,0.000000e+00,1.355080,0.000000,0.000000,0.000000,1.685133,0,0,0,0,0,0,0,0
cold,rand011,0.0,1,64,2.707357,1.311696,0,0,1.890975e-15,0.000000e+00,1.028490,0.000000,0.000000,0.000000,1.671431,0,0,0,0,0,0,0,0
warm_init,rand011,0.0,0,64,3.029279,1.599974,0,0,1.454729e-16,0.000000e+00,1.333039,0.000000,0.000000,0.000000,1.688792,0,0,0,0,0,0,0,0
warm,rand011,0.0,1,64,2.605700,1.206418,0,0,1.890975e-15,0.000000e+00,0.911611,0.000000,0.000000,0.000000,1.686651,0,0,0,0,0,0,0,0
cold,rand011,0.5,0,64,188.946745,1.905655,0,0,7.274436e-16,0.000000e+00,1.326334,0.271659,181.936402,3.629144,1.687272,0,4,256,256,328,0,328,0
cold,rand011,0.5,1,64,188.596718,1.592328,0,0,1.018328e-15,0.000000e+00,1.028244,0.277797,181.897614,3.624101,1.672707,0,4,256,256,328,0,328,0
warm_init,rand011,0.5,0,64,189.112633,1.906905,0,0,7.274436e-16,0.000000e+00,1.334521,0.271344,182.077804,3.637557,1.690214,0,4,256,256,328,0,328,0
warm,rand011,0.5,1,64,188.516946,1.470724,0,0,1.018328e-15,0.000000e+00,0.912896,0.271462,181.944615,3.617220,1.675128,0,4,256,256,328,0,328,0
cold,rand012,0.0,0,64,1.125612,0.987893,0,0,4.046733e-15,0.000000e+00,0.924231,0.000000,0.000000,0.000000,0.197232,0,0,0,0,0,0,0,0
cold,rand012,0.0,1,64,1.214140,0.980736,0,0,1.076054e-14,0.000000e+00,1.000599,0.000000,0.000000,0.000000,0.209436,0,0,0,0,0,0,0,0
warm_init,rand012,0.0,0,64,1.107174,0.976161,0,0,4.046733e-15,0.000000e+00,0.906426,0.000000,0.000000,0.000000,0.196696,0,0,0,0,0,0,0,0
warm,rand012,0.0,1,64,1.118128,0.891830,0,0,1.076054e-14,0.000000e+00,0.878718,0.000000,0.000000,0.000000,0.235284,0,0,0,0,0,0,0,0
cold,rand012,0.5,0,64,94.098764,1.108769,0,0,5.978134e-15,0.000000e+00,0.908869,0.137266,90.982902,1.821530,0.199534,0,2,128,128,164,0,164,0
cold,rand012,0.5,1,64,94.101820,1.102197,0,0,1.241602e-14,0.000000e+00,0.993345,0.135644,90.912875,1.802126,0.209418,0,2,128,128,164,0,164,0
warm_init,rand012,0.5,0,64,94.028136,1.106487,0,0,5.978134e-15,0.000000e+00,0.902542,0.135461,90.920609,1.824502,0.196857,0,2,128,128,164,0,164,0
warm,rand012,0.5,1,64,94.056647,1.013989,0,0,1.241602e-14,0.000000e+00,0.869394,0.135763,90.939200,1.824153,0.239946,0,2,128,128,164,0,164,0
cold,rand013,0.0,0,64,0.889166,0.848093,0,0,0.000000e+00,0.000000e+00,0.786501,0.000000,0.000000,0.000000,0.098617,0,0,0,0,0,0,0,0
cold,rand013,0.0,1,64,1.104826,0.856601,0,0,6.584151e-16,0.000000e+00,1.003989,0.000000,0.000000,0.000000,0.096728,0,0,0,0,0,0,0,0
warm_init,rand013,0.0,0,64,0.869975,0.839177,0,0,0.000000e+00,0.000000e+00,0.773779,0.000000,0.000000,0.000000,0.092212,0,0,0,0,0,0,0,0
warm,rand013,0.0,1,64,0.815703,0.743691,0,0,6.584151e-16,0.000000e+00,0.720802,0.000000,0.000000,0.000000,0.090936,0,0,0,0,0,0,0,0
cold,rand013,0.5,0,64,98.477796,0.991404,0,0,1.647389e-16,0.000000e+00,0.766295,0.142729,95.411071,2.015529,0.093043,0,2,128,128,172,0,172,8
cold,rand013,0.5,1,64,98.668205,1.002202,0,0,3.294485e-16,0.000000e+00,0.995698,0.135423,95.409945,1.987029,0.090946,0,2,128,128,172,0,172,8
warm_init,rand013,0.5,0,64,98.434056,0.985567,0,0,1.647389e-16,0.000000e+00,0.772083,0.135719,95.388258,1.997019,0.092079,0,2,128,128,172,0,172,8
warm,rand013,0.5,1,64,98.329638,0.888452,0,0,3.294485e-16,0.000000e+00,0.732162,0.135547,95.321064,1.993668,0.097729,0,2,128,128,172,0,172,8
cold,rand014,0.0,0,64,1.373880,0.800943,0,0,2.499513e-15,0.000000e+00,0.989156,0.000000,0.000000,0.000000,0.380680,0,0,0,0,0,0,0,0
cold,rand014,0.0,1,64,1.385329,0.790320,0,0,9.819496e-16,0.000000e+00,0.939351,0.000000,0.000000,0.000000,0.441952,0,0,0,0,0,0,0,0
warm_init,rand014,0.0,0,64,1.351310,0.786637,0,0,2.499513e-15,0.000000e+00,0.973936,0.000000,0.000000,0.000000,0.373375,0,0,0,0,0,0,0,0
warm,rand014,0.0,1,64,1.197555,0.731856,0,0,9.819496e-16,0.000000e+00,0.689185,0.000000,0.000000,0.000000,0.504291,0,0,0,0,0,0,0,0
cold,rand014,0.5,0,64,94.300893,0.930745,0,0,1.785367e-15,0.000000e+00,0.968155,0.135993,90.939420,1.825849,0.377220,0,2,128,128,164,0,164,0
cold,rand014,0.5,1,64,94.309360,0.925813,0,0,1.874631e-15,0.000000e+00,0.923378,0.135846,90.952674,1.807396,0.441669,0,2,128,128,164,0,164,0
warm_init,rand014,0.5,0,64,94.369888,0.928209,0,0,1.785367e-15,0.000000e+00,0.971440,0.135692,90.999361,1.841329,0.373037,0,2,128,128,164,0,164,0
warm,rand014,0.5,1,64,94.189936,0.874376,0,0,1.874631e-15,0.000000e+00,0.681502,0.143542,90.978045,1.833878,0.504142,0,2,128,128,164,0,164,0
cold,rand015,0.0,0,64,0.908794,0.869746,0,0,7.156799e-16,0.000000e+00,0.825706,0.000000,0.000000,0.000000,0.078909,0,0,0,0,0,0,0,0
cold,rand015,0.0,1,64,0.913629,0.861844,0,0,2.862785e-16,0.000000e+00,0.801518,0.000000,0.000000,0.000000,0.108083,0,0,0,0,0,0,0,0
warm_init,rand015,0.0,0,64,0.887661,0.857248,0,0,7.156799e-16,0.000000e+00,0.805796,0.000000,0.000000,0.000000,0.077871,0,0,0,0,0,0,0,0
warm,rand015,0.0,1,64,0.825589,0.752310,0,0,2.862785e-16,0.000000e+00,0.690593,0.000000,0.000000,0.000000,0.130937,0,0,0,0,0,0,0,0
cold,rand015,0.5,0,64,93.857571,1.005128,0,0,8.588262e-16,0.000000e+00,0.798083,0.135519,90.963231,1.826307,0.085397,0,2,128,128,164,0,164,0
cold,rand015,0.5,1,64,93.835394,0.996543,0,0,2.862819e-16,0.000000e+00,0.797554,0.135809,90.916698,1.828230,0.108353,0,2,128,128,164,0,164,0
warm_init,rand015,0.5,0,64,93.808158,1.005767,0,0,8.588262e-16,0.000000e+00,0.807255,0.135481,90.925890,1.809212,0.081648,0,2,128,128,164,0,164,0
warm,rand015,0.5,1,64,93.759152,0.897163,0,0,2.862819e-16,0.000000e+00,0.686307,0.135705,90.925930,1.825884,0.136957,0,2,128,128,164,0,164,0
cold,rand016,0.0,0,64,1.622648,1.278565,0,0,1.095381e-15,0.000000e+00,1.063801,0.000000,0.000000,0.000000,0.551595,0,0,0,0,0,0,0,0
cold,rand016,0.0,1,64,1.517682,1.273274,0,0,7.583285e-16,0.000000e+00,0.958361,0.000000,0.000000,0.000000,0.552107,0,0,0,0,0,0,0,0
warm_init,rand016,0.0,0,64,1.597697,1.260562,0,0,1.095381e-15,0.000000e+00,1.040295,0.000000,0.000000,0.000000,0.550217,0,0,0,0,0,0,0,0
warm,rand016,0.0,1,64,1.400223,1.155203,0,0,7.583285e-16,0.000000e+00,0.831459,0.000000,0.000000,0.000000,0.561537,0,0,0,0,0,0,0,0
cold,rand016,0.5,0,64,187.463152,1.550247,0,0,6.740889e-16,0.000000e+00,1.054661,0.272836,181.834104,3.649390,0.556315,0,4,256,256,328,0,328,0
cold,rand016,0.5,1,64,187.392176,1.563633,0,0,4.212987e-16,0.000000e+00,0.951645,0.271400,181.863209,3.651077,0.558779,0,4,256,256,328,0,328,0
warm_init,rand016,0.5,0,64,187.473757,1.551449,0,0,6.740889e-16,0.000000e+00,1.042645,0.271259,181.860432,3.649412,0.554294,0,4,256,256,328,0,328,0
warm,rand016,0.5,1,64,187.283563,1.447708,0,0,4.212987e-16,0.000000e+00,0.835557,0.271347,181.883394,3.634572,0.562772,0,4,256,256,328,0,328,0
cold,rand017,0.0,0,64,0.873414,0.838789,0,0,2.787327e-16,0.000000e+00,0.783465,0.000000,0.000000,0.000000,0.085787,0,0,0,0,0,0,0,0
cold,rand017,0.0,1,64,0.869210,0.836343,0,0,6.968042e-16,0.000000e+00,0.772564,0.000000,0.000000,0.000000,0.092593,0,0,0,0,0,0,0,0
warm_init,rand017,0.0,0,64,0.856262,0.830310,0,0,2.787327e-16,0.000000e+00,0.766842,0.000000,0.000000,0.000000,0.085335,0,0,0,0,0,0,0,0
warm,rand017,0.0,1,64,0.747651,0.710966,0,0,6.968042e-16,0.000000e+00,0.642354,0.000000,0.000000,0.000000,0.101292,0,0,0,0,0,0,0,0
cold,rand017,0.5,0,64,93.854370,0.981205,0,0,7.389144e-15,0.000000e+00,0.760144,0.135564,90.998196,1.826705,0.085023,0,2,128,128,164,0,164,0
cold,rand017,0.5,1,64,93.792793,0.971769,0,0,8.364738e-16,0.000000e+00,0.766603,0.142252,90.941518,1.800582,0.093113,0,2,128,128,164,0,164,0
warm_init,rand017,0.5,0,64,93.833890,0.973569,0,0,7.389144e-15,0.000000e+00,0.761245,0.135822,90.957111,1.844403,0.086776,0,2,128,128,164,0,164,0
warm,rand017,0.5,1,64,93.758966,0.856643,0,0,8.364738e-16,0.000000e+00,0.642493,0.135351,91.009775,1.821467,0.094383,0,2,128,128,164,0,164,0
cold,rand018,0.0,0,64,0.967944,0.873860,0,0,1.385531e-15,0.000000e+00,0.859832,0.000000,0.000000,0.000000,0.103944,0,0,0,0,0,0,0,0
cold,rand018,0.0,1,64,0.965872,0.865050,0,0,3.879506e-15,0.000000e+00,0.857872,0.000000,0.000000,0.000000,0.103904,0,0,0,0,0,0,0,0
warm_init,rand018,0.0,0,64,0.948105,0.865523,0,0,1.385531e-15,0.000000e+00,0.841200,0.000000,0.000000,0.000000,0.102925,0,0,0,0,0,0,0,0
warm,rand018,0.0,1,64,1.066256,0.812922,0,0,3.879506e-15,0.000000e+00,0.740052,0.000000,0.000000,0.000000,0.322116,0,0,0,0,0,0,0,0
cold,rand018,0.5,0,64,93.948449,1.001240,0,0,1.233124e-14,0.000000e+00,0.839261,0.135882,90.995460,1.825518,0.103163,0,2,128,128,164,0,164,0
cold,rand018,0.5,1,64,93.914421,1.005106,0,0,3.879509e-15,0.000000e+00,0.845097,0.135495,90.944717,1.837022,0.103347,0,2,128,128,164,0,164,0
warm_init,rand018,0.5,0,64,93.953715,1.008912,0,0,1.233124e-14,0.000000e+00,0.834933,0.135900,90.987759,1.836091,0.110256,0,2,128,128,164,0,164,0
warm,rand018,0.5,1,64,94.070885,0.969090,0,0,3.879509e-15,0.000000e+00,0.733552,0.135685,90.996522,1.832278,0.323916,0,2,128,128,164,0,164,0
cold,rand019,0.0,0,64,0.937403,0.866600,0,0,8.169718e-16,0.000000e+00,0.826231,0.000000,0.000000,0.000000,0.107083,0,0,0,0,0,0,0,0
cold,rand019,0.0,1,64,0.890152,0.863515,0,0,8.169708e-16,0.000000e+00,0.799408,0.000000,0.000000,0.000000,0.086681,0,0,0,0,0,0,0,0
warm_init,rand019,0.0,0,64,0.922182,0.862312,0,0,8.169718e-16,0.000000e+00,0.818583,0.000000,0.000000,0.000000,0.099571,0,0,0,0,0,0,0,0
warm,rand019,0.0,1,64,0.781433,0.755178,0,0,8.169708e-16,0.000000e+00,0.677326,0.000000,0.000000,0.000000,0.100095,0,0,0,0,0,0,0,0
cold,rand019,0.5,0,64,93.911024,1.019952,0,0,8.689786e-15,0.000000e+00,0.803765,0.136107,90.988240,1.834556,0.099214,0,2,128,128,164,0,164,0
cold,rand019,0.5,1,64,93.883846,1.006655,0,0,5.570369e-15,0.000000e+00,0.797355,0.135862,90.997131,1.818551,0.086147,0,2,128,128,164,0,164,0
warm_init,rand019,0.5,0,64,93.871664,1.003308,0,0,8.689786e-15,0.000000e+00,0.813079,0.135490,90.951392,1.823314,0.099527,0,2,128,128,164,0,164,0
warm,rand019,0.5,1,64,93.759985,0.899966,0,0,5.570369e-15,0.000000e+00,0.678829,0.135680,90.958579,1.828556,0.109282,0,2,128,128,164,0,164,0
cold,rand020,0.0,0,64,1.013306,0.527831,0,0,0.000000e+00,0.000000e+00,0.869193,0.000000,0.000000,0.000000,0.138362,0,0,0,0,0,0,0,0
cold,rand020,0.0,1,64,0.829448,0.528099,0,0,2.831001e-16,0.000000e+00,0.692138,0.000000,0.000000,0.000000,0.131720,0,0,0,0,0,0,0,0
warm_init,rand020,0.0,0,64,0.995925,0.517275,0,0,0.000000e+00,0.000000e+00,0.852856,0.000000,0.000000,0.000000,0.137518,0,0,0,0,0,0,0,0
warm,rand020,0.0,1,64,0.511424,0.434858,0,0,2.831001e-16,0.000000e+00,0.310046,0.000000,0.000000,0.000000,0.195724,0,0,0,0,0,0,0,0
cold,rand020,0.5,0,64,140.471487,0.720036,0,0,2.547990e-15,0.000000e+00,0.850055,0.203320,136.463745,2.743248,0.138082,0,3,192,192,246,0,246,0
cold,rand020,0.5,1,64,140.289040,0.715415,0,0,3.114197e-15,0.000000e+00,0.688746,0.203316,136.444956,2.748536,0.131325,0,3,192,192,246,0,246,0
warm_init,rand020,0.5,0,64,140.456609,0.726211,0,0,2.547990e-15,0.000000e+00,0.850615,0.207929,136.448476,2.739020,0.137932,0,3,192,192,246,0,246,0
warm,rand020,0.5,1,64,140.118774,0.628923,0,0,3.114197e-15,0.000000e+00,0.306504,0.203545,136.614709,2.726202,0.195528,0,3,192,192,246,0,246,0
cold,rand021,0.0,0,64,1.076568,0.877544,0,0,1.452485e-14,0.000000e+00,0.944070,0.000000,0.000000,0.000000,0.128371,0,0,0,0,0,0,0,0
cold,rand021,0.0,1,64,1.060809,0.869087,0,0,3.029120e-14,0.000000e+00,0.957860,0.000000,0.000000,0.000000,0.098855,0,0,0,0,0,0,0,0
warm_init,rand021,0.0,0,64,1.050203,0.861133,0,0,1.452485e-14,0.000000e+00,0.923941,0.000000,0.000000,0.000000,0.122261,0,0,0,0,0,0,0,0
warm,rand021,0.0,1,64,1.111802,0.898779,0,0,3.029120e-14,0.000000e+00,0.723578,0.000000,0.000000,0.000000,0.384200,0,0,0,0,0,0,0,0
cold,rand021,0.5,0,64,94.104318,1.003162,0,0,3.053944e-14,0.000000e+00,0.926038,0.137035,91.025761,1.841810,0.123877,0,2,128,128,164,0,164,0
cold,rand021,0.5,1,64,94.027998,0.999684,0,0,4.680240e-14,0.000000e+00,0.944624,0.135751,90.989724,1.811179,0.098228,0,2,128,128,164,0,164,0
warm_init,rand021,0.5,0,64,94.061665,1.000114,0,0,3.053944e-14,0.000000e+00,0.919017,0.135618,91.015935,1.820571,0.122215,0,2,128,128,164,0,164,0
warm,rand021,0.5,1,64,94.091080,1.036673,0,0,4.680240e-14,0.000000e+00,0.722875,0.135727,90.966691,1.832812,0.384454,0,2,128,128,164,0,164,0
cold,rand022,0.0,0,64,1.161210,0.886654,0,0,3.367045e-16,0.000000e+00,1.031331,0.000000,0.000000,0.000000,0.125800,0,0,0,0,0,0,0,0
cold,rand022,0.0,1,64,0.900451,0.851881,0,0,1.515168e-15,0.000000e+00,0.795816,0.000000,0.000000,0.000000,0.100625,0,0,0,0,0,0,0,0
warm_init,rand022,0.0,0,64,1.152775,0.864835,0,0,3.367045e-16,0.000000e+00,1.016230,0.000000,0.000000,0.000000,0.132554,0,0,0,0,0,0,0,0
warm,rand022,0.0,1,64,0.813467,0.752649,0,0,1.515168e-15,0.000000e+00,0.677847,0.000000,0.000000,0.000000,0.131596,0,0,0,0,0,0,0,0
cold,rand022,0.5,0,64,94.143963,1.034460,0,0,3.198724e-15,0.000000e+00,1.012797,0.137166,90.991604,1.826953,0.126870,0,2,128,128,164,0,164,0
cold,rand022,0.5,1,64,93.941740,0.997846,0,0,6.734147e-15,0.000000e+00,0.796368,0.135862,91.044554,1.822938,0.093554,0,2,128,128,164,0,164,0
warm_init,rand022,0.5,0,64,94.226529,1.013501,0,0,3.198724e-15,0.000000e+00,1.008472,0.135737,91.099028,1.808337,0.125748,0,2,128,128,164,0,164,0
warm,rand022,0.5,1,64,93.904379,0.896587,0,0,6.734147e-15,0.000000e+00,0.681151,0.135778,91.076438,1.830461,0.131628,0,2,128,128,164,0,164,0
cold,rand023,0.0,0,64,1.056201,1.023681,0,0,2.348909e-16,0.000000e+00,0.968084,0.000000,0.000000,0.000000,0.084044,0,0,0,0,0,0,0,0
cold,rand023,0.0,1,64,1.053031,1.019504,0,0,0.000000e+00,0.000000e+00,0.956764,0.000000,0.000000,0.000000,0.092237,0,0,0,0,0,0,0,0
warm_init,rand023,0.0,0,64,1.035454,1.013554,0,0,2.348909e-16,0.000000e+00,0.947976,0.000000,0.000000,0.000000,0.083478,0,0,0,0,0,0,0,0
warm,rand023,0.0,1,64,0.927889,0.897953,0,0,0.000000e+00,0.000000e+00,0.832454,0.000000,0.000000,0.000000,0.091468,0,0,0,0,0,0,0,0
cold,rand023,0.5,0,64,97.205307,1.725344,0,0,3.761041e-15,0.000000e+00,0.949674,0.137154,94.083287,1.895389,0.084415,0,2,128,128,164,0,164,0
cold,rand023,0.5,1,64,131.462865,1.159315,0,0,3.996118e-15,0.000000e+00,1.416753,0.200925,127.171297,2.469784,0.137077,0,2,128,128,164,0,164,0
warm_init,rand023,0.5,0,64,94.016754,1.152772,0,0,3.761041e-15,0.000000e+00,0.944509,0.135733,90.989867,1.814690,0.083619,0,2,128,128,164,0,164,0
warm,rand023,0.5,1,64,104.658861,1.537313,0,0,3.996118e-15,0.000000e+00,0.837730,0.141068,101.521913,2.012880,0.091936,0,2,128,128,164,0,164,0
cold,rand024,0.0,0,64,1.459896,1.289489,0,0,2.253177e-14,0.000000e+00,1.266682,0.000000,0.000000,0.000000,0.187218,0,0,0,0,0,0,0,0
cold,rand024,0.0,1,64,1.426190,1.289634,0,0,1.384204e-15,0.000000e+00,1.232679,0.000000,0.000000,0.000000,0.187466,0,0,0,0,0,0,0,0
warm_init,rand024,0.0,0,64,1.432642,1.272015,0,0,2.253177e-14,0.000000e+00,1.245395,0.000000,0.000000,0.000000,0.181277,0,0,0,0,0,0,0,0
warm,rand024,0.0,1,64,3.147958,1.720515,0,0,1.384204e-15,0.000000e+00,1.038026,0.000000,0.000000,0.000000,2.103856,0,0,0,0,0,0,0,0
cold,rand024,0.5,0,64,119.279256,0.993043,0,0,1.468795e-14,0.000000e+00,1.246990,0.201211,115.312669,2.274377,0.181739,0,2,128,128,164,0,164,0
cold,rand024,0.5,1,64,94.032262,0.993519,0,0,3.483580e-14,0.000000e+00,0.821149,0.142432,91.081862,1.811794,0.126639,0,2,128,128,164,0,164,0
warm_init,rand024,0.5,0,64,96.590792,0.997519,0,0,1.468795e-14,0.000000e+00,0.836022,0.135495,93.586655,1.849902,0.132281,0,2,128,128,164,0,164,0
warm,rand024,0.5,1,64,95.017459,1.306182,0,0,3.483580e-14,0.000000e+00,0.701245,0.135676,90.912312,1.804587,1.414829,0,2,128,128,164,0,164,0
cold,rand025,0.0,0,64,1.247378,1.179104,0,0,1.235046e-15,0.000000e+00,0.879991,0.000000,0.000000,0.000000,0.352355,0,0,0,0,0,0,0,0
cold,rand025,0.0,1,64,1.246845,1.185835,0,0,1.852891e-15,0.000000e+00,0.879970,0.000000,0.000000,0.000000,0.351844,0,0,0,0,0,0,0,0
warm_init,rand025,0.0,0,64,1.234154,1.163571,0,0,1.235046e-15,0.000000e+00,0.867625,0.000000,0.000000,0.000000,0.351500,0,0,0,0,0,0,0,0
warm,rand025,0.0,1,64,1.286365,1.239197,0,0,1.852891e-15,0.000000e+00,0.757609,0.000000,0.000000,0.000000,0.513841,0,0,0,0,0,0,0,0
cold,rand025,0.5,0,64,553.255568,1.959488,0,0,6.182256e-16,0.000000e+00,0.882431,0.747033,539.570457,11.434711,0.352406,0,11,704,704,953,0,953,63
cold,rand025,0.5,1,64,542.326441,1.977847,0,0,1.236665e-15,0.000000e+00,0.901016,0.747044,528.796204,11.249512,0.368755,0,11,704,704,953,0,953,63
warm_init,rand025,0.5,0,64,542.811926,1.976376,0,0,6.182256e-16,0.000000e+00,0.880557,0.751082,529.296367,11.259431,0.354809,0,11,704,704,953,0,953,63
warm,rand025,0.5,1,64,542.490150,2.068477,0,0,1.236665e-15,0.000000e+00,0.763897,0.748170,528.940346,11.221086,0.550254,0,11,704,704,953,0,953,63
cold,rand026,0.0,0,64,1.011413,0.884065,0,0,6.626318e-15,0.000000e+00,0.880718,0.000000,0.000000,0.000000,0.126541,0,0,0,0,0,0,0,0
cold,rand026,0.0,1,64,0.999705,0.879764,0,0,3.367459e-15,0.000000e+00,0.858322,0.000000,0.000000,0.000000,0.137361,0,0,0,0,0,0,0,0
warm_init,rand026,0.0,0,64,0.986538,0.871763,0,0,6.626318e-15,0.000000e+00,0.857042,0.000000,0.000000,0.000000,0.125429,0,0,0,0,0,0,0,0
warm,rand026,0.0,1,64,1.007456,0.804344,0,0,3.367459e-15,0.000000e+00,0.734746,0.000000,0.000000,0.000000,0.268627,0,0,0,0,0,0,0,0
cold,rand026,0.5,0,64,93.989581,1.014861,0,0,5.757299e-15,0.000000e+00,0.851315,0.136456,90.997320,1.828387,0.127332,0,2,128,128,164,0,164,0
cold,rand026,0.5,1,64,94.002481,1.019427,0,0,5.648646e-15,0.000000e+00,0.850859,0.137302,91.010340,1.815504,0.139166,0,2,128,128,164,0,164,0
warm_init,rand026,0.5,0,64,94.461055,1.023352,0,0,5.757299e-15,0.000000e+00,0.850539,0.137667,91.459770,1.834843,0.128437,0,2,128,128,164,0,164,0
warm,rand026,0.5,1,64,94.010290,0.947744,0,0,5.648646e-15,0.000000e+00,0.732373,0.137281,91.011202,1.811036,0.269960,0,2,128,128,164,0,164,0
cold,rand027,0.0,0,64,1.075318,0.673877,0,0,1.505181e-15,0.000000e+00,0.982514,0.000000,0.000000,0.000000,0.088745,0,0,0,0,0,0,0,0
cold,rand027,0.0,1,64,1.089398,0.682465,0,0,1.368333e-16,0.000000e+00,0.989421,0.000000,0.000000,0.000000,0.095874,0,0,0,0,0,0,0,0
warm_init,rand027,0.0,0,64,1.051504,0.651210,0,0,1.505181e-15,0.000000e+00,0.960197,0.000000,0.000000,0.000000,0.087295,0,0,0,0,0,0,0,0
warm,rand027,0.0,1,64,0.743248,0.565259,0,0,1.368333e-16,0.000000e+00,0.624129,0.000000,0.000000,0.000000,0.115065,0,0,0,0,0,0,0,0
cold,rand027,0.5,0,64,94.073972,0.793831,0,0,5.610387e-15,0.000000e+00,0.957868,0.136436,91.001228,1.841376,0.088369,0,2,128,128,164,0,164,0
cold,rand027,0.5,1,64,94.012090,0.806859,0,0,1.067331e-14,0.000000e+00,0.981461,0.136471,90.944843,1.803053,0.097955,0,2,128,128,164,0,164,0
warm_init,rand027,0.5,0,64,94.062364,0.790614,0,0,5.610387e-15,0.000000e+00,0.955712,0.135722,90.993952,1.830981,0.097660,0,2,128,128,164,0,164,0
warm,rand027,0.5,1,64,93.692848,0.703233,0,0,1.067331e-14,0.000000e+00,0.618681,0.135608,90.957602,1.816985,0.115748,0,2,128,128,164,0,164,0
cold,rand028,0.0,0,64,3.596704,1.624562,0,0,3.689077e-15,0.000000e+00,1.378186,0.000000,0.000000,0.000000,2.211139,0,0,0,0,0,0,0,0
cold,rand028,0.0,1,64,3.997153,1.630245,0,0,3.689002e-15,0.000000e+00,1.402020,0.000000,0.000000,0.000000,2.587670,0,0,0,0,0,0,0,0
warm_init,rand028,0.0,0,64,3.583219,1.630389,0,0,3.689077e-15,0.000000e+00,1.356122,0.000000,0.000000,0.000000,2.219578,0,0,0,0,0,0,0,0
warm,rand028,0.0,1,64,3.856721,1.511838,0,0,3.689002e-15,0.000000e+00,1.236716,0.000000,0.000000,0.000000,2.612501,0,0,0,0,0,0,0,0
cold,rand028,0.5,0,64,189.528192,1.891095,0,0,2.085152e-15,0.000000e+00,1.340475,0.271849,181.956322,3.653417,2.210390,0,4,256,256,328,0,328,0
cold,rand028,0.5,1,64,189.994626,1.906918,0,0,2.726681e-15,0.000000e+00,1.358083,0.271954,182.051970,3.630905,2.585788,0,4,256,256,328,0,328,0
warm_init,rand028,0.5,0,64,189.471808,1.895096,0,0,2.085152e-15,0.000000e+00,1.353287,0.271381,181.882263,3.647906,2.220499,0,4,256,256,328,0,328,0
warm,rand028,0.5,1,64,189.869977,1.808537,0,0,2.726681e-15,0.000000e+00,1.244337,0.271964,182.017688,3.648678,2.591078,0,4,256,256,328,0,328,0
cold,rand029,0.0,0,64,1.345810,1.046037,0,0,2.587275e-15,0.000000e+00,0.853852,0.000000,0.000000,0.000000,0.483042,0,0,0,0,0,0,0,0
cold,rand029,0.0,1,64,1.321556,1.021642,0,0,3.693536e-16,0.000000e+00,0.843523,0.000000,0.000000,0.000000,0.469258,0,0,0,0,0,0,0,0
warm_init,rand029,0.0,0,64,1.318334,1.025055,0,0,2.587275e-15,0.000000e+00,0.830204,0.000000,0.000000,0.000000,0.479440,0,0,0,0,0,0,0,0
warm,rand029,0.0,1,64,1.143554,0.905429,0,0,3.693536e-16,0.000000e+00,0.660143,0.000000,0.000000,0.000000,0.474719,0,0,0,0,0,0,0,0
cold,rand029,0.5,0,64,293.538466,1.396455,0,0,6.869438e-15,0.000000e+00,0.851980,0.342625,284.631216,7.104674,0.477790,0,5,320,320,513,0,513,130
cold,rand029,0.5,1,64,293.379692,1.441149,0,0,1.057537e-14,0.000000e+00,0.837566,0.341224,284.496045,7.079950,0.487682,0,5,320,320,513,0,513,130
warm_init,rand029,0.5,0,64,293.470560,1.387549,0,0,6.869438e-15,0.000000e+00,0.832209,0.338824,284.603075,7.081960,0.484148,0,5,320,320,513,0,513,130
warm,rand029,0.5,1,64,293.269994,1.275554,0,0,1.057537e-14,0.000000e+00,0.674705,0.339407,284.546666,7.095799,0.478366,0,5,320,320,513,0,513,130
cold,rand030,0.0,0,64,3.452024,1.460878,0,0,3.765865e-15,0.000000e+00,1.477713,0.000000,0.000000,0.000000,1.965429,0,0,0,0,0,0,0,0
cold,rand030,0.0,1,64,3.595518,1.441908,0,0,4.142430e-15,0.000000e+00,1.338936,0.000000,0.000000,0.000000,2.247532,0,0,0,0,0,0,0,0
warm_init,rand030,0.0,0,64,3.424384,1.441527,0,0,3.765865e-15,0.000000e+00,1.452009,0.000000,0.000000,0.000000,1.963605,0,0,0,0,0,0,0,0
warm,rand030,0.0,1,64,3.360592,1.354426,0,0,4.142430e-15,0.000000e+00,1.062899,0.000000,0.000000,0.000000,2.288871,0,0,0,0,0,0,0,0
cold,rand030,0.5,0,64,235.804587,1.777728,0,0,3.891412e-15,0.000000e+00,1.456210,0.339115,227.388945,4.529943,1.970743,0,5,320,320,410,0,410,0
cold,rand030,0.5,1,64,235.861087,1.758279,0,0,4.142449e-15,0.000000e+00,1.311931,0.343982,227.319364,4.532923,2.233464,0,5,320,320,410,0,410,0
warm_init,rand030,0.5,0,64,235.831890,1.774051,0,0,3.891412e-15,0.000000e+00,1.452352,0.339125,227.426447,4.526392,1.968146,0,5,320,320,410,0,410,0
warm,rand030,0.5,1,64,235.759592,1.684351,0,0,4.142449e-15,0.000000e+00,1.047490,0.344623,227.437272,4.533236,2.277280,0,5,320,320,410,0,410,0
cold,rand031,0.0,0,64,2.420570,1.427748,4,8,1.377628e-16,0.000000e+00,1.072971,0.000000,0.000000,0.000000,1.340262,0,0,0,0,0,0,0,0
cold,rand031,0.0,1,64,2.133138,1.399504,4,8,0.000000e+00,0.000000e+00,1.183922,0.000000,0.000000,0.000000,0.941919,0,0,0,0,0,0,0,0
warm_init,rand031,0.0,0,64,2.401542,1.390424,4,8,1.377628e-16,0.000000e+00,1.056321,0.000000,0.000000,0.000000,1.338022,0,0,0,0,0,0,0,0
warm,rand031,0.0,1,64,1.995812,1.326271,4,8,0.000000e+00,0.000000e+00,1.047060,0.000000,0.000000,0.000000,0.941529,0,0,0,0,0,0,0,0
cold,rand031,0.5,0,64,266.197826,1.704894,4,8,3.865273e-15,0.000000e+00,1.045972,0.272027,256.305147,7.126343,1.338034,0,4,256,256,462,0,462,185
cold,rand031,0.5,1,64,265.803251,1.702974,4,8,4.278063e-15,0.000000e+00,1.169532,0.277436,256.146528,7.159156,0.940983,0,4,256,256,462,0,462,185
warm_init,rand031,0.5,0,64,266.282452,1.695615,4,8,3.865273e-15,0.000000e+00,1.064052,0.271134,256.370145,7.124020,1.343297,0,4,256,256,462,0,462,185
warm,rand031,0.5,1,64,265.777484,1.595336,4,8,4.278063e-15,0.000000e+00,1.050895,0.271338,256.284548,7.117470,0.937871,0,4,256,256,462,0,462,185
cold,rand032,0.0,0,64,0.882982,0.853956,0,0,4.542169e-16,0.000000e+00,0.791615,0.000000,0.000000,0.000000,0.087244,0,0,0,0,0,0,0,0
cold,rand032,0.0,1,64,0.877489,0.846398,0,0,1.816981e-16,0.000000e+00,0.782163,0.000000,0.000000,0.000000,0.091334,0,0,0,0,0,0,0,0
warm_init,rand032,0.0,0,64,0.860563,0.841602,0,0,4.542169e-16,0.000000e+00,0.770635,0.000000,0.000000,0.000000,0.085856,0,0,0,0,0,0,0,0
warm,rand032,0.0,1,64,0.757346,0.727365,0,0,1.816981e-16,0.000000e+00,0.661794,0.000000,0.000000,0.000000,0.091546,0,0,0,0,0,0,0,0
cold,rand032,0.5,0,64,93.911587,0.987738,0,0,4.998041e-15,0.000000e+00,0.766948,0.136070,91.043398,1.831072,0.085443,0,2,128,128,164,0,164,0
cold,rand032,0.5,1,64,93.894331,0.989643,0,0,2.271978e-15,0.000000e+00,0.771130,0.136210,91.018221,1.822577,0.097711,0,2,128,128,164,0,164,0
warm_init,rand032,0.5,0,64,93.788693,0.977834,0,0,4.998041e-15,0.000000e+00,0.764372,0.135731,90.941821,1.812784,0.085616,0,2,128,128,164,0,164,0
warm,rand032,0.5,1,64,93.680377,0.921233,0,0,2.271978e-15,0.000000e+00,0.664408,0.135747,90.924900,1.813421,0.092551,0,2,128,128,164,0,164,0
cold,rand033,0.0,0,64,2.488354,1.298729,0,0,3.395534e-16,0.000000e+00,0.996178,0.000000,0.000000,0.000000,1.475487,0,0,0,0,0,0,0,0
cold,rand033,0.0,1,64,1.953943,1.278848,0,0,1.245314e-15,0.000000e+00,1.118274,0.000000,0.000000,0.000000,0.819120,0,0,0,0,0,0,0,0
warm_init,rand033,0.0,0,64,2.459399,1.326023,0,0,3.395534e-16,0.000000e+00,0.972434,0.000000,0.000000,0.000000,1.470283,0,0,0,0,0,0,0,0
warm,rand033,0.0,1,64,1.506817,1.239432,0,0,1.245314e-15,0.000000e+00,0.559924,0.000000,0.000000,0.000000,0.930365,0,0,0,0,0,0,0,0
cold,rand033,0.5,0,64,1088.882759,2.142023,0,0,1.658084e-08,0.000000e+00,0.974807,0.756182,1032.724981,52.527589,1.511812,0,11,704,704,1860,0,1860,2954
cold,rand033,0.5,1,64,1087.346556,2.081119,0,0,1.661192e-08,0.000000e+00,1.127650,0.754362,1031.688697,52.549749,0.836066,0,11,704,704,1860,0,1860,2954
warm_init,rand033,0.5,0,64,1087.625170,2.071917,0,0,1.658084e-08,0.000000e+00,1.007876,0.749484,1031.521150,52.485499,1.478777,0,11,704,704,1860,0,1860,2954
warm,rand033,0.5,1,64,1086.854657,2.076544,0,0,1.661192e-08,0.000000e+00,0.574889,0.754147,1031.726380,52.476355,0.935653,0,11,704,704,1860,0,1860,2954
cold,rand034,0.0,0,64,0.714888,0.676278,0,0,9.502491e-17,0.000000e+00,0.613660,0.000000,0.000000,0.000000,0.097063,0,0,0,0,0,0,0,0
cold,rand034,0.0,1,64,0.717126,0.669470,0,0,9.501467e-17,0.000000e+00,0.624978,0.000000,0.000000,0.000000,0.088160,0,0,0,0,0,0,0,0
warm_init,rand034,0.0,0,64,0.695558,0.658841,0,0,9.502491e-17,0.000000e+00,0.595378,0.000000,0.000000,0.000000,0.096181,0,0,0,0,0,0,0,0
warm,rand034,0.0,1,64,0.561146,0.539741,0,0,9.501467e-17,0.000000e+00,0.469164,0.000000,0.000000,0.000000,0.087997,0,0,0,0,0,0,0,0
cold,rand034,0.5,0,64,93.726718,0.805568,0,0,9.510365e-17,0.000000e+00,0.588270,0.135868,91.043629,1.814087,0.096301,0,2,128,128,164,0,164,0
cold,rand034,0.5,1,64,93.654332,0.818686,0,0,1.901869e-16,0.000000e+00,0.617726,0.135585,90.922437,1.841405,0.088778,0,2,128,128,164,0,164,0
warm_init,rand034,0.5,0,64,93.683187,0.805381,0,0,9.510365e-17,0.000000e+00,0.595965,0.135738,90.977817,1.826988,0.098253,0,2,128,128,164,0,164,0
warm,rand034,0.5,1,64,93.528041,0.688611,0,0,1.901869e-16,0.000000e+00,0.485425,0.135833,90.955034,1.808504,0.094939,0,2,128,128,164,0,164,0
cold,rand035,0.0,0,64,0.996897,0.923590,0,0,3.646333e-16,0.000000e+00,0.816771,0.000000,0.000000,0.000000,0.174443,0,0,0,0,0,0,0,0
cold,rand035,0.0,1,64,1.022250,0.959269,0,0,1.215095e-16,0.000000e+00,0.830614,0.000000,0.000000,0.000000,0.184465,0,0,0,0,0,0,0,0
warm_init,rand035,0.0,0,64,0.977145,0.900204,0,0,3.646333e-16,0.000000e+00,0.793833,0.000000,0.000000,0.000000,0.177678,0,0,0,0,0,0,0,0
warm,rand035,0.0,1,64,0.967221,0.861624,0,0,1.215095e-16,0.000000e+00,0.709887,0.000000,0.000000,0.000000,0.250083,0,0,0,0,0,0,0,0
cold,rand035,0.5,0,64,170.494528,1.132238,0,0,2.070403e-15,0.000000e+00,0.794068,0.204001,165.377293,3.867734,0.173906,0,3,192,192,298,0,298,52
cold,rand035,0.5,1,64,217.061014,1.228155,0,0,1.339289e-15,0.000000e+00,0.831917,0.271338,210.892350,4.788031,0.176039,0,4,256,256,380,0,380,52
warm_init,rand035,0.5,0,64,170.577198,1.126854,0,0,2.070403e-15,0.000000e+00,0.800678,0.203166,165.429291,3.888954,0.177391,0,3,192,192,298,0,298,52
warm,rand035,0.5,1,64,216.863725,1.139413,0,0,1.339289e-15,0.000000e+00,0.713762,0.270672,210.741042,4.786655,0.250132,0,4,256,256,380,0,380,52
cold,rand036,0.0,0,64,0.705085,0.667309,0,0,3.457351e-16,0.000000e+00,0.608625,0.000000,0.000000,0.000000,0.092396,0,0,0,0,0,0,0,0
cold,rand036,0.0,1,64,0.695030,0.663551,0,0,3.457424e-16,0.000000e+00,0.606320,0.000000,0.000000,0.000000,0.084719,0,0,0,0,0,0,0,0
warm_init,rand036,0.0,0,64,0.680221,0.657302,0,0,3.457351e-16,0.000000e+00,0.584055,0.000000,0.000000,0.000000,0.092138,0,0,0,0,0,0,0,0
warm,rand036,0.0,1,64,0.565795,0.536614,0,0,3.457424e-16,0.000000e+00,0.477348,0.000000,0.000000,0.000000,0.084420,0,0,0,0,0,0,0,0
cold,rand036,0.5,0,64,93.693014,0.812527,0,0,1.729371e-16,0.000000e+00,0.584855,0.135909,91.001736,1.829883,0.092263,0,2,128,128,164,0,164,0
cold,rand036,0.5,1,64,93.609293,0.799004,0,0,1.729408e-16,0.000000e+00,0.590731,0.135304,90.940823,1.809097,0.084858,0,2,128,128,164,0,164,0
warm_init,rand036,0.5,0,64,93.567130,0.792952,0,0,1.729371e-16,0.000000e+00,0.585927,0.135458,90.908242,1.798012,0.091503,0,2,128,128,164,0,164,0
warm,rand036,0.5,1,64,93.535623,0.686755,0,0,1.729408e-16,0.000000e+00,0.478020,0.135820,90.969407,1.811773,0.092165,0,2,128,128,164,0,164,0
cold,rand037,0.0,0,64,3.345437,1.403130,0,0,2.374105e-14,0.000000e+00,1.117143,0.000000,0.000000,0.000000,2.211697,0,0,0,0,0,0,0,0
cold,rand037,0.0,1,64,2.622869,1.431479,0,0,8.041224e-15,0.000000e+00,1.038933,0.000000,0.000000,0.000000,1.575003,0,0,0,0,0,0,0,0
warm_init,rand037,0.0,0,64,3.317948,1.369451,0,0,2.374105e-14,0.000000e+00,1.095335,0.000000,0.000000,0.000000,2.213848,0,0,0,0,0,0,0,0
warm,rand037,0.0,1,64,2.501425,1.291958,0,0,8.041224e-15,0.000000e+00,0.894963,0.000000,0.000000,0.000000,1.597668,0,0,0,0,0,0,0,0
cold,rand037,0.5,0,64,235.797176,1.740081,0,0,2.297531e-14,0.000000e+00,1.100336,0.340282,227.453699,4.566319,2.216740,0,5,320,320,410,0,410,0
cold,rand037,0.5,1,64,235.015286,1.736609,0,0,6.701050e-15,0.000000e+00,1.024375,0.344085,227.408999,4.535802,1.582045,0,5,320,320,410,0,410,0
warm_init,rand037,0.5,0,64,235.718422,1.729763,0,0,2.297531e-14,0.000000e+00,1.092116,0.345192,227.415883,4.528154,2.217196,0,5,320,320,410,0,410,0
warm,rand037,0.5,1,64,234.936885,1.654706,0,0,6.701050e-15,0.000000e+00,0.898533,0.339251,227.457630,4.519840,1.602415,0,5,320,320,410,0,410,0
cold,rand038,0.0,0,64,1.732511,1.488311,0,0,3.743708e-16,0.000000e+00,1.512324,0.000000,0.000000,0.000000,0.216046,0,0,0,0,0,0,0,0
cold,rand038,0.0,1,64,1.678743,1.492163,0,0,1.591075e-14,0.000000e+00,1.470856,0.000000,0.000000,0.000000,0.203761,0,0,0,0,0,0,0,0
warm_init,rand038,0.0,0,64,1.733434,1.488121,0,0,3.743708e-16,0.000000e+00,1.506880,0.000000,0.000000,0.000000,0.222163,0,0,0,0,0,0,0,0
warm,rand038,0.0,1,64,1.627744,1.419938,0,0,1.591075e-14,0.000000e+00,1.345822,0.000000,0.000000,0.000000,0.277872,0,0,0,0,0,0,0,0
cold,rand038,0.5,0,64,94.678262,1.612242,0,0,2.527003e-15,0.000000e+00,1.484708,0.135994,90.984188,1.807185,0.217629,0,2,128,128,164,0,164,0
cold,rand038,0.5,1,64,94.623485,1.603053,0,0,1.506842e-14,0.000000e+00,1.467867,0.135922,90.952917,1.807068,0.211591,0,2,128,128,164,0,164,0
warm_init,rand038,0.5,0,64,94.669288,1.595807,0,0,2.527003e-15,0.000000e+00,1.478879,0.135559,90.973623,1.817624,0.215530,0,2,128,128,164,0,164,0
warm,rand038,0.5,1,64,94.628006,1.563191,0,0,1.506842e-14,0.000000e+00,1.337427,0.135692,91.023590,1.811851,0.271136,0,2,128,128,164,0,164,0
cold,rand039,0.0,0,64,1.031035,0.897229,0,0,6.520916e-15,0.000000e+00,0.898078,0.000000,0.000000,0.000000,0.128766,0,0,0,0,0,0,0,0
cold,rand039,0.0,1,64,0.924870,0.871077,0,0,5.762619e-15,0.000000e+00,0.836251,0.000000,0.000000,0.000000,0.084540,0,0,0,0,0,0,0,0
warm_init,rand039,0.0,0,64,1.018454,0.883235,0,0,6.520916e-15,0.000000e+00,0.886402,0.000000,0.000000,0.000000,0.128028,0,0,0,0,0,0,0,0
warm,rand039,0.0,1,64,0.915247,0.778175,0,0,5.762619e-15,0.000000e+00,0.700449,0.000000,0.000000,0.000000,0.210741,0,0,0,0,0,0,0,0
cold,rand039,0.5,0,64,94.032035,1.031326,0,0,2.881340e-15,0.000000e+00,0.878833,0.135786,91.009203,1.832174,0.127832,0,2,128,128,164,0,164,0
cold,rand039,0.5,1,64,93.952989,1.009494,0,0,6.824167e-15,0.000000e+00,0.827696,0.135887,91.050081,1.803925,0.087009,0,2,128,128,164,0,164,0
warm_init,rand039,0.5,0,64,93.999369,1.021779,0,0,2.881340e-15,0.000000e+00,0.878834,0.135968,90.987686,1.820348,0.127955,0,2,128,128,164,0,164,0
warm,rand039,0.5,1,64,93.928775,0.934328,0,0,6.824167e-15,0.000000e+00,0.707374,0.135752,91.018379,1.816367,0.202578,0,2,128,128,164,0,164,0
