lane	row	case	u	mu_reference	policy	topology_status	topology_events	topology_cells	chart_events	projective_promotions	event_identity_unchanged	cell_plan_unchanged	value_converged	value_stop	mu	value_error	numerical_status	stop	wall_ms	grad_x	grad_y	grad_rho	grad_q	grad_a	quality_x	quality_y	quality_rho	quality_q	quality_a	gradient_a_error	nodes	panels	splits
projective_fold	1	plan15	0	0.054114109079819173	None	0	13	14	0	0	1	1	1	Converged	6.0199533684430548	0.00018847630140474074	0	Converged	1.3816679999999999	0	0	0	0	0	NotRequested	NotRequested	NotRequested	NotRequested	NotRequested	0	144	8	0
projective_fold	1	plan15	0	0.054114109079819173	ValueFirst	0	13	14	0	0	1	1	1	Converged	6.0199533684430548	0.00018847630140475343	0	Converged	0.56482299999999996	5.5616784661144214	-17.137986500958792	-10.35148557365531	-4.9880854993532946	1.2384878941294108	ToleranceMet	ToleranceMet	ToleranceMet	ToleranceMet	ToleranceMet	0.00085202122516165658	184	8	0
projective_fold	2	plan15	0.5	0.054360456007998437	None	0	13	14	0	0	1	1	1	Converged	6.120501629823929	0.00057241807511772833	0	Converged	0.497998	0	0	0	0	0	NotRequested	NotRequested	NotRequested	NotRequested	NotRequested	0	144	8	0
projective_fold	2	plan15	0.5	0.054360456007998437	ValueFirst	0	13	14	0	0	1	1	1	Converged	6.120501629823929	0.00057241807511774026	0	Converged	0.75175000000000003	7.309758019019446	-17.352260827662437	-11.441453803026395	-5.4831820988686966	1.3006760599197442	ToleranceMet	ToleranceMet	ToleranceMet	ToleranceMet	ToleranceMet	0.00097537367242434404	192	8	0
projective_fold	3	resonant	0	0.056745240814052522	None	0	15	16	2	0	1	1	1	Converged	13.73011620615307	0.0003604231103992754	0	Converged	0.57506599999999997	0	0	0	0	0	NotRequested	NotRequested	NotRequested	NotRequested	NotRequested	0	143	9	0
projective_fold	3	resonant	0	0.056745240814052522	ValueFirst	0	15	16	2	0	1	1	1	Converged	13.73011620615307	0.00036042311039929448	0	Converged	0.76613900000000001	155.52847108669567	-93.344502980549919	-97.151215128709296	-42.286494926826308	-2.8705635310823272	ToleranceMet	ToleranceMet	ToleranceMet	ToleranceMet	ToleranceMet	0.0022723942890441702	207	9	0
projective_fold	4	resonant	0.5	0.049058008880820125	None	0	15	16	2	0	1	1	1	Converged	13.877481553314679	0.00073367260155392158	0	Converged	0.65964500000000004	0	0	0	0	0	NotRequested	NotRequested	NotRequested	NotRequested	NotRequested	0	143	9	0
projective_fold	4	resonant	0.5	0.049058008880820125	ValueFirst	0	15	16	2	0	1	1	1	Converged	13.877481553314679	0.00073367260155296661	0	Converged	0.89273199999999997	166.71074322314891	-122.32031081443874	-85.563331519708015	-44.317231160946712	-2.9009584432523288	ToleranceMet	ToleranceMet	FiniteUncertified	ToleranceMet	FiniteUncertified	0.0082466509701412775	191	9	0
projective_fold	5	close-binary	0	0.042338814993854612	None	0	15	16	2	0	1	1	1	Converged	8.1331871359219665	0.00032451316869867966	0	Converged	0.39263799999999999	0	0	0	0	0	NotRequested	NotRequested	NotRequested	NotRequested	NotRequested	0	112	8	0
projective_fold	5	close-binary	0	0.042338814993854612	ValueFirst	0	15	16	2	0	1	1	1	Converged	8.1331871359219665	0.000324513168698675	0	Converged	0.51758499999999996	-50.834954463205619	40.750227419012774	-11.059390699723549	8.2684281315005954	33.087477998487493	ToleranceMet	ToleranceMet	ToleranceMet	ToleranceMet	ToleranceMet	0.00079550743715962424	160	8	0
projective_fold	6	close-binary	0.5	0.038246887968853116	None	0	15	16	2	0	1	1	1	Converged	8.083399716929458	0.00027321727319787813	0	Converged	0.471605	0	0	0	0	0	NotRequested	NotRequested	NotRequested	NotRequested	NotRequested	0	128	8	0
projective_fold	6	close-binary	0.5	0.038246887968853116	ValueFirst	0	15	16	2	0	1	1	1	Converged	8.083399716929458	0.00027321727319782956	0	Converged	0.58787400000000001	-51.658714890095979	50.779817870792968	-5.4495831708124625	8.3456781952350418	34.02066368737389	FiniteUncertified	ToleranceMet	FiniteUncertified	FiniteUncertified	FiniteUncertified	0.034444976024810739	128	8	0
projective_fold	7	wide-planet	0	0.013628996908664703	None	0	12	13	0	0	1	1	1	Converged	1.1591934436470936	2.8246149414946138e-05	0	Converged	0.345827	0	0	0	0	0	NotRequested	NotRequested	NotRequested	NotRequested	NotRequested	0	53	3	0
projective_fold	7	wide-planet	0	0.013628996908664703	ValueFirst	0	12	13	0	0	1	1	1	Converged	1.1591934436470936	2.8246149414943604e-05	0	Converged	0.38141599999999998	-0.27591187622231489	-0.027827322670714139	0.002679608879312281	1.5221070549066786	-0.0043240454302161885	ToleranceMet	ToleranceMet	FiniteUncertified	ToleranceMet	FiniteUncertified	5.3706159343800428e-06	77	3	0
projective_fold	8	wide-planet	0.5	0.013606642023660243	None	0	12	13	0	0	1	1	1	Converged	1.1591902258251667	5.7448747082315809e-07	0	Converged	0.357597	0	0	0	0	0	NotRequested	NotRequested	NotRequested	NotRequested	NotRequested	0	69	3	0
projective_fold	8	wide-planet	0.5	0.013606642023660243	ValueFirst	0	12	13	0	0	1	1	1	Converged	1.1591902258251665	5.7448747036616391e-07	0	Converged	0.49413099999999999	-0.27590314071229649	-0.027833463596020167	0.0024651818009608284	1.5224415421384681	-0.004325054338036682	ToleranceMet	ToleranceMet	FiniteUncertified	ToleranceMet	ToleranceMet	2.1157042687332648e-07	93	3	0
projective_fold	9	cusp-approach	0	0.014783314953092486	None	0	10	11	0	0	1	1	1	Converged	1.5003323150038625	2.7652929293658215e-05	0	Converged	0.21498	0	0	0	0	0	NotRequested	NotRequested	NotRequested	NotRequested	NotRequested	0	76	4	0
projective_fold	9	cusp-approach	0	0.014783314953092486	ValueFirst	0	10	11	0	0	1	1	1	Converged	1.5003323150038625	2.7652929293661048e-05	0	Converged	0.30843799999999999	-1.0247141772145751	0.66953636629173352	0.028441884679996247	0.4154220532681383	0.24082098840244551	ToleranceMet	ToleranceMet	ToleranceMet	ToleranceMet	ToleranceMet	1.3538440129500824e-06	124	4	0
projective_fold	10	cusp-approach	0.5	0.01469972194172442	None	0	10	11	0	0	1	1	1	Converged	1.5002754656949193	6.5449510911857746e-05	0	Converged	0.229076	0	0	0	0	0	NotRequested	NotRequested	NotRequested	NotRequested	NotRequested	0	76	4	0
projective_fold	10	cusp-approach	0.5	0.01469972194172442	ValueFirst	0	10	11	0	0	1	1	1	Converged	1.5002754656949193	6.544951091186257e-05	0	Converged	0.39407399999999998	-1.0244981709672247	0.66945847731103436	0.026162854341140483	0.41533330116257189	0.24072922515756381	ToleranceMet	ToleranceMet	ToleranceMet	ToleranceMet	ToleranceMet	1.3737643434687832e-06	124	4	0
projective_fold	11	on-axis-off	0	0.015436185989528894	None	0	18	15	2	2	1	1	1	Converged	3.8270936381831029	0.00033999878491487528	0	Converged	0.68176800000000004	0	0	0	0	0	NotRequested	NotRequested	NotRequested	NotRequested	NotRequested	0	99	5	0
projective_fold	11	on-axis-off	0	0.015436185989528894	ValueFirst	0	18	15	2	2	1	1	1	Converged	3.8270936381831029	0.00033999878491487045	0	Converged	0.84324399999999999	1.1670984136360469	1.0804850038586028e-11	0.80406240152746367	-0.56133369702939884	-6.2228943908399668	FiniteUncertified	ToleranceMet	FiniteUncertified	FiniteUncertified	ToleranceMet	0.00071379280160153481	171	5	0
projective_fold	12	on-axis-off	0.5	0.015398329123854637	None	0	18	15	2	2	1	1	1	Converged	3.8254981954427651	0.00025106691625304776	0	Converged	0.718364	0	0	0	0	0	NotRequested	NotRequested	NotRequested	NotRequested	NotRequested	0	115	5	0
projective_fold	12	on-axis-off	0.5	0.015398329123854637	ValueFirst	0	18	15	2	2	1	1	1	Converged	3.8254981954427651	0.00025106691625303952	0	Converged	1.2299020000000001	1.1574829409588743	-1.9043782912665288e-11	0.73837839721765397	-0.55747230842522411	-6.2089551217951477	ToleranceMet	ToleranceMet	ToleranceMet	ToleranceMet	ToleranceMet	6.8021684578172853e-06	235	5	0
projective_fold	13	R=sqrt(m0)	0	0.015043985971715301	None	0	12	13	0	0	1	1	1	Converged	1.3878220326641879	0.00012356241979830681	0	Converged	0.23064499999999999	0	0	0	0	0	NotRequested	NotRequested	NotRequested	NotRequested	NotRequested	0	68	4	0
projective_fold	13	R=sqrt(m0)	0	0.015043985971715301	ValueFirst	0	12	13	0	0	1	1	1	Converged	1.3878220326641879	0.00012356241979831359	0	Converged	0.34631499999999998	0.11690247439263249	-1.0212674964615853	0.013995870856612788	-0.19883829515585727	-0.17111952525778598	ToleranceMet	ToleranceMet	FiniteUncertified	ToleranceMet	ToleranceMet	3.1447296041366522e-06	140	4	0
projective_fold	14	R=sqrt(m0)	0.5	0.015003966982476413	None	0	12	13	0	0	1	1	1	Converged	1.3878052400657834	9.6984914697240672e-05	0	Converged	0.251473	0	0	0	0	0	NotRequested	NotRequested	NotRequested	NotRequested	NotRequested	0	84	4	0
projective_fold	14	R=sqrt(m0)	0.5	0.015003966982476413	ValueFirst	0	12	13	0	0	1	1	1	Converged	1.3878052400657834	9.6984914697696606e-05	0	Converged	0.42554599999999998	0.11687948094518438	-1.0212061431639365	0.012875737191995647	-0.19882936008977994	-0.17110865029064243	ToleranceMet	ToleranceMet	ToleranceMet	ToleranceMet	ToleranceMet	1.9049000269630149e-06	140	4	0
projective_fold	15	tiny-rho	0	0.015078365162480623	None	0	14	15	0	0	1	1	1	Converged	38.337679647339648	0.0037248851665542407	0	Converged	0.445909	0	0	0	0	0	NotRequested	NotRequested	NotRequested	NotRequested	NotRequested	0	106	6	0
projective_fold	15	tiny-rho	0	0.015078365162480623	ValueFirst	0	14	15	0	0	1	1	1	Converged	38.337679647339648	0.0037248851665539224	0	Converged	0.55906	-3354.9086201014557	2327.8247696343037	373.83691947347427	709.47464556123168	-9.3784818510065158	ToleranceMet	ToleranceMet	ToleranceMet	ToleranceMet	ToleranceMet	0.0058350057211956846	170	6	0
projective_fold	16	tiny-rho	0.5	0.015141522046178579	None	0	14	15	0	0	1	1	1	Converged	38.322870889637002	0.0016211347484606641	0	Converged	0.50238000000000005	0	0	0	0	0	NotRequested	NotRequested	NotRequested	NotRequested	NotRequested	0	122	6	0
projective_fold	16	tiny-rho	0.5	0.015141522046178579	ValueFirst	0	14	15	0	0	1	1	1	Converged	38.322870889637002	0.0016211347484639889	0	Converged	0.70311800000000002	-3347.6234337612173	2321.9123003707555	343.15568249110339	707.86196346871907	-9.3629941831365571	ToleranceMet	ToleranceMet	ToleranceMet	ToleranceMet	ToleranceMet	0.0035037091918934393	170	6	0
projective_fold	17	caustic-cross	0	0.064207624818664044	None	0	16	14	2	2	1	1	1	Converged	31.943882703752212	0.00013594219144659022	0	Converged	0.71016999999999997	0	0	0	0	0	NotRequested	NotRequested	NotRequested	NotRequested	NotRequested	0	91	5	0
projective_fold	17	caustic-cross	0	0.064207624818664044	ValueFirst	0	16	14	2	2	1	1	1	Converged	31.943882703752212	0.00013594219144650641	0	Converged	0.820164	127.76800770273344	4.1733967528639751e-10	-1196.5290424999657	-41.359935687628372	-2.4046891773126045	ToleranceMet	ToleranceMet	ToleranceMet	ToleranceMet	ToleranceMet	0.0022855318439422038	139	5	0
projective_fold	18	caustic-cross	0.5	0.058039367198944092	None	0	16	14	2	2	1	1	1	Converged	33.288801805520592	0.00061592895559050664	0	Converged	0.76403100000000002	0	0	0	0	0	NotRequested	NotRequested	NotRequested	NotRequested	NotRequested	0	91	5	0
projective_fold	18	caustic-cross	0.5	0.058039367198944092	ValueFirst	0	16	14	2	2	1	1	1	Converged	33.288801805520592	0.00061592895559050361	0	Converged	1.1124540000000001	77.517892113009324	2.4733137230258629e-10	-1202.2714105866073	-34.050046375997034	-2.6411512722770576	FiniteUncertified	FiniteUncertified	ToleranceMet	FiniteUncertified	FiniteUncertified	0.030599787089018043	171	5	0
projective_fold	19	extreme-q-lo	0	0.0271079619997181	None	0	12	13	0	0	1	1	1	Converged	1.6758184942457057	0.00011830302474223491	0	Converged	0.38286100000000001	0	0	0	0	0	NotRequested	NotRequested	NotRequested	NotRequested	NotRequested	0	53	3	0
projective_fold	19	extreme-q-lo	0	0.0271079619997181	ValueFirst	0	12	13	0	0	1	1	1	Converged	1.6758184942457057	0.00011830302474225551	0	Converged	0.437946	-1.7028669873062068	-0.12357189393468546	0.016799596702612156	-11.178840343780106	0.0011283480239294426	ToleranceMet	ToleranceMet	FiniteUncertified	ToleranceMet	ToleranceMet	3.1138013981857068e-07	77	3	0
projective_fold	20	extreme-q-lo	0.5	0.029556070046965033	None	0	12	13	0	0	1	1	1	Converged	1.6758050595845733	4.4888695041742101e-09	0	Converged	0.47206999999999999	0	0	0	0	0	NotRequested	NotRequested	NotRequested	NotRequested	NotRequested	0	69	3	0
projective_fold	20	extreme-q-lo	0.5	0.029556070046965033	ValueFirst	0	12	13	0	0	1	1	1	Converged	1.6758050595845733	4.4888695395818847e-09	0	Converged	0.68521699999999996	-1.7028182740197784	-0.12354242738559369	0.015454306775438327	-11.686797259512122	0.0011364800548449713	ToleranceMet	ToleranceMet	ToleranceMet	ToleranceMet	ToleranceMet	4.1255793920911709e-08	125	3	0
projective_fold	21	extreme-q-planet	0	4.6431154648307711	None	0	14	15	2	0	1	1	1	Converged	1.3710366675865318	7.4439476872679647e-05	0	Converged	0.48422700000000002	0	0	0	0	0	NotRequested	NotRequested	NotRequested	NotRequested	NotRequested	0	90	6	0
projective_fold	21	extreme-q-planet	0	4.6431154648307711	ValueFirst	0	14	15	2	0	1	1	1	Converged	1.3710366675865318	7.4439476872680799e-05	0	Converged	0.61020200000000002	-2.199501998245827	-4.6001112302179248	1.1536015532949779	1090.8599610510471	2.0277335962939964	FiniteUncertified	FiniteUncertified	FiniteUncertified	ToleranceMet	FiniteUncertified	0.0034409004249857369	154	6	0
projective_fold	22	extreme-q-planet	0.5	4.6434127409011126	None	0	14	15	2	0	1	1	1	Converged	1.3699283224607157	9.0208941252417331e-05	0	Converged	0.52090599999999998	0	0	0	0	0	NotRequested	NotRequested	NotRequested	NotRequested	NotRequested	0	90	6	0
projective_fold	22	extreme-q-planet	0.5	4.6434127409011126	ValueFirst	0	14	15	2	0	1	1	1	Converged	1.3699283224607157	9.0208941252461418e-05	0	Converged	0.79447500000000004	-2.0226040987764082	-4.863126828439392	1.2062045135706618	1048.8881917346614	1.7856565712752883	FiniteUncertified	FiniteUncertified	FiniteUncertified	ToleranceMet	FiniteUncertified	0.0025109219154995678	162	6	0
projective_fold	23	very-wide	0	4.9401889555156231e-05	None	0	12	13	0	0	1	1	1	Converged	1.032499564055972	3.5242533445978422e-06	0	Converged	0.30132300000000001	0	0	0	0	0	NotRequested	NotRequested	NotRequested	NotRequested	NotRequested	0	61	3	0
projective_fold	23	very-wide	0	4.9401889555156231e-05	ValueFirst	0	12	13	0	0	1	1	1	Converged	1.032499564055972	3.5242533446097744e-06	0	Converged	0.36927199999999999	0.011006400369657046	-0.015145572412824678	4.5718590898821774e-05	0.03067919585287239	-0.032042872845373084	ToleranceMet	ToleranceMet	FiniteUncertified	ToleranceMet	ToleranceMet	1.5890352325088028e-06	93	3	0
projective_fold	24	very-wide	0.5	5.4054951760917902e-05	None	0	12	13	0	0	1	1	1	Converged	1.032499473239388	1.6885836749368709e-05	0	Converged	0.30137599999999998	0	0	0	0	0	NotRequested	NotRequested	NotRequested	NotRequested	NotRequested	0	61	3	0
projective_fold	24	very-wide	0.5	5.4054951760917902e-05	ValueFirst	0	12	13	0	0	1	1	1	Converged	1.032499473239388	1.6885836749380957e-05	0	Converged	0.41756900000000002	0.011005406368788363	-0.015148125509550145	4.1994080515409611e-05	0.030678708752274259	-0.032042393605454168	ToleranceMet	ToleranceMet	FiniteUncertified	ToleranceMet	ToleranceMet	9.9337209628510588e-07	93	3	0
projective_fold	25	very-close	0	0.068072454072535038	None	0	14	15	2	0	1	1	1	Converged	25.120844828671679	0.001765736390352736	0	Converged	0.61663599999999996	0	0	0	0	0	NotRequested	NotRequested	NotRequested	NotRequested	NotRequested	0	111	9	0
projective_fold	25	very-close	0	0.068072454072535038	ValueFirst	0	14	15	2	0	1	1	1	Converged	25.120844828671679	0.0017657363903528021	0	Converged	0.74703699999999995	-70.540570148790664	-451.45218095031208	16.786696770363836	5.5379247566860066	3.0353989339203653	FiniteUncertified	FiniteUncertified	FiniteUncertified	FiniteUncertified	FiniteUncertified	0.30642892148033996	183	9	0
projective_fold	26	very-close	0.5	0.059250488877296448	None	0	14	15	2	0	1	1	1	Converged	24.840309469393112	0.0024065485962617441	0	Converged	0.75973500000000005	0	0	0	0	0	NotRequested	NotRequested	NotRequested	NotRequested	NotRequested	0	111	9	0
projective_fold	26	very-close	0.5	0.059250488877296448	ValueFirst	0	14	15	2	0	1	1	1	Converged	24.840309469393112	0.0024065485962674583	0	Converged	1.1768179999999999	-69.814570982547494	-486.55292776954076	45.818936701516961	5.6513384304780407	5.0920766730900242	FiniteUncertified	FiniteUncertified	FiniteUncertified	FiniteUncertified	FiniteUncertified	0.3732404587178092	183	9	0
projective_fold	27	fold-tangent	0	0.032063627033494413	None	0	13	14	0	0	1	1	1	Converged	6.0800735555911922	0.0005176847445563631	0	Converged	0.45516699999999999	0	0	0	0	0	NotRequested	NotRequested	NotRequested	NotRequested	NotRequested	0	136	8	0
projective_fold	27	fold-tangent	0	0.032063627033494413	ValueFirst	0	13	14	0	0	1	1	1	Converged	6.0800735555911922	0.00051768474455637307	0	Converged	0.58150800000000002	21.200107016553606	-1.279151593266687	-32.896535118427352	-5.1624464007994737	-27.247351486668197	ToleranceMet	ToleranceMet	ToleranceMet	ToleranceMet	ToleranceMet	0.0016265009986937695	208	8	0
projective_fold	28	fold-tangent	0.5	0.031508547952398658	None	0	13	14	0	0	1	1	1	Converged	6.0643547132427233	0.00050557081428601373	0	Converged	0.48815700000000001	0	0	0	0	0	NotRequested	NotRequested	NotRequested	NotRequested	NotRequested	0	152	8	0
projective_fold	28	fold-tangent	0.5	0.031508547952398658	ValueFirst	0	13	14	0	0	1	1	1	Converged	6.0643547132427233	0.00050557081428607249	0	Converged	0.69105099999999997	34.607734041333856	2.3626075001064484	-21.708370140288043	-9.401027420581066	-41.946840493820304	ToleranceMet	ToleranceMet	ToleranceMet	ToleranceMet	ToleranceMet	0.0075078466655153654	192	8	0
projective_fold	29	rand000	0	0.014252951077651232	None	0	12	12	0	0	1	1	1	Converged	1.9390773069911766	5.6569913990391651e-06	0	Converged	0.38547700000000001	0	0	0	0	0	NotRequested	NotRequested	NotRequested	NotRequested	NotRequested	0	75	5	0
projective_fold	29	rand000	0	0.014252951077651232	ValueFirst	0	12	12	0	0	1	1	1	Converged	1.9390773069911766	5.6569913990448538e-06	0	Converged	0.46566000000000002	2.0324766225235411	-1.7037918518927406	0.04230619375605827	1.110299341483663	-2.9174592639356865e-06	ToleranceMet	ToleranceMet	ToleranceMet	ToleranceMet	ToleranceMet	8.2538175758237528e-09	115	5	0
projective_fold	30	rand000	0.5	0.014132565935142338	None	0	12	12	0	0	1	1	1	Converged	1.9390266451764753	3.4069988526292597e-06	0	Converged	0.42424299999999998	0	0	0	0	0	NotRequested	NotRequested	NotRequested	NotRequested	NotRequested	0	75	5	0
projective_fold	30	rand000	0.5	0.014132565935142338	ValueFirst	0	12	12	0	0	1	1	1	Converged	1.9390266451764753	3.4069988525096066e-06	0	Converged	0.60850499999999996	2.0322828211315231	-1.7036293914441401	0.0389180812362259	1.1099091132460677	-2.9156008311661911e-06	ToleranceMet	ToleranceMet	ToleranceMet	ToleranceMet	ToleranceMet	1.8875434281615015e-07	115	5	0
projective_fold	31	rand001	0	0.028276485099922866	None	0	12	13	0	0	1	1	1	Converged	1.8549947114997143	9.664289880901219e-06	0	Converged	0.36151100000000003	0	0	0	0	0	NotRequested	NotRequested	NotRequested	NotRequested	NotRequested	0	68	4	0
projective_fold	31	rand001	0	0.028276485099922866	ValueFirst	0	12	13	0	0	1	1	1	Converged	1.8549947114997143	9.6642898808916679e-06	0	Converged	0.40019300000000002	-1.6160846902219144	-1.7400753176343096	0.20297876610931387	-0.87021561689153826	0.0075014639827637722	ToleranceMet	ToleranceMet	ToleranceMet	ToleranceMet	ToleranceMet	1.7392751750877692e-06	108	4	0
projective_fold	32	rand001	0.5	0.030639454897027463	None	0	12	13	0	0	1	1	1	Converged	1.8537210283970971	8.5631501532578482e-06	0	Converged	0.33650400000000003	0	0	0	0	0	NotRequested	NotRequested	NotRequested	NotRequested	NotRequested	0	68	4	0
projective_fold	32	rand001	0.5	0.030639454897027463	ValueFirst	0	12	13	0	0	1	1	1	Converged	1.8537210283970971	8.5631501532479803e-06	0	Converged	0.484711	-1.6120765928632508	-1.7352799365720051	0.18624762082208607	-0.87368512596900338	0.0074951027191697732	ToleranceMet	ToleranceMet	ToleranceMet	ToleranceMet	ToleranceMet	2.3072979224680705e-08	124	4	0
projective_fold	33	rand002	0	0.013185361982323229	None	0	10	10	0	0	1	1	1	Converged	2.5473527185520197	0.00022897423834038918	0	Converged	0.42622500000000002	0	0	0	0	0	NotRequested	NotRequested	NotRequested	NotRequested	NotRequested	0	53	3	0
projective_fold	33	rand002	0	0.013185361982323229	ValueFirst	0	10	10	0	0	1	1	1	Converged	2.5473527185520197	0.00022897423834039032	0	Converged	0.47805399999999998	5.2755502362840625	1.1031034336288432	0.25085161474784717	-1.7895160354682829	1.0470381115231726e-05	ToleranceMet	ToleranceMet	ToleranceMet	ToleranceMet	ToleranceMet	6.1850635443511142e-09	77	3	0
projective_fold	34	rand002	0.5	0.013282940955832601	None	0	10	10	0	0	1	1	1	Converged	2.5466658117848757	1.0876810148150267e-08	0	Converged	0.449573	0	0	0	0	0	NotRequested	NotRequested	NotRequested	NotRequested	NotRequested	0	69	3	0
projective_fold	34	rand002	0.5	0.013282940955832601	ValueFirst	0	10	10	0	0	1	1	1	Converged	2.5466658117848757	1.0876810163335646e-08	0	Converged	0.53675099999999998	5.2708313168055456	1.1021167057498249	0.23055961937976943	-1.7885806749509594	1.0461168417359396e-05	ToleranceMet	ToleranceMet	ToleranceMet	ToleranceMet	ToleranceMet	1.059171455781331e-07	77	3	0
projective_fold	35	rand003	0	4.4065583349438384	None	0	14	14	2	0	1	1	1	Converged	2.1559988418171221	7.0184934165962253e-06	0	Converged	0.415269	0	0	0	0	0	NotRequested	NotRequested	NotRequested	NotRequested	NotRequested	0	115	5	0
projective_fold	35	rand003	0	4.4065583349438384	ValueFirst	0	14	14	2	0	1	1	1	Converged	2.1559988418171221	7.0184934165986021e-06	0	Converged	0.60351999999999995	3.6470416302955275	-0.33179517687734406	0.6122583778023184	-0.62481991303272755	-2.0949289568761925e-06	ToleranceMet	ToleranceMet	ToleranceMet	ToleranceMet	ToleranceMet	6.5743085626728402e-09	179	5	0
projective_fold	36	rand003	0.5	4.4068305459804833	None	0	14	14	2	0	1	1	1	Converged	2.1496379563436308	0.00018594111818236731	0	Converged	0.41006199999999998	0	0	0	0	0	NotRequested	NotRequested	NotRequested	NotRequested	NotRequested	0	83	5	0
projective_fold	36	rand003	0.5	4.4068305459804833	ValueFirst	0	14	14	2	0	1	1	1	Converged	2.1496379563436308	0.00018594111818233077	0	Converged	0.800902	3.6079531440155868	-0.3282390406851835	0.55707534212747378	-0.62052855307112487	-2.0911629220834573e-06	ToleranceMet	ToleranceMet	ToleranceMet	ToleranceMet	ToleranceMet	2.0589348742620902e-08	179	5	0
projective_fold	37	rand004	0	0.013296436984091997	None	0	10	11	0	0	1	1	1	Converged	1.3953116562280516	6.6303677404879659e-05	0	Converged	0.22664300000000001	0	0	0	0	0	NotRequested	NotRequested	NotRequested	NotRequested	NotRequested	0	53	3	0
projective_fold	37	rand004	0	0.013296436984091997	ValueFirst	0	10	11	0	0	1	1	1	Converged	1.3953116562280516	6.6303677404880838e-05	0	Converged	0.248582	-0.75207811818434145	0.4305989090826286	0.044974781501050935	0.097789563969420859	0.10846050155666266	ToleranceMet	ToleranceMet	ToleranceMet	ToleranceMet	ToleranceMet	4.0464583969854987e-06	77	3	0
projective_fold	38	rand004	0.5	0.013310419046320021	None	0	10	11	0	0	1	1	1	Converged	1.3950903758156228	7.8801435508804323e-06	0	Converged	0.25624200000000003	0	0	0	0	0	NotRequested	NotRequested	NotRequested	NotRequested	NotRequested	0	69	3	0
projective_fold	38	rand004	0.5	0.013310419046320021	ValueFirst	0	10	11	0	0	1	1	1	Converged	1.3950903758156228	7.8801435508864665e-06	0	Converged	0.326712	-0.75146096951882435	0.43024348423289865	0.041351250197350066	0.097689526447681738	0.10832911748703043	ToleranceMet	ToleranceMet	ToleranceMet	ToleranceMet	ToleranceMet	1.6969615651018575e-07	93	3	0
projective_fold	39	rand005	0	0.025239364942535758	None	0	10	10	0	0	1	1	1	Converged	1.4689930145548684	9.9974264659155501e-05	0	Converged	0.63048999999999999	0	0	0	0	0	NotRequested	NotRequested	NotRequested	NotRequested	NotRequested	0	53	3	0
projective_fold	39	rand005	0	0.025239364942535758	ValueFirst	0	10	10	0	0	1	1	1	Converged	1.4689930145548684	9.9974264659132936e-05	0	Converged	0.65412300000000001	0.96796877660484826	0.45609615821044541	0.092894765020692244	-0.55124168261546291	1.96267930759389e-07	ToleranceMet	ToleranceMet	ToleranceMet	ToleranceMet	ToleranceMet	1.6444923178509709e-07	69	3	0
projective_fold	40	rand005	0.5	0.027329299075063318	None	0	10	10	0	0	1	1	1	Converged	1.4682484776243496	2.106693560367315e-08	0	Converged	0.65117599999999998	0	0	0	0	0	NotRequested	NotRequested	NotRequested	NotRequested	NotRequested	0	69	3	0
projective_fold	40	rand005	0.5	0.027329299075063318	ValueFirst	0	10	10	0	0	1	1	1	Converged	1.4682484776243496	2.1066935609875374e-08	0	Converged	0.67853600000000003	0.96563520817071458	0.45499660734193015	0.085298121144270447	-0.55062215474353715	1.9561976901782338e-07	ToleranceMet	ToleranceMet	ToleranceMet	ToleranceMet	ToleranceMet	5.2398899439593367e-07	69	3	0
projective_fold	41	rand006	0	0.029523028060793877	None	0	12	13	2	0	1	1	1	Converged	1.9709732048472273	9.6830215302282289e-05	0	Converged	0.296879	0	0	0	0	0	NotRequested	NotRequested	NotRequested	NotRequested	NotRequested	0	67	5	0
projective_fold	41	rand006	0	0.029523028060793877	ValueFirst	0	12	13	2	0	1	1	1	Converged	1.9709732048472273	9.6830215302273615e-05	0	Converged	0.39066200000000001	-2.7194901557270743	0.74700046812344856	0.33794166701282813	0.40308023201250248	0.00035063811057299381	ToleranceMet	ToleranceMet	ToleranceMet	ToleranceMet	ToleranceMet	6.8579904842340554e-09	107	5	0
projective_fold	42	rand006	0.5	0.031951645039953291	None	0	12	13	2	0	1	1	1	Converged	1.9681076866129232	0.00019303709454162834	0	Converged	0.31429600000000002	0	0	0	0	0	NotRequested	NotRequested	NotRequested	NotRequested	NotRequested	0	67	5	0
projective_fold	42	rand006	0.5	0.031951645039953291	ValueFirst	0	12	13	2	0	1	1	1	Converged	1.9681076866129232	0.00019303709454153876	0	Converged	0.46411799999999998	-2.704884300505856	0.742988521950396	0.30925877885538289	0.40072867572515997	0.00034863904993414995	ToleranceMet	ToleranceMet	ToleranceMet	ToleranceMet	ToleranceMet	5.7683301227631324e-08	107	5	0
projective_fold	43	rand007	0	4.7573994379490614e-05	None	0	11	10	0	0	1	1	0	TopologyUnresolved	3.2102867650077558	0.45138524677335756	8	TopologyUnresolved	0.63548499999999997	0	0	0	0	0	NotRequested	NotRequested	NotRequested	NotRequested	NotRequested	0	15	3	0
projective_fold	43	rand007	0	4.7573994379490614e-05	ValueFirst	0	11	10	0	0	1	1	0	TopologyUnresolved	3.2102867650077558	0.45138524677335751	8	TopologyUnresolved	0.65605100000000005	-6.7259967112133729	-6.2623871120112957	1.1051869668192182	-0.46251802469045089	-6.6201136026943759e-09	Invalid	Invalid	Invalid	Invalid	Invalid	4.7388267237165832e-07	15	3	0
projective_fold	44	rand007	0.5	4.8039946705102921e-05	None	0	11	10	0	0	1	1	0	TopologyUnresolved	3.2081390831304208	0.46412461094810853	8	TopologyUnresolved	0.69408199999999998	0	0	0	0	0	NotRequested	NotRequested	NotRequested	NotRequested	NotRequested	0	15	3	0
projective_fold	44	rand007	0.5	4.8039946705102921e-05	ValueFirst	0	11	10	0	0	1	1	0	TopologyUnresolved	3.2081390831304208	0.46412461094810903	8	TopologyUnresolved	0.684145	-6.7282953517951576	-6.2645273117786608	7.5707351420324756	-0.45939115076353298	-6.6244737580131202e-09	Invalid	Invalid	Invalid	Invalid	Invalid	1.5129883805068098e-06	15	3	0
projective_fold	45	rand008	0	5.0177040975540876e-05	None	0	12	13	0	0	1	1	1	Converged	1.2029724641437158	3.5756316348581988e-05	0	Converged	0.29372500000000001	0	0	0	0	0	NotRequested	NotRequested	NotRequested	NotRequested	NotRequested	0	53	3	0
projective_fold	45	rand008	0	5.0177040975540876e-05	ValueFirst	0	12	13	0	0	1	1	1	Converged	1.2029724641437158	3.5756316348579271e-05	0	Converged	0.34896500000000003	0.31208832388613728	0.2130061728219334	0.00019604680720402222	-0.051557344413896894	0.0001453975273639613	FiniteUncertified	FiniteUncertified	FiniteUncertified	FiniteUncertified	FiniteUncertified	1.9214953550483165e-05	77	3	0
projective_fold	46	rand008	0.5	5.0307950004935265e-05	None	0	12	13	0	0	1	1	1	Converged	1.2029724529929717	1.3413631963133278e-08	0	Converged	0.30373	0	0	0	0	0	NotRequested	NotRequested	NotRequested	NotRequested	NotRequested	0	69	3	0
projective_fold	46	rand008	0.5	5.0307950004935265e-05	ValueFirst	0	12	13	0	0	1	1	1	Converged	1.2029724529929717	1.3413631950018032e-08	0	Converged	0.450264	0.31208829154752588	0.2130061505900526	0.00018035933599422897	-0.051557336394717483	0.00014539755542921989	FiniteUncertified	FiniteUncertified	FiniteUncertified	ToleranceMet	FiniteUncertified	2.677315876815817e-06	93	3	0
projective_fold	47	rand009	0	0.012683790002483875	None	0	12	13	0	0	1	1	1	Converged	12.892230113272404	6.4425529218237021e-09	0	Converged	0.41176400000000002	0	0	0	0	0	NotRequested	NotRequested	NotRequested	NotRequested	NotRequested	0	69	3	0
projective_fold	47	rand009	0	0.012683790002483875	ValueFirst	0	12	13	0	0	1	1	1	Converged	12.892230113272404	6.4425530773877913e-09	0	Converged	0.49210799999999999	-155.85657956702875	54.337667126556681	0.8013165093198773	66.427142609123109	-0.10513063155594704	ToleranceMet	ToleranceMet	FiniteUncertified	ToleranceMet	ToleranceMet	1.5285475721055065e-05	77	3	0
projective_fold	48	rand009	0.5	0.01264294603606686	None	0	12	13	0	0	1	1	1	Converged	12.892184828364094	3.4756568740688853e-08	0	Converged	0.481271	0	0	0	0	0	NotRequested	NotRequested	NotRequested	NotRequested	NotRequested	0	69	3	0
projective_fold	48	rand009	0.5	0.01264294603606686	ValueFirst	0	12	13	0	0	1	1	1	Converged	12.892184828364094	3.4756569042980533e-08	0	Converged	0.62812599999999996	-155.85492646711123	54.33696713776223	0.73720360271087892	66.402434296761754	-0.10515813163209987	ToleranceMet	ToleranceMet	FiniteUncertified	ToleranceMet	ToleranceMet	3.2932531826652242e-06	93	3	0
projective_fold	49	rand010	0	0.14108233514707536	None	0	14	15	2	0	1	1	1	Converged	16.36677414499939	0.0010814049979283222	0	Converged	0.59321299999999999	0	0	0	0	0	NotRequested	NotRequested	NotRequested	NotRequested	NotRequested	0	75	5	0
projective_fold	49	rand010	0	0.14108233514707536	ValueFirst	0	14	15	2	0	1	1	1	Converged	16.36677414499939	0.0010814049979283623	0	Converged	0.62836899999999996	-262.40265627392603	66.13494145210953	22.92611305586707	65.036996205969672	-0.012536242428623931	ToleranceMet	ToleranceMet	ToleranceMet	ToleranceMet	ToleranceMet	2.7821248199402747e-07	107	5	0
projective_fold	50	rand010	0.5	0.15505053906235844	None	0	14	15	2	0	1	1	1	Converged	16.348614283131496	5.4196941814552529e-05	0	Converged	0.51992099999999997	0	0	0	0	0	NotRequested	NotRequested	NotRequested	NotRequested	NotRequested	0	83	5	0
projective_fold	50	rand010	0.5	0.15505053906235844	ValueFirst	0	14	15	2	0	1	1	1	Converged	16.348614283131496	5.4196941816247902e-05	0	Converged	0.64462600000000003	-261.51317583321395	65.914502995161087	21.003768407348886	64.891029131730704	-0.012533228797307545	ToleranceMet	ToleranceMet	ToleranceMet	ToleranceMet	ToleranceMet	7.3161078437088572e-06	107	5	0
projective_fold	51	rand011	0	0.01304684515343979	None	0	12	11	2	0	1	1	1	Converged	5.1054243645721193	5.7776391696679036e-05	0	Converged	0.49544100000000002	0	0	0	0	0	NotRequested	NotRequested	NotRequested	NotRequested	NotRequested	0	115	5	0
projective_fold	51	rand011	0	0.01304684515343979	ValueFirst	0	12	11	2	0	1	1	1	Converged	5.1054243645721193	5.7776391696703579e-05	0	Converged	1.164588	24.22232535871629	-0.22116133640442803	-7.2638247486861252	-7.0752650163885589	1.3000053210214243e-07	FiniteUncertified	FiniteUncertified	FiniteUncertified	FiniteUncertified	ToleranceMet	2.0725824935836394e-07	321	6	1
projective_fold	52	rand011	0.5	0.013090945838484913	None	0	12	11	2	0	1	1	1	Converged	5.1047734534715365	3.4844940956055559e-05	0	Converged	0.56111	0	0	0	0	0	NotRequested	NotRequested	NotRequested	NotRequested	NotRequested	0	115	5	0
projective_fold	52	rand011	0.5	0.013090945838484913	ValueFirst	0	12	11	2	0	1	1	1	Converged	5.1047734534715365	3.4844940956132402e-05	0	Converged	1.3316950000000001	24.515714588681536	-0.22384011981204494	-4.12589649013014	-6.803446561892299	1.3103320368099146e-07	FiniteUncertified	FiniteUncertified	FiniteUncertified	FiniteUncertified	ToleranceMet	2.1054567417782011e-07	321	6	1
projective_fold	53	rand012	0	4.6865956392139196e-05	None	0	12	12	0	0	1	1	1	Converged	3.8285679578511282	2.9135095554256037e-10	0	Converged	0.50612299999999999	0	0	0	0	0	NotRequested	NotRequested	NotRequested	NotRequested	NotRequested	0	69	3	0
projective_fold	53	rand012	0	4.6865956392139196e-05	ValueFirst	0	12	12	0	0	1	1	1	Converged	3.8285679578511282	2.9135089775901796e-10	0	Converged	0.51938200000000001	13.519116736943616	0.68932997492124126	0.037859615964082972	-21.158656020499055	0.00053944156271009216	ToleranceMet	ToleranceMet	FiniteUncertified	ToleranceMet	ToleranceMet	7.9550929446988273e-07	77	3	0
projective_fold	54	rand012	0.5	4.6033994294703007e-05	None	0	12	12	0	0	1	1	1	Converged	3.8285636471034392	6.9210720649896255e-09	0	Converged	0.54380499999999998	0	0	0	0	0	NotRequested	NotRequested	NotRequested	NotRequested	NotRequested	0	69	3	0
projective_fold	54	rand012	0.5	4.6033994294703007e-05	ValueFirst	0	12	12	0	0	1	1	1	Converged	3.8285636471034388	6.9210711508509793e-09	0	Converged	0.68951300000000004	13.519069282351026	0.6893275127933699	0.034830697546388449	-21.158840465055068	0.00053944902467914567	ToleranceMet	ToleranceMet	FiniteUncertified	ToleranceMet	ToleranceMet	3.5311366503961713e-07	93	3	0
projective_fold	55	rand013	0	0.04561157402349636	None	0	12	11	0	0	1	1	1	Converged	4.395375097493452	2.8694643293241938e-08	0	Converged	0.49087700000000001	0	0	0	0	0	NotRequested	NotRequested	NotRequested	NotRequested	NotRequested	0	69	3	0
projective_fold	55	rand013	0	0.04561157402349636	ValueFirst	0	12	11	0	0	1	1	1	Converged	4.395375097493452	2.8694643300103352e-08	0	Converged	0.49506099999999997	11.338885692499163	-14.490009067181536	1.4509905677427382	-1.7875852901523215	2.6813956690029192e-07	ToleranceMet	ToleranceMet	ToleranceMet	ToleranceMet	ToleranceMet	1.5875519063795946e-08	69	3	0
projective_fold	56	rand013	0.5	0.049997719062957913	None	0	12	11	0	0	1	1	1	Converged	4.3914301288671247	9.3738666829465228e-08	0	Converged	0.48970599999999997	0	0	0	0	0	NotRequested	NotRequested	NotRequested	NotRequested	NotRequested	0	69	3	0
projective_fold	56	rand013	0.5	0.049997719062957913	ValueFirst	0	12	11	0	0	1	1	1	Converged	4.3914301288671247	9.3738666795582693e-08	0	Converged	0.54631600000000002	11.307077447769892	-14.449361184777331	1.330475329380499	-1.7700542330767026	2.7409787495719129e-07	ToleranceMet	ToleranceMet	ToleranceMet	ToleranceMet	ToleranceMet	5.0509484886744149e-08	69	3	0
projective_fold	57	rand014	0	0.013299365062266588	None	0	12	13	0	0	1	1	1	Converged	1.4873865069347623	8.5390765264779057e-05	0	Converged	0.29643999999999998	0	0	0	0	0	NotRequested	NotRequested	NotRequested	NotRequested	NotRequested	0	53	3	0
projective_fold	57	rand014	0	0.013299365062266588	ValueFirst	0	12	13	0	0	1	1	1	Converged	1.4873865069347623	8.5390765264786389e-05	0	Converged	0.34046599999999999	1.119646481436444	-0.081864873489334439	0.0021281366943062931	-0.27743417815723531	-0.078655663085392069	ToleranceMet	ToleranceMet	FiniteUncertified	ToleranceMet	ToleranceMet	3.1689251501665584e-05	77	3	0
projective_fold	58	rand014	0.5	0.013260291132610291	None	0	12	13	0	0	1	1	1	Converged	1.4873861390739136	3.2515882681388988e-07	0	Converged	0.32494099999999998	0	0	0	0	0	NotRequested	NotRequested	NotRequested	NotRequested	NotRequested	0	69	3	0
projective_fold	58	rand014	0.5	0.013260291132610291	ValueFirst	0	12	13	0	0	1	1	1	Converged	1.4873861390739136	3.2515882726358592e-07	0	Converged	0.40032699999999999	1.1196452041637845	-0.081864771428109717	0.0019578840313362418	-0.27743407746445081	-0.078655716157389824	ToleranceMet	ToleranceMet	FiniteUncertified	FiniteUncertified	FiniteUncertified	0.0012494941840278122	77	3	0
projective_fold	59	rand015	0	0.013313250034116209	None	0	12	12	0	0	1	1	1	Converged	2.1025684735044301	0.00019140434835662244	0	Converged	0.33882000000000001	0	0	0	0	0	NotRequested	NotRequested	NotRequested	NotRequested	NotRequested	0	53	3	0
projective_fold	59	rand015	0	0.013313250034116209	ValueFirst	0	12	12	0	0	1	1	1	Converged	2.1025684735044301	0.00019140434835663664	0	Converged	0.38963900000000001	-2.5392633368935114	-2.1234137139949967	0.041781795567744737	-1.1220078575700676	1.1584112447055779e-06	ToleranceMet	ToleranceMet	ToleranceMet	ToleranceMet	ToleranceMet	7.6968873820018269e-09	77	3	0
projective_fold	60	rand015	0.5	0.013272830052301288	None	0	12	12	0	0	1	1	1	Converged	2.1025314677021072	7.7752886701962635e-09	0	Converged	0.37674099999999999	0	0	0	0	0	NotRequested	NotRequested	NotRequested	NotRequested	NotRequested	0	69	3	0
projective_fold	60	rand015	0.5	0.013272830052301288	ValueFirst	0	12	12	0	0	1	1	1	Converged	2.1025314677021072	7.7752887341781694e-09	0	Converged	0.4995	-2.5391064008678161	-2.1232824768272134	0.038436844941237988	-1.122263804778096	1.1584885107104705e-06	ToleranceMet	ToleranceMet	ToleranceMet	ToleranceMet	ToleranceMet	5.8320350284074265e-08	77	3	0
projective_fold	61	rand016	0	0.013256013917271048	None	0	12	11	2	0	1	1	1	Converged	1.6351962989668818	0.00011180982206737873	0	Converged	0.419792	0	0	0	0	0	NotRequested	NotRequested	NotRequested	NotRequested	NotRequested	0	99	5	0
projective_fold	61	rand016	0	0.013256013917271048	ValueFirst	0	12	11	2	0	1	1	1	Converged	1.6351962989668818	0.00011180982206737794	0	Converged	0.64705000000000001	1.5734504663118352	0.011473646511594625	0.019993524684778545	-1.0724725932373635	4.627973871815448e-08	ToleranceMet	ToleranceMet	FiniteUncertified	ToleranceMet	ToleranceMet	1.0986911762479273e-07	195	5	0
projective_fold	62	rand016	0.5	0.013219481974374503	None	0	12	11	2	0	1	1	1	Converged	1.6351746800313789	7.5129677517691586e-05	0	Converged	0.38234200000000002	0	0	0	0	0	NotRequested	NotRequested	NotRequested	NotRequested	NotRequested	0	83	5	0
projective_fold	62	rand016	0.5	0.013219481974374503	ValueFirst	0	12	11	2	0	1	1	1	Converged	1.6351746800313789	7.5129677517676407e-05	0	Converged	0.75319100000000005	1.5733633799656987	0.011473011475251912	0.018393152985753489	-1.0724354721084861	4.6276690652678814e-08	ToleranceMet	ToleranceMet	FiniteUncertified	ToleranceMet	ToleranceMet	3.4788352120294372e-07	195	5	0
projective_fold	63	rand017	0	0.051864294102415442	None	0	11	10	0	0	1	1	0	TopologyUnresolved	5.3723765348617425	0.7590551405939554	8	TopologyUnresolved	0.61927200000000004	0	0	0	0	0	NotRequested	NotRequested	NotRequested	NotRequested	NotRequested	0	15	3	0
projective_fold	63	rand017	0	0.051864294102415442	ValueFirst	0	11	10	0	0	1	1	0	TopologyUnresolved	5.3723765348617425	0.7590551405939554	8	TopologyUnresolved	0.61077199999999998	13.698578656639679	-24.3005438801952	1.5377310690293671	-5.0293104772695223	1.1921134507944123e-08	Invalid	Invalid	Invalid	Invalid	Invalid	2.5683552526738026e-08	15	3	0
projective_fold	64	rand017	0.5	0.057012305071111768	None	0	11	10	0	0	1	1	0	TopologyUnresolved	5.366564530463922	0.7837535083761159	8	TopologyUnresolved	0.59117699999999995	0	0	0	0	0	NotRequested	NotRequested	NotRequested	NotRequested	NotRequested	0	15	3	0
projective_fold	64	rand017	0.5	0.057012305071111768	ValueFirst	0	11	10	0	0	1	1	0	TopologyUnresolved	5.366564530463922	0.7837535083761169	8	TopologyUnresolved	0.60602199999999995	13.684643429795042	-24.275823536041521	1.687363600196842	-5.0200440845163659	1.1852003305119704e-08	Invalid	Invalid	Invalid	Invalid	Invalid	7.7151253390013215e-08	15	3	0
projective_fold	65	rand018	0	4.9468129873275757e-05	None	0	12	11	0	0	1	1	1	Converged	2.2051921431843553	0.00021198418363098482	0	Converged	0.48700199999999999	0	0	0	0	0	NotRequested	NotRequested	NotRequested	NotRequested	NotRequested	0	53	3	0
projective_fold	65	rand018	0	4.9468129873275757e-05	ValueFirst	0	12	11	0	0	1	1	1	Converged	2.2051921431843553	0.00021198418363100363	0	Converged	0.51863599999999999	-1.7529284357802453	-3.315355355275067	0.013137121425562602	-1.7669351791959278	7.6075362101024118e-09	ToleranceMet	ToleranceMet	FiniteUncertified	ToleranceMet	ToleranceMet	5.8370197574278372e-07	69	3	0
projective_fold	66	rand018	0.5	5.0239090342074633e-05	None	0	12	11	0	0	1	1	1	Converged	2.2051890413061224	3.9658126620165433e-09	0	Converged	0.54244300000000001	0	0	0	0	0	NotRequested	NotRequested	NotRequested	NotRequested	NotRequested	0	69	3	0
projective_fold	66	rand018	0.5	5.0239090342074633e-05	ValueFirst	0	12	11	0	0	1	1	1	Converged	2.2051890413061224	3.965812674459813e-09	0	Converged	0.63472099999999998	-1.7529199378060258	-3.3153392828513977	0.012086091151483284	-1.7669219006412857	7.7263444527445164e-09	ToleranceMet	ToleranceMet	FiniteUncertified	ToleranceMet	FiniteUncertified	1.8426412231441062e-06	69	3	0
projective_fold	67	rand019	0	0.013221679953858256	None	0	12	12	0	0	1	1	1	Converged	1.9896879913079708	0.00017002725659026662	0	Converged	0.31002099999999999	0	0	0	0	0	NotRequested	NotRequested	NotRequested	NotRequested	NotRequested	0	53	3	0
projective_fold	67	rand019	0	0.013221679953858256	ValueFirst	0	12	12	0	0	1	1	1	Converged	1.9896879913079708	0.00017002725659027984	0	Converged	0.33771099999999998	-0.71357201782044666	2.7595386533449648	0.048603578698938242	-0.80209811153470589	1.4518953022614953e-06	ToleranceMet	ToleranceMet	ToleranceMet	ToleranceMet	ToleranceMet	1.8995382525414784e-08	77	3	0
projective_fold	68	rand019	0.5	0.013326146057806909	None	0	12	12	0	0	1	1	1	Converged	1.9896271005530604	8.7544573916133204e-09	0	Converged	0.303869	0	0	0	0	0	NotRequested	NotRequested	NotRequested	NotRequested	NotRequested	0	69	3	0
projective_fold	68	rand019	0.5	0.013326146057806909	ValueFirst	0	12	12	0	0	1	1	1	Converged	1.9896271005530604	8.7544573819405962e-09	0	Converged	0.38845600000000002	-0.71349337524090128	2.7592345065127515	0.044710425715701725	-0.80209720603509116	1.45198506575907e-06	ToleranceMet	ToleranceMet	ToleranceMet	ToleranceMet	ToleranceMet	2.5873270749058281e-07	77	3	0
projective_fold	69	rand020	0	0.01363008189946413	None	0	12	13	0	0	1	1	1	Converged	1.3529873798436631	6.7937331587747017e-05	0	Converged	0.19642499999999999	0	0	0	0	0	NotRequested	NotRequested	NotRequested	NotRequested	NotRequested	0	61	3	0
projective_fold	69	rand020	0	0.01363008189946413	ValueFirst	0	12	13	0	0	1	1	1	Converged	1.3529873798436631	6.7937331587748467e-05	0	Converged	0.25445600000000002	-0.0837903189300718	0.71780747471592132	0.02384998803309572	0.18468193365743954	0.15385456262865843	ToleranceMet	ToleranceMet	ToleranceMet	ToleranceMet	ToleranceMet	3.2647107278182629e-07	93	3	0
projective_fold	70	rand020	0.5	0.013608999026473612	None	0	12	13	0	0	1	1	1	Converged	1.3529153270348575	2.5683246344158324e-06	0	Converged	0.22062899999999999	0	0	0	0	0	NotRequested	NotRequested	NotRequested	NotRequested	NotRequested	0	77	3	0
projective_fold	70	rand020	0.5	0.013608999026473612	ValueFirst	0	12	13	0	0	1	1	1	Converged	1.3529153270348575	2.5683246344357737e-06	0	Converged	0.30553799999999998	-0.083815424610407266	0.71761882626566031	0.021942147747540042	0.18466913778420416	0.15359344285997428	ToleranceMet	ToleranceMet	ToleranceMet	ToleranceMet	ToleranceMet	2.4065432583494245e-07	93	3	0
projective_fold	71	rand021	0	4.9997936002910137e-05	None	0	10	10	0	0	1	1	1	Converged	2.5772087267295714	5.7950850332551813e-11	0	Converged	0.33003900000000003	0	0	0	0	0	NotRequested	NotRequested	NotRequested	NotRequested	NotRequested	0	69	3	0
projective_fold	71	rand021	0	4.9997936002910137e-05	ValueFirst	0	10	10	0	0	1	1	1	Converged	2.5772087267295714	5.7950850252149534e-11	0	Converged	0.34377600000000003	-4.323475111271426	-3.441221909180507	0.004492105259954823	0.52018015498052073	8.6291466155666976e-06	ToleranceMet	ToleranceMet	FiniteUncertified	ToleranceMet	FiniteUncertified	4.6122009814589171e-06	69	3	0
projective_fold	72	rand021	0.5	4.9273017793893814e-05	None	0	10	10	0	0	1	1	1	Converged	2.5772085120680575	4.7418210829808429e-09	0	Converged	0.34826800000000002	0	0	0	0	0	NotRequested	NotRequested	NotRequested	NotRequested	NotRequested	0	69	3	0
projective_fold	72	rand021	0.5	4.9273017793893814e-05	ValueFirst	0	10	10	0	0	1	1	1	Converged	2.5772085120680575	4.7418210917599175e-09	0	Converged	0.39563700000000002	-4.3234739264282469	-3.4412209661095936	0.0041327360667027914	0.52017999812434246	8.6283738936297524e-06	ToleranceMet	ToleranceMet	FiniteUncertified	ToleranceMet	FiniteUncertified	1.4613607053798242e-05	69	3	0
projective_fold	73	rand022	0	0.012783297977875918	None	0	12	11	0	0	1	1	1	Converged	4.2757145375619912	8.6439136193021077e-10	0	Converged	0.38605600000000001	0	0	0	0	0	NotRequested	NotRequested	NotRequested	NotRequested	NotRequested	0	69	3	0
projective_fold	73	rand022	0	0.012783297977875918	ValueFirst	0	12	11	0	0	1	1	1	Converged	4.2757145375619912	8.6439140999552767e-10	0	Converged	0.40025100000000002	5.702436669254392	-16.187207618714091	0.15505512304044333	-0.067186214001893951	1.0360159664101616e-07	ToleranceMet	ToleranceMet	FiniteUncertified	ToleranceMet	ToleranceMet	4.8696751907535418e-08	69	3	0
projective_fold	74	rand022	0.5	0.012761237914673984	None	0	12	11	0	0	1	1	1	Converged	4.2756631923195068	1.5162188482691811e-08	0	Converged	0.41100500000000001	0	0	0	0	0	NotRequested	NotRequested	NotRequested	NotRequested	NotRequested	0	69	3	0
projective_fold	74	rand022	0.5	0.012761237914673984	ValueFirst	0	12	11	0	0	1	1	1	Converged	4.2756631923195068	1.5162188578678061e-08	0	Converged	1.1821489999999999	5.7022250644012891	-16.186606947191606	0.14264450085739239	-0.067095100962739157	1.0359315520539301e-07	FiniteUncertified	FiniteUncertified	FiniteUncertified	FiniteUncertified	FiniteUncertified	1.5333719932930349e-07	300	3	0
projective_fold	75	rand023	0	0.033106797898653895	None	0	12	12	0	0	1	1	1	Converged	2.7812379933851084	1.9603747609513659e-08	0	Converged	0.48613499999999998	0	0	0	0	0	NotRequested	NotRequested	NotRequested	NotRequested	NotRequested	0	69	3	0
projective_fold	75	rand023	0	0.033106797898653895	ValueFirst	0	12	12	0	0	1	1	1	Converged	2.7812379933851084	1.9603747630162969e-08	0	Converged	0.50980099999999995	-2.0071389208540116	6.3883567022468082	0.59546425333501252	-1.0730858140600745	-5.1405483502331521e-08	ToleranceMet	ToleranceMet	ToleranceMet	ToleranceMet	ToleranceMet	1.3959926070496577e-07	69	3	0
projective_fold	76	rand023	0.5	0.036174965964164585	None	0	12	12	0	0	1	1	1	Converged	2.778436450834735	7.038118723981446e-08	0	Converged	0.46643699999999999	0	0	0	0	0	NotRequested	NotRequested	NotRequested	NotRequested	NotRequested	0	69	3	0
projective_fold	76	rand023	0.5	0.036174965964164585	ValueFirst	0	12	12	0	0	1	1	1	Converged	2.778436450834735	7.0381187279440805e-08	0	Converged	0.52237900000000004	-2.0004829696131043	6.3671719947605228	0.54581434654444927	-1.0729418762230813	-5.028705857386251e-08	ToleranceMet	ToleranceMet	ToleranceMet	ToleranceMet	ToleranceMet	4.4461516424291412e-07	69	3	0
projective_fold	77	rand024	0	5.2344053983688354e-05	None	0	12	11	0	0	1	1	0	TopologyUnresolved	1.8871043300111487	0.26533777363093819	8	TopologyUnresolved	0.70196999999999998	0	0	0	0	0	NotRequested	NotRequested	NotRequested	NotRequested	NotRequested	0	15	3	0
projective_fold	77	rand024	0	5.2344053983688354e-05	ValueFirst	0	12	11	0	0	1	1	0	TopologyUnresolved	1.8871043300111487	0.26533777363093819	8	TopologyUnresolved	0.69859499999999997	0.061528599360205466	2.4540080337864039	0.61287061870607573	-0.87373110625518513	5.8482622140568837e-09	Invalid	Invalid	Invalid	Invalid	Invalid	7.9652189309850869e-06	15	3	0
projective_fold	78	rand024	0.5	4.9960974138230085e-05	None	0	12	11	0	0	1	1	0	TopologyUnresolved	1.8858419803189341	0.27282617367663164	8	TopologyUnresolved	0.71506400000000003	0	0	0	0	0	NotRequested	NotRequested	NotRequested	NotRequested	NotRequested	0	15	3	0
projective_fold	78	rand024	0.5	4.9960974138230085e-05	ValueFirst	0	12	11	0	0	1	1	0	TopologyUnresolved	1.8858419803189341	0.27282617367663159	8	TopologyUnresolved	0.69956799999999997	0.061544932864087964	2.4546594571084817	4.2158774261764691	-0.87217525843685284	5.8187674757031488e-09	Invalid	Invalid	Invalid	Invalid	Invalid	2.5430969140813033e-05	15	3	0
projective_fold	79	rand025	0	4.364793167100288	None	0	12	13	0	0	1	1	1	Converged	2.5955745574482019	0.00011882155540702428	0	Converged	0.416018	0	0	0	0	0	NotRequested	NotRequested	NotRequested	NotRequested	NotRequested	0	111	9	0
projective_fold	79	rand025	0	4.364793167100288	ValueFirst	0	12	13	0	0	1	1	1	Converged	2.5955745574482019	0.00011882155540701665	0	Converged	0.53284699999999996	-4.7862900498030303	3.1377083057988715	0.64197903889578511	-12.841570575617222	0.0016336071876883076	ToleranceMet	ToleranceMet	FiniteUncertified	ToleranceMet	FiniteUncertified	4.3080247627617968e-06	159	9	0
projective_fold	80	rand025	0.5	4.3644793418934569	None	0	12	13	0	0	1	1	1	Converged	2.5914836569287747	0.00013102746591277307	0	Converged	0.423649	0	0	0	0	0	NotRequested	NotRequested	NotRequested	NotRequested	NotRequested	0	119	9	0
projective_fold	80	rand025	0.5	4.3644793418934569	ValueFirst	0	12	13	0	0	1	1	1	Converged	2.5914836569287747	0.00013102746591275397	0	Converged	0.62737399999999999	-4.7602350549874402	3.1228633497060039	0.58785284012630945	-12.34260069057459	0.0013724210629962297	ToleranceMet	ToleranceMet	FiniteUncertified	ToleranceMet	FiniteUncertified	6.5319865977748978e-06	159	9	0
projective_fold	81	rand026	0	4.8931920900940895e-05	None	0	12	12	0	0	1	1	1	Converged	3.0881588461739802	2.3130182340520747e-10	0	Converged	0.36960500000000002	0	0	0	0	0	NotRequested	NotRequested	NotRequested	NotRequested	NotRequested	0	69	3	0
projective_fold	81	rand026	0	4.8931920900940895e-05	ValueFirst	0	12	12	0	0	1	1	1	Converged	3.0881588461739802	2.3130182584164842e-10	0	Converged	0.39650299999999999	6.3132026170683089	-5.5680973407512857	0.025741794085591539	-2.950579935942192	-6.1830327344408475e-07	ToleranceMet	ToleranceMet	FiniteUncertified	ToleranceMet	ToleranceMet	9.8848208158452084e-08	77	3	0
projective_fold	82	rand026	0.5	4.6868983190506697e-05	None	0	12	12	0	0	1	1	1	Converged	3.0881549216819213	5.5854319690546964e-09	0	Converged	0.38977099999999998	0	0	0	0	0	NotRequested	NotRequested	NotRequested	NotRequested	NotRequested	0	69	3	0
projective_fold	82	rand026	0.5	4.6868983190506697e-05	ValueFirst	0	12	12	0	0	1	1	1	Converged	3.0881549216819213	5.5854319405084809e-09	0	Converged	0.46570699999999998	6.3131770282381812	-5.5680747720414452	0.023682341982243997	-2.9505593753946	-6.1823620763269032e-07	ToleranceMet	ToleranceMet	FiniteUncertified	ToleranceMet	ToleranceMet	3.7330364231765707e-07	77	3	0
projective_fold	83	rand027	0	0.013053981936536729	None	0	12	13	0	0	1	1	1	Converged	2.2454434764191169	0.0002117623019471042	0	Converged	0.25889800000000002	0	0	0	0	0	NotRequested	NotRequested	NotRequested	NotRequested	NotRequested	0	53	3	0
projective_fold	83	rand027	0	0.013053981936536729	ValueFirst	0	12	13	0	0	1	1	1	Converged	2.2454434764191169	0.0002117623019470791	0	Converged	0.30005399999999999	-0.13239473223321463	3.9281816916041685	0.075309722669759854	0.040893390644096458	0.0025169795404999446	ToleranceMet	ToleranceMet	ToleranceMet	ToleranceMet	ToleranceMet	1.1882129213830025e-07	77	3	0
projective_fold	84	rand027	0.5	0.013062641082797199	None	0	12	13	0	0	1	1	1	Converged	2.2453478305060739	1.1729931535889116e-08	0	Converged	0.287439	0	0	0	0	0	NotRequested	NotRequested	NotRequested	NotRequested	NotRequested	0	69	3	0
projective_fold	84	rand027	0.5	0.013062641082797199	ValueFirst	0	12	13	0	0	1	1	1	Converged	2.2453478305060739	1.1729931491263768e-08	0	Converged	0.42535099999999998	-0.1323755424872497	3.9276082885408683	0.069274419451984467	0.040894023945533806	0.0025170188950575023	ToleranceMet	ToleranceMet	ToleranceMet	ToleranceMet	ToleranceMet	1.1372800757752139e-08	93	3	0
projective_fold	85	rand028	0	0.012535101850517094	None	0	12	11	2	0	1	1	0	TopologyUnresolved	4.5391958682044082	0.33010518222411345	8	TopologyUnresolved	0.89727299999999999	0	0	0	0	0	NotRequested	NotRequested	NotRequested	NotRequested	NotRequested	0	29	5	0
projective_fold	85	rand028	0	0.012535101850517094	ValueFirst	0	12	11	2	0	1	1	0	TopologyUnresolved	4.5391958682044082	0.33010518222411345	8	TopologyUnresolved	0.89325500000000002	19.082608033554653	-0.13737583079777591	-8.9443729130271947	-5.1877107708822834	9.7389142756007813e-07	Invalid	Invalid	Invalid	Invalid	Invalid	7.6833178894622841e-06	29	5	0
projective_fold	86	rand028	0.5	0.012547194957733154	None	0	12	11	2	0	1	1	0	TopologyUnresolved	4.5371248600655321	0.3045987384546468	8	TopologyUnresolved	0.84783900000000001	0	0	0	0	0	NotRequested	NotRequested	NotRequested	NotRequested	NotRequested	0	29	5	0
projective_fold	86	rand028	0.5	0.012547194957733154	ValueFirst	0	12	11	2	0	1	1	0	TopologyUnresolved	4.5371248600655312	0.30459873845464774	8	TopologyUnresolved	0.87824100000000005	19.239218519397959	-0.13850327209549435	-4.6529772151379163	-5.0648840770363357	9.7961700157573386e-07	Invalid	Invalid	Invalid	Invalid	Invalid	1.2246288828105028e-05	29	5	0
projective_fold	87	rand029	0	4.347836350905709	None	0	14	15	2	0	1	1	1	Converged	37.446645358822444	0.0025997861009519796	0	Converged	0.47155599999999998	0	0	0	0	0	NotRequested	NotRequested	NotRequested	NotRequested	NotRequested	0	75	5	0
projective_fold	87	rand029	0	4.347836350905709	ValueFirst	0	14	15	2	0	1	1	1	Converged	37.446645358822444	0.0025997861009519536	0	Converged	0.53166100000000005	1317.6982931874259	708.45628710519077	274.7621885247392	-198.84740536965995	-1.8797256721305644	ToleranceMet	ToleranceMet	ToleranceMet	ToleranceMet	ToleranceMet	0.00043337086760762293	99	5	0
projective_fold	88	rand029	0.5	4.3280501940171234	None	0	14	15	2	0	1	1	1	Converged	37.269634626423468	0.0025587607457097403	0	Converged	0.48684100000000002	0	0	0	0	0	NotRequested	NotRequested	NotRequested	NotRequested	NotRequested	0	75	5	0
projective_fold	88	rand029	0.5	4.3280501940171234	ValueFirst	0	14	15	2	0	1	1	1	Converged	37.269634626423468	0.0025587607457090663	0	Converged	0.59375	1297.6870937019316	697.61400579464089	248.12640897791934	-195.86483078473682	-1.8515178399500887	ToleranceMet	ToleranceMet	ToleranceMet	ToleranceMet	ToleranceMet	0.0010271262356656428	99	5	0
projective_fold	89	rand030	0	5.2858085837215185e-05	None	0	14	15	2	0	1	1	1	Converged	2.537697083089665	0.00010516056712798829	0	Converged	0.42139700000000002	0	0	0	0	0	NotRequested	NotRequested	NotRequested	NotRequested	NotRequested	0	83	5	0
projective_fold	89	rand030	0	5.2858085837215185e-05	ValueFirst	0	14	15	2	0	1	1	1	Converged	2.537697083089665	0.00010516056712798191	0	Converged	0.66922099999999995	5.333936713987292	-0.0095433726709216495	0.012998681554836975	-5.3436841181083192	-0.055667078454805036	ToleranceMet	ToleranceMet	FiniteUncertified	ToleranceMet	ToleranceMet	1.4648510478691679e-05	195	5	0
projective_fold	90	rand030	0.5	5.2646966651082039e-05	None	0	14	15	2	0	1	1	1	Converged	2.5376951733776707	6.7916776615569493e-05	0	Converged	0.44998300000000002	0	0	0	0	0	NotRequested	NotRequested	NotRequested	NotRequested	NotRequested	0	83	5	0
projective_fold	90	rand030	0.5	5.2646966651082039e-05	ValueFirst	0	14	15	2	0	1	1	1	Converged	2.5376951733776707	6.7916776615996547e-05	0	Converged	0.832341	5.3339240667540437	-0.0095433379707849323	0.011958971591697813	-5.3437148048863303	-0.055667181710514713	ToleranceMet	ToleranceMet	FiniteUncertified	FiniteUncertified	FiniteUncertified	0.078790271702761289	195	5	0
projective_fold	91	rand031	0	4.4211358379689045	None	0	14	14	2	0	1	1	1	Converged	2.223556058038596	2.2871473175220897e-05	0	Converged	0.57392100000000001	0	0	0	0	0	NotRequested	NotRequested	NotRequested	NotRequested	NotRequested	0	115	5	0
projective_fold	91	rand031	0	4.4211358379689045	ValueFirst	0	14	14	2	0	1	1	1	Converged	2.223556058038596	2.2871473175216137e-05	0	Converged	1.1347130000000001	3.9619860802460423	-0.2393922781507514	0.65805050257448117	-3.6245779856539775	-1.1299367025050626e-06	ToleranceMet	ToleranceMet	ToleranceMet	ToleranceMet	ToleranceMet	2.2864769174915578e-08	307	5	0
projective_fold	92	rand031	0.5	4.4199488080339506	None	0	14	14	2	0	1	1	1	Converged	2.2169632902113481	1.4178815815012064e-05	0	Converged	0.61848199999999998	0	0	0	0	0	NotRequested	NotRequested	NotRequested	NotRequested	NotRequested	0	115	5	0
projective_fold	92	rand031	0.5	4.4199488080339506	ValueFirst	0	14	14	2	0	1	1	1	Converged	2.2169632902113481	1.4178815815040292e-05	0	Converged	1.332268	3.9197948715946898	-0.23684296443564748	0.59870947035400635	-3.7059669081240352	-1.2008842903690645e-06	ToleranceMet	ToleranceMet	ToleranceMet	ToleranceMet	ToleranceMet	7.0784351297382319e-08	307	5	0
projective_fold	93	rand032	0	0.038506905839312822	None	0	12	11	0	0	1	1	0	TopologyUnresolved	3.888065813717517	0.5491847057153838	8	TopologyUnresolved	0.76515100000000003	0	0	0	0	0	NotRequested	NotRequested	NotRequested	NotRequested	NotRequested	0	15	3	0
projective_fold	93	rand032	0	0.038506905839312822	ValueFirst	0	12	11	0	0	1	1	0	TopologyUnresolved	3.888065813717517	0.54918470571538403	8	TopologyUnresolved	0.75482899999999997	-1.4730444629762318	-13.992119030548135	0.7759464076876541	-2.0011636463361473	3.7098942441491679e-09	Invalid	Invalid	Invalid	Invalid	Invalid	1.1328543513270169e-08	15	3	0
projective_fold	94	rand032	0.5	0.042618538078386337	None	0	12	11	0	0	1	1	0	TopologyUnresolved	3.8839397541916005	0.56695127335406137	8	TopologyUnresolved	0.80374900000000005	0	0	0	0	0	NotRequested	NotRequested	NotRequested	NotRequested	NotRequested	0	15	3	0
projective_fold	94	rand032	0.5	0.042618538078386337	ValueFirst	0	12	11	0	0	1	1	0	TopologyUnresolved	3.8839397541915996	0.56695127335406059	8	TopologyUnresolved	0.817801	-1.4715976457458089	-13.978376035310422	0.85878162043781847	-1.9975618959979311	3.698792360309289e-09	Invalid	Invalid	Invalid	Invalid	Invalid	3.3797913540798738e-08	15	3	0
projective_fold	95	rand033	0	0.071434654993936419	None	0	15	16	2	0	1	1	1	Converged	30.385467260526081	0.0029915251517250788	0	Converged	0.510606	0	0	0	0	0	NotRequested	NotRequested	NotRequested	NotRequested	NotRequested	0	142	10	0
projective_fold	95	rand033	0	0.071434654993936419	ValueFirst	0	15	16	2	0	1	1	1	Converged	30.385467260526081	0.0029915251517249617	0	Converged	0.70586700000000002	-290.0845496891223	-103.51410165237101	-810.03417198001648	98.448426949258973	82.354343194199274	FiniteUncertified	FiniteUncertified	FiniteUncertified	FiniteUncertified	FiniteUncertified	0.12749131313453455	230	10	0
projective_fold	96	rand033	0.5	0.061120828031562269	None	0	15	16	2	0	1	1	1	Converged	31.514257176215313	0.0014347138404096614	0	Converged	0.57050699999999999	0	0	0	0	0	NotRequested	NotRequested	NotRequested	NotRequested	NotRequested	0	150	10	0
projective_fold	96	rand033	0.5	0.061120828031562269	ValueFirst	0	15	16	2	0	1	1	1	Converged	31.514257176215313	0.0014347138404095915	0	Converged	0.90614499999999998	-286.41647117795168	-147.82169631068885	-835.61155910992591	97.149255725438152	77.871648919465784	FiniteUncertified	ToleranceMet	ToleranceMet	FiniteUncertified	FiniteUncertified	0.24485661417927035	238	10	0
projective_fold	97	rand034	0	0.025867692078463733	None	0	12	13	0	0	1	1	1	Converged	3.6734003418334504	3.4431193257042879e-07	0	Converged	0.30542900000000001	0	0	0	0	0	NotRequested	NotRequested	NotRequested	NotRequested	NotRequested	0	69	3	0
projective_fold	97	rand034	0	0.025867692078463733	ValueFirst	0	12	13	0	0	1	1	1	Converged	3.6734003418334504	3.4431193259837802e-07	0	Converged	0.33631	8.3978629013870467	-9.4289154299089759	1.0884921149075266	-3.5840202244767823	0.0025243172423401517	ToleranceMet	ToleranceMet	ToleranceMet	ToleranceMet	ToleranceMet	1.3197118805159413e-06	77	3	0
projective_fold	98	rand034	0.5	0.023797847970854491	None	0	12	13	0	0	1	1	1	Converged	3.6695309830359113	4.2414293455148059e-07	0	Converged	0.32372600000000001	0	0	0	0	0	NotRequested	NotRequested	NotRequested	NotRequested	NotRequested	0	69	3	0
projective_fold	98	rand034	0.5	0.023797847970854491	ValueFirst	0	12	13	0	0	1	1	1	Converged	3.6695309830359113	4.2414293462992632e-07	0	Converged	0.43993199999999999	8.3700818477051158	-9.3976378296999332	0.99747793957172626	-3.5707343509405254	0.0024411042047577428	ToleranceMet	ToleranceMet	ToleranceMet	ToleranceMet	ToleranceMet	3.8126043687553005e-08	93	3	0
projective_fold	99	rand035	0	0.058054041059222072	None	0	12	11	0	0	1	1	1	Converged	6.3074329941157297	0.00013948795992311841	0	Converged	0.433527	0	0	0	0	0	NotRequested	NotRequested	NotRequested	NotRequested	NotRequested	0	108	4	0
projective_fold	99	rand035	0	0.058054041059222072	ValueFirst	0	12	11	0	0	1	1	1	Converged	6.3074329941157297	0.00013948795992316525	0	Converged	0.98618300000000003	17.751047480777622	37.507101241086581	3.3445123552025406	-8.2003473420406188	-1.2813189010038013e-08	FiniteUncertified	FiniteUncertified	FiniteUncertified	FiniteUncertified	ToleranceMet	1.0493307425188371e-08	314	5	1
projective_fold	100	rand035	0.5	0.063682631007395685	None	0	12	11	0	0	1	1	1	Converged	6.2927977757548792	8.3709684564080994e-05	0	Converged	0.45157700000000001	0	0	0	0	0	NotRequested	NotRequested	NotRequested	NotRequested	NotRequested	0	108	4	0
projective_fold	100	rand035	0.5	0.063682631007395685	ValueFirst	0	12	11	0	0	1	1	1	Converged	6.2927977757548792	8.3709684564170562e-05	0	Converged	1.1775139999999999	17.343352434974484	36.645661468171149	3.5812061027671516	-7.3563017169743565	-1.3055158611842317e-08	FiniteUncertified	FiniteUncertified	FiniteUncertified	FiniteUncertified	ToleranceMet	2.1991475768088789e-08	314	5	1
projective_fold	101	rand036	0	0.042136865085922182	None	0	12	13	0	0	1	1	1	Converged	4.1379159792647195	3.8348418753176727e-07	0	Converged	0.34450599999999998	0	0	0	0	0	NotRequested	NotRequested	NotRequested	NotRequested	NotRequested	0	69	3	0
projective_fold	101	rand036	0	0.042136865085922182	ValueFirst	0	12	13	0	0	1	1	1	Converged	4.1379159792647195	3.834841875047286e-07	0	Converged	0.37254100000000001	-6.4150964206194683	14.781735729606931	0.94655755934555508	-4.1637766511576668	0.0046010198184179354	ToleranceMet	ToleranceMet	ToleranceMet	ToleranceMet	ToleranceMet	2.3072554350163627e-06	77	3	0
projective_fold	102	rand036	0.5	0.046571764163672924	None	0	12	13	0	0	1	1	1	Converged	4.135848960062483	4.0093104392929017e-07	0	Converged	0.34965099999999999	0	0	0	0	0	NotRequested	NotRequested	NotRequested	NotRequested	NotRequested	0	69	3	0
projective_fold	102	rand036	0.5	0.046571764163672924	ValueFirst	0	12	13	0	0	1	1	1	Converged	4.1358489600624821	4.0093104432692412e-07	0	Converged	0.470053	-6.4051013151266556	14.758687595977928	0.869220042904565	-4.1564034304862503	0.0045594659395531284	ToleranceMet	ToleranceMet	ToleranceMet	ToleranceMet	ToleranceMet	6.8183787361320742e-08	93	3	0
projective_fold	103	rand037	0	4.8428017180413008e-05	None	0	14	15	2	0	1	1	1	Converged	8.2775810259662475	0.00055382308458804225	0	Converged	0.44228800000000001	0	0	0	0	0	NotRequested	NotRequested	NotRequested	NotRequested	NotRequested	0	75	5	0
projective_fold	103	rand037	0	4.8428017180413008e-05	ValueFirst	0	14	15	2	0	1	1	1	Converged	8.2775810259662475	0.00055382308458806013	0	Converged	0.56353299999999995	69.073118566704153	-0.6717553641863474	0.25662256338631678	-14.977448010727439	0.12325797308940376	ToleranceMet	ToleranceMet	FiniteUncertified	ToleranceMet	ToleranceMet	0.00010833207127040514	107	5	0
projective_fold	104	rand037	0.5	4.7579000238329172e-05	None	0	14	15	2	0	1	1	1	Converged	8.2775637566428788	3.6788239396021962e-05	0	Converged	0.43712699999999999	0	0	0	0	0	NotRequested	NotRequested	NotRequested	NotRequested	NotRequested	0	83	5	0
projective_fold	104	rand037	0.5	4.7579000238329172e-05	ValueFirst	0	14	15	2	0	1	1	1	Converged	8.2775637566428788	3.6788239396175681e-05	0	Converged	0.63859699999999997	69.072677142002092	-0.67175058988708702	0.2360909766302601	-14.977375574997659	0.12325746750430347	ToleranceMet	ToleranceMet	FiniteUncertified	ToleranceMet	ToleranceMet	2.3249389691342201e-05	123	5	0
projective_fold	105	rand038	0	5.02800103276968e-05	None	0	10	11	0	0	1	1	1	Converged	1.3724565263638173	6.5470891229458243e-05	0	Converged	0.24382400000000001	0	0	0	0	0	NotRequested	NotRequested	NotRequested	NotRequested	NotRequested	0	53	3	0
projective_fold	105	rand038	0	5.02800103276968e-05	ValueFirst	0	10	11	0	0	1	1	1	Converged	1.3724565263638173	6.5470891229464599e-05	0	Converged	0.28891	0.79660101066232769	0.027123345177501798	0.00061186829180751251	-0.78563015027193051	0.00068221513166517682	ToleranceMet	ToleranceMet	FiniteUncertified	ToleranceMet	FiniteUncertified	2.0111710414491151e-05	77	3	0
projective_fold	106	rand038	0.5	5.3746975027024746e-05	None	0	10	11	0	0	1	1	1	Converged	1.3724564801926298	1.964933112026891e-08	0	Converged	0.27865600000000001	0	0	0	0	0	NotRequested	NotRequested	NotRequested	NotRequested	NotRequested	0	69	3	0
projective_fold	106	rand038	0.5	5.3746975027024746e-05	ValueFirst	0	10	11	0	0	1	1	1	Converged	1.3724564801926298	1.9649331094660467e-08	0	Converged	0.41750700000000002	0.79660085421986115	0.027123339795500287	0.00056291744276034251	-0.7856300613432744	0.00068220998490737725	ToleranceMet	ToleranceMet	FiniteUncertified	ToleranceMet	FiniteUncertified	3.8303597660955595e-06	93	3	0
projective_fold	107	rand039	0	5.6028948165476322e-05	None	0	12	11	0	0	1	1	1	Converged	4.8567956614004926	4.9465695717639781e-10	0	Converged	0.44298599999999999	0	0	0	0	0	NotRequested	NotRequested	NotRequested	NotRequested	NotRequested	0	69	3	0
projective_fold	107	rand039	0	5.6028948165476322e-05	ValueFirst	0	12	11	0	0	1	1	1	Converged	4.8567956614004926	4.946569578280539e-10	0	Converged	0.46374700000000002	10.592406558057965	19.812648615655071	0.086029406813441511	0.14337618040976877	3.8862764153923777e-07	ToleranceMet	ToleranceMet	FiniteUncertified	ToleranceMet	ToleranceMet	3.3137049569848865e-07	69	3	0
projective_fold	108	rand039	0.5	5.7184952311217785e-05	None	0	12	11	0	0	1	1	1	Converged	4.856784979467907	9.9789777399959237e-09	0	Converged	0.46143000000000001	0	0	0	0	0	NotRequested	NotRequested	NotRequested	NotRequested	NotRequested	0	69	3	0
projective_fold	108	rand039	0.5	5.7184952311217785e-05	ValueFirst	0	12	11	0	0	1	1	1	Converged	4.856784979467907	9.9789776725079566e-09	0	Converged	0.50371900000000003	10.592335068162061	19.812514896868649	0.079146415350542149	0.14341476210254536	3.8864837314888426e-07	ToleranceMet	ToleranceMet	FiniteUncertified	ToleranceMet	FiniteUncertified	1.04268300386062e-06	69	3	0
projective_fold	109	paper_highA	0	0	None	0	13	14	1	0	1	1	1	Converged	12363.402251264664	0.562312186550599	0	Converged	1.0151289999999999	0	0	0	0	0	NotRequested	NotRequested	NotRequested	NotRequested	NotRequested	0	247	9	0
projective_fold	109	paper_highA	0	0	ValueFirst	0	13	14	1	0	1	1	1	Converged	12363.402251264664	0.56231218655063242	0	Converged	1.8879269999999999	-133429877.56662138	-32496657.659112908	-6947010.733917742	-4.5853631727934587	29310.41286044554	FiniteUncertified	FiniteUncertified	FiniteUncertified	FiniteUncertified	FiniteUncertified	47.528978604841328	423	9	0
projective_fold	110	paper_highA	0.5	0	None	0	13	14	1	0	1	1	1	Converged	12152.917837678946	0.71155990442636941	0	Converged	1.151311	0	0	0	0	0	NotRequested	NotRequested	NotRequested	NotRequested	NotRequested	0	247	9	0
projective_fold	110	paper_highA	0.5	0	ValueFirst	0	13	14	1	0	1	1	1	Converged	12152.917837678946	0.71155990442638739	0	Converged	2.340319	-144429188.74576926	-52457879.509111561	7897917.7834012425	-5.0896312705948423	31321.002614836503	FiniteUncertified	FiniteUncertified	FiniteUncertified	FiniteUncertified	FiniteUncertified	7820.4197180984183	430	9	0
