name,u,rtol,stop,mu,error,reference128,reference256,reference_uncertainty,actual_difference,reference_usable,violation
plan15,0,0.001,Converged,6.0199516089053375,0.005839888,6.0199533596500139,6.0199533596500112,2.66453526e-15,1.75074467e-06,1,0
plan15,0,0.0001,Converged,6.0199533596044921,0.000319358321,6.0199533596500139,6.0199533596500112,2.66453526e-15,4.5519144e-11,1,0
plan15,0,1e-05,Converged,6.0199533595851955,5.84004617e-05,6.0199533596500139,6.0199533596500112,2.66453526e-15,6.48157084e-11,1,0
plan15,0,1e-06,Converged,6.0199533596497696,2.63063291e-06,6.0199533596500139,6.0199533596500112,2.66453526e-15,2.4158453e-13,1,0
plan15,0,1e-08,Converged,6.019953359650013,2.39523021e-08,6.0199533596500139,6.0199533596500112,2.66453526e-15,1.77635684e-15,1,0
plan15,0.5,0.001,Converged,6.1205006645589828,0.00432225846,6.1205016227172315,6.1205016227172298,1.77635684e-15,9.58158247e-07,1,0
plan15,0.5,0.0001,Converged,6.1205016288542371,0.000424651965,6.1205016227172315,6.1205016227172298,1.77635684e-15,6.13700735e-09,1,0
plan15,0.5,1e-05,Converged,6.1205016227633111,2.15178433e-05,6.1205016227172315,6.1205016227172298,1.77635684e-15,4.60813609e-11,1,0
plan15,0.5,1e-06,Converged,6.1205016227777005,5.80467026e-06,6.1205016227172315,6.1205016227172298,1.77635684e-15,6.04707395e-11,1,0
plan15,0.5,1e-08,Converged,6.1205016227172306,3.60303661e-08,6.1205016227172315,6.1205016227172298,1.77635684e-15,8.8817842e-16,1,0
resonant,0,0.001,Converged,13.730120074185391,0.0108194838,13.730115998899569,13.730115998899564,5.32907052e-15,4.07528583e-06,1,0
resonant,0,0.0001,Converged,13.730116144653451,0.00071444952,13.730115998899569,13.730115998899564,5.32907052e-15,1.45753887e-07,1,0
resonant,0,1e-05,Converged,13.730115998776757,0.000128320681,13.730115998899569,13.730115998899564,5.32907052e-15,1.22806654e-10,1,0
resonant,0,1e-06,Converged,13.730115998934352,3.13270186e-06,13.730115998899569,13.730115998899564,5.32907052e-15,3.47881723e-11,1,0
resonant,0,1e-08,Converged,13.730115998899567,8.40473813e-08,13.730115998899569,13.730115998899564,5.32907052e-15,3.55271368e-15,1,0
resonant,0.5,0.001,Converged,13.877484232546381,0.0128503658,13.877481463961633,13.877481464091501,1.29867672e-10,2.76845488e-06,1,0
resonant,0.5,0.0001,Converged,13.877481553095594,0.00138595502,13.877481463961633,13.877481464091501,1.29867672e-10,8.9004093e-08,1,0
resonant,0.5,1e-05,Converged,13.87748142586519,9.86054729e-05,13.877481463961633,13.877481464091501,1.29867672e-10,3.8226311e-08,1,0
resonant,0.5,1e-06,Converged,13.8774814244188,6.94052543e-06,13.877481463961633,13.877481464091501,1.29867672e-10,3.96727007e-08,1,0
resonant,0.5,1e-08,Converged,13.877481424397958,1.34401372e-07,13.877481463961633,13.877481464091501,1.29867672e-10,3.96935427e-08,1,0
close-binary,0,0.001,Converged,8.1331861615733256,0.00748809419,8.1331871251541461,8.1331871251541443,1.77635684e-15,9.63580819e-07,1,0
close-binary,0,0.0001,Converged,8.1331871350959748,0.000344274163,8.1331871251541461,8.1331871251541443,1.77635684e-15,9.94183047e-09,1,0
close-binary,0,1e-05,Converged,8.1331871252328884,5.64457212e-05,8.1331871251541461,8.1331871251541443,1.77635684e-15,7.87441223e-11,1,0
close-binary,0,1e-06,Converged,8.1331871251541425,7.2321747e-06,8.1331871251541461,8.1331871251541443,1.77635684e-15,1.77635684e-15,1,0
close-binary,0,1e-08,Converged,8.1331871251541479,3.68140194e-08,8.1331871251541461,8.1331871251541443,1.77635684e-15,3.55271368e-15,1,0
close-binary,0.5,0.001,Converged,8.0833951022848609,0.00303271079,8.0833995979319706,8.0833995986615612,7.2959061e-10,4.4963767e-06,1,0
close-binary,0.5,0.0001,Converged,8.0833997168360217,0.000591389238,8.0833995979319706,8.0833995986615612,7.2959061e-10,1.1817446e-07,1,0
close-binary,0.5,1e-05,Converged,8.083399709239405,4.23991321e-05,8.0833995979319706,8.0833995986615612,7.2959061e-10,1.10577844e-07,1,0
close-binary,0.5,1e-06,Converged,8.0833997115823539,4.03347804e-06,8.0833995979319706,8.0833995986615612,7.2959061e-10,1.12920793e-07,1,0
close-binary,0.5,1e-08,InnerAccuracyLimited,8.0833997115823539,4.03347804e-06,8.0833995979319706,8.0833995986615612,7.2959061e-10,1.12920793e-07,1,0
wide-planet,0,0.001,Converged,1.1591934436470934,9.29178626e-05,1.1591934443442502,1.1591934443442498,4.4408921e-16,6.97156333e-10,1,0
wide-planet,0,0.0001,Converged,1.1591934436470934,9.29178626e-05,1.1591934443442502,1.1591934443442498,4.4408921e-16,6.97156333e-10,1,0
wide-planet,0,1e-05,Converged,1.1591934436472051,1.0370566e-06,1.1591934443442502,1.1591934443442498,4.4408921e-16,6.97044644e-10,1,0
wide-planet,0,1e-06,Converged,1.1591934436472051,1.0370566e-06,1.1591934443442502,1.1591934443442498,4.4408921e-16,6.97044644e-10,1,0
wide-planet,0,1e-08,Converged,1.1591934443442491,4.6529509e-09,1.1591934443442502,1.1591934443442498,4.4408921e-16,6.66133815e-16,1,0
wide-planet,0.5,0.001,Converged,1.1591902257554043,0.000444478224,1.1591902291417397,1.1591902291417393,4.4408921e-16,3.38633499e-09,1,0
wide-planet,0.5,0.0001,Converged,1.1591902258251667,1.41177689e-06,1.1591902291417397,1.1591902291417393,4.4408921e-16,3.31657257e-09,1,0
wide-planet,0.5,1e-05,Converged,1.1591902258251667,1.41177689e-06,1.1591902291417397,1.1591902291417393,4.4408921e-16,3.31657257e-09,1,0
wide-planet,0.5,1e-06,Converged,1.1591902291417386,3.62659515e-08,1.1591902291417397,1.1591902291417393,4.4408921e-16,6.66133815e-16,1,0
wide-planet,0.5,1e-08,Converged,1.1591902291417402,1.03321304e-09,1.1591902291417397,1.1591902291417393,4.4408921e-16,8.8817842e-16,1,0
cusp-approach,0,0.001,Converged,1.5003323150038625,9.24342608e-05,1.5003323149921406,1.5003323149921421,1.55431223e-15,1.17204024e-11,1,0
cusp-approach,0,0.0001,Converged,1.5003323150038625,9.24342608e-05,1.5003323149921406,1.5003323149921421,1.55431223e-15,1.17204024e-11,1,0
cusp-approach,0,1e-05,Converged,1.5003323149952019,1.24493052e-05,1.5003323149921406,1.5003323149921421,1.55431223e-15,3.05977466e-12,1,0
cusp-approach,0,1e-06,Converged,1.5003323149921395,3.89818458e-08,1.5003323149921406,1.5003323149921421,1.55431223e-15,2.66453526e-15,1,0
cusp-approach,0,1e-08,Converged,1.5003323149921415,6.90205875e-10,1.5003323149921406,1.5003323149921421,1.55431223e-15,6.66133815e-16,1,0
cusp-approach,0.5,0.001,Converged,1.5002754656949193,0.000260014694,1.5002754657153887,1.5002754657153903,1.55431223e-15,2.04709583e-11,1,0
cusp-approach,0.5,0.0001,Converged,1.5002754657092836,9.70259253e-05,1.5002754657153887,1.5002754657153903,1.55431223e-15,6.10667072e-12,1,0
cusp-approach,0.5,1e-05,Converged,1.5002754657153869,1.345597e-07,1.5002754657153887,1.5002754657153903,1.55431223e-15,3.33066907e-15,1,0
cusp-approach,0.5,1e-06,Converged,1.5002754657153869,1.345597e-07,1.5002754657153887,1.5002754657153903,1.55431223e-15,3.33066907e-15,1,0
cusp-approach,0.5,1e-08,Converged,1.5002754657153896,3.98180502e-10,1.5002754657153887,1.5002754657153903,1.55431223e-15,6.66133815e-16,1,0
on-axis-off,0,0.001,Converged,3.8271233587613938,0.00325750436,3.8270937122831143,3.8270935670174167,1.45265698e-07,2.9791744e-05,1,0
on-axis-off,0,0.0001,Converged,3.827094009959612,0.000251553345,3.8270937122831143,3.8270935670174167,1.45265698e-07,4.42942195e-07,1,0
on-axis-off,0,1e-05,Converged,3.8270940099504367,3.15742645e-05,3.8270937122831143,3.8270935670174167,1.45265698e-07,4.4293302e-07,1,0
on-axis-off,0,1e-06,Converged,3.8270935666239478,2.6990238e-06,3.8270937122831143,3.8270935670174167,1.45265698e-07,3.93468813e-10,1,0
on-axis-off,0,1e-08,Converged,3.827093546240365,3.6714226e-08,3.8270937122831143,3.8270935670174167,1.45265698e-07,2.07770516e-08,0,-1
on-axis-off,0.5,0.001,Converged,3.8255160277897398,0.00168661297,3.8254982402446602,3.8254981530852414,8.71594188e-08,1.78747045e-05,1,0
on-axis-off,0.5,0.0001,Converged,3.8255003674369688,0.000339571006,3.8254982402446602,3.8254981530852414,8.71594188e-08,2.21435173e-06,1,0
on-axis-off,0.5,1e-05,Converged,3.8254984188450538,1.89565483e-05,3.8254982402446602,3.8254981530852414,8.71594188e-08,2.65759812e-07,1,0
on-axis-off,0.5,1e-06,Converged,3.8254981528503205,2.76358546e-06,3.8254982402446602,3.8254981530852414,8.71594188e-08,2.34920972e-10,1,0
on-axis-off,0.5,1e-08,Converged,3.8254981406190112,3.81767797e-08,3.8254982402446602,3.8254981530852414,8.71594188e-08,1.24662303e-08,0,-1
R=sqrt(m0),0,0.001,Converged,1.3878220326641866,0.000605850189,1.3878220323012336,1.3878220323012318,1.77635684e-15,3.62954777e-10,1,0
R=sqrt(m0),0,0.0001,Converged,1.3878220326056712,4.93281323e-05,1.3878220323012336,1.3878220323012318,1.77635684e-15,3.04439363e-10,1,0
R=sqrt(m0),0,1e-05,Converged,1.3878220323012318,1.13490915e-08,1.3878220323012336,1.3878220323012318,1.77635684e-15,0,1,0
R=sqrt(m0),0,1e-06,Converged,1.3878220323012318,1.13490915e-08,1.3878220323012336,1.3878220323012318,1.77635684e-15,0,1,0
R=sqrt(m0),0,1e-08,Converged,1.3878220323012318,1.13490915e-08,1.3878220323012336,1.3878220323012318,1.77635684e-15,0,1,0
R=sqrt(m0),0.5,0.001,Converged,1.3878052400657817,0.000562746561,1.3878052398662628,1.387805239866261,1.77635684e-15,1.99520622e-10,1,0
R=sqrt(m0),0.5,0.0001,Converged,1.3878052400325598,0.000119430919,1.3878052398662628,1.387805239866261,1.77635684e-15,1.66298753e-10,1,0
R=sqrt(m0),0.5,1e-05,Converged,1.387805239866261,1.17509448e-08,1.3878052398662628,1.387805239866261,1.77635684e-15,0,1,0
R=sqrt(m0),0.5,1e-06,Converged,1.387805239866261,1.17509448e-08,1.3878052398662628,1.387805239866261,1.77635684e-15,0,1,0
R=sqrt(m0),0.5,1e-08,Converged,1.387805239866261,1.17509448e-08,1.3878052398662628,1.387805239866261,1.77635684e-15,0,1,0
tiny-rho,0,0.001,Converged,38.337679646328134,0.0330121264,38.337679148834816,38.337679148834738,7.81597009e-14,4.97493396e-07,1,0
tiny-rho,0,0.0001,Converged,38.337679148833615,0.00034462622,38.337679148834816,38.337679148834738,7.81597009e-14,1.12265752e-12,1,0
tiny-rho,0,1e-05,Converged,38.337679148833615,0.00034462622,38.337679148834816,38.337679148834738,7.81597009e-14,1.12265752e-12,1,0
tiny-rho,0,1e-06,Converged,38.337679148835718,1.30989472e-05,38.337679148834816,38.337679148834738,7.81597009e-14,9.80548975e-13,1,0
tiny-rho,0,1e-08,Converged,38.337679148834532,5.83787776e-08,38.337679148834816,38.337679148834738,7.81597009e-14,2.06057393e-13,1,0
tiny-rho,0.5,0.001,Converged,38.322870948591017,0.0288128169,38.322870590796938,38.322870590796867,7.10542736e-14,3.5779415e-07,1,0
tiny-rho,0.5,0.0001,Converged,38.322870590526378,0.00166806238,38.322870590796938,38.322870590796867,7.10542736e-14,2.70489409e-10,1,0
tiny-rho,0.5,1e-05,Converged,38.322870590797464,1.24898755e-05,38.322870590796938,38.322870590796867,7.10542736e-14,5.96855898e-13,1,0
tiny-rho,0.5,1e-06,Converged,38.322870590797464,1.24898755e-05,38.322870590796938,38.322870590796867,7.10542736e-14,5.96855898e-13,1,0
tiny-rho,0.5,1e-08,Converged,38.32287059079664,7.16968112e-08,38.322870590796938,38.322870590796867,7.10542736e-14,2.27373675e-13,1,0
caustic-cross,0,0.001,Converged,31.943801777427275,0.0152088174,31.943875683723192,31.943881821085391,6.1373622e-06,8.00436581e-05,1,0
caustic-cross,0,0.0001,Converged,31.943872600409247,0.00308717341,31.943875683723192,31.943881821085391,6.1373622e-06,9.22067614e-06,1,0
caustic-cross,0,1e-05,Converged,31.943881947310054,0.000226168992,31.943875683723192,31.943881821085391,6.1373622e-06,1.26224663e-07,1,0
caustic-cross,0,1e-06,Converged,31.943882647840805,2.90672277e-05,31.943875683723192,31.943881821085391,6.1373622e-06,8.26755414e-07,1,0
caustic-cross,0,1e-08,Converged,31.943882703318987,2.45720665e-07,31.943875683723192,31.943881821085391,6.1373622e-06,8.82233596e-07,0,-1
caustic-cross,0.5,0.001,Converged,33.289129923596413,0.024331846,33.288796886608495,33.288800638713894,3.7521054e-06,0.000329284883,1,0
caustic-cross,0.5,0.0001,Converged,33.288796153740229,0.00215049739,33.288796886608495,33.288800638713894,3.7521054e-06,4.48497367e-06,1,0
caustic-cross,0.5,1e-05,Converged,33.288802788475131,0.000276408598,33.288796886608495,33.288800638713894,3.7521054e-06,2.14976124e-06,1,0
caustic-cross,0.5,1e-06,Converged,33.288801736988177,3.07489781e-05,33.288796886608495,33.288800638713894,3.7521054e-06,1.09827428e-06,1,0
caustic-cross,0.5,1e-08,InnerAccuracyLimited,33.288801814510435,4.70827596e-05,33.288796886608495,33.288800638713894,3.7521054e-06,1.17579654e-06,0,-1
extreme-q-lo,0,0.001,Converged,1.6758184942457073,0.000402622482,1.6758184942429728,1.675818494242973,2.22044605e-16,2.73425727e-12,1,0
extreme-q-lo,0,0.0001,Converged,1.6758184942425287,1.79913474e-09,1.6758184942429728,1.675818494242973,2.22044605e-16,4.44311254e-13,1,0
extreme-q-lo,0,1e-05,Converged,1.6758184942425287,1.79913474e-09,1.6758184942429728,1.675818494242973,2.22044605e-16,4.44311254e-13,1,0
extreme-q-lo,0,1e-06,Converged,1.6758184942425287,1.79913474e-09,1.6758184942429728,1.675818494242973,2.22044605e-16,4.44311254e-13,1,0
extreme-q-lo,0,1e-08,Converged,1.6758184942425287,1.79913474e-09,1.6758184942429728,1.675818494242973,2.22044605e-16,4.44311254e-13,1,0
extreme-q-lo,0.5,0.001,Converged,1.6758050595845753,3.38579455e-08,1.6758050595865555,1.6758050595865555,0,1.98019379e-12,1,0
extreme-q-lo,0.5,0.0001,Converged,1.6758050595845753,3.38579455e-08,1.6758050595865555,1.6758050595865555,0,1.98019379e-12,1,0
extreme-q-lo,0.5,1e-05,Converged,1.6758050595845753,3.38579455e-08,1.6758050595865555,1.6758050595865555,0,1.98019379e-12,1,0
extreme-q-lo,0.5,1e-06,Converged,1.6758050595845753,3.38579455e-08,1.6758050595865555,1.6758050595865555,0,1.98019379e-12,1,0
extreme-q-lo,0.5,1e-08,Converged,1.675805059584577,8.11293317e-09,1.6758050595865555,1.6758050595865555,0,1.97841743e-12,1,0
extreme-q-planet,0,0.001,Converged,1.3710362547682691,0.000942134526,1.371036655555949,1.3710366555559481,8.8817842e-16,4.00787679e-07,1,0
extreme-q-planet,0,0.0001,Converged,1.3710366026352474,7.09405146e-05,1.371036655555949,1.3710366555559481,8.8817842e-16,5.29207007e-08,1,0
extreme-q-planet,0,1e-05,Converged,1.371036655562069,4.3501861e-06,1.371036655555949,1.3710366555559481,8.8817842e-16,6.12088158e-12,1,0
extreme-q-planet,0,1e-06,Converged,1.3710366555494586,6.33778539e-07,1.371036655555949,1.3710366555559481,8.8817842e-16,6.48947562e-12,1,0
extreme-q-planet,0,1e-08,Converged,1.3710366555559457,1.06302011e-08,1.371036655555949,1.3710366555559481,8.8817842e-16,2.44249065e-15,1,0
extreme-q-planet,0.5,0.001,Converged,1.3699296354017536,0.000895691005,1.3699283118200296,1.3699283118200292,4.4408921e-16,1.32358172e-06,1,0
extreme-q-planet,0.5,0.0001,Converged,1.369928322405584,0.000128052322,1.3699283118200296,1.3699283118200292,4.4408921e-16,1.05855549e-08,1,0
extreme-q-planet,0.5,1e-05,Converged,1.369928312162201,8.06848386e-06,1.3699283118200296,1.3699283118200292,4.4408921e-16,3.42171846e-10,1,0
extreme-q-planet,0.5,1e-06,Converged,1.3699283118237753,1.24787271e-06,1.3699283118200296,1.3699283118200292,4.4408921e-16,3.74611453e-12,1,0
extreme-q-planet,0.5,1e-08,Converged,1.3699283118200352,6.70881627e-09,1.3699283118200296,1.3699283118200292,4.4408921e-16,5.99520433e-15,1,0
very-wide,0,0.001,Converged,1.032499564055972,1.13736167e-05,1.0324995640560493,1.0324995640560486,6.66133815e-16,7.66053887e-14,1,0
very-wide,0,0.0001,Converged,1.032499564055972,1.13736167e-05,1.0324995640560493,1.0324995640560486,6.66133815e-16,7.66053887e-14,1,0
very-wide,0,1e-05,Converged,1.0324995640560124,5.60172746e-06,1.0324995640560493,1.0324995640560486,6.66133815e-16,3.61932706e-14,1,0
very-wide,0,1e-06,Converged,1.0324995640560477,8.91249429e-10,1.0324995640560493,1.0324995640560486,6.66133815e-16,8.8817842e-16,1,0
very-wide,0,1e-08,Converged,1.0324995640560477,8.91249429e-10,1.0324995640560493,1.0324995640560486,6.66133815e-16,8.8817842e-16,1,0
very-wide,0.5,0.001,Converged,1.032499473239388,5.63057009e-05,1.0324994732472226,1.0324994732472224,2.22044605e-16,7.8343998e-12,1,0
very-wide,0.5,0.0001,Converged,1.032499473239388,5.63057009e-05,1.0324994732472226,1.0324994732472224,2.22044605e-16,7.8343998e-12,1,0
very-wide,0.5,1e-05,Converged,1.0324994732472201,2.34786537e-08,1.0324994732472226,1.0324994732472224,2.22044605e-16,2.22044605e-15,1,0
very-wide,0.5,1e-06,Converged,1.0324994732472201,2.34786537e-08,1.0324994732472226,1.0324994732472224,2.22044605e-16,2.22044605e-15,1,0
very-wide,0.5,1e-08,Converged,1.0324994732472208,2.33746145e-10,1.0324994732472226,1.0324994732472224,2.22044605e-16,1.55431223e-15,1,0
very-close,0,0.001,Converged,25.120844828671686,0.00948587687,25.120863611407074,25.120863611407064,1.0658141e-14,1.87827354e-05,1,0
very-close,0,0.0001,Converged,25.120845198674093,0.00168513143,25.120863611407074,25.120863611407064,1.0658141e-14,1.8412733e-05,1,0
very-close,0,1e-05,Converged,25.120862339709102,0.000188590587,25.120863611407074,25.120863611407064,1.0658141e-14,1.27169796e-06,1,0
very-close,0,1e-06,Converged,25.120863579332539,1.8251628e-05,25.120863611407074,25.120863611407064,1.0658141e-14,3.20745244e-08,1,0
very-close,0,1e-08,Converged,25.120863611407042,1.88915608e-07,25.120863611407074,25.120863611407064,1.0658141e-14,2.13162821e-14,1,0
very-close,0.5,0.001,Converged,24.840309469393116,0.0160379418,24.84032119840386,24.840321199728105,1.3242456e-09,1.1730335e-05,1,0
very-close,0.5,0.0001,Converged,24.840310020051493,0.00244302756,24.84032119840386,24.840321199728105,1.3242456e-09,1.11796766e-05,1,0
very-close,0.5,1e-05,Converged,24.840320115529014,0.000162476797,24.84032119840386,24.840321199728105,1.3242456e-09,1.08419909e-06,1,0
very-close,0.5,1e-06,Converged,24.84032103113724,2.42775702e-05,24.84032119840386,24.840321199728105,1.3242456e-09,1.68590866e-07,1,0
very-close,0.5,1e-08,InnerAccuracyLimited,24.8403210504075,5.47858936e-06,24.84032119840386,24.840321199728105,1.3242456e-09,1.49320606e-07,1,0
fold-tangent,0,0.001,Converged,6.0800746173117313,0.00514794889,6.0800735635332934,6.0800735635332934,0,1.05377844e-06,1,0
fold-tangent,0,0.0001,Converged,6.0800735636231611,0.000121619145,6.0800735635332934,6.0800735635332934,0,8.98676689e-11,1,0
fold-tangent,0,1e-05,Converged,6.080073563616879,4.29736187e-05,6.0800735635332934,6.0800735635332934,0,8.35855829e-11,1,0
fold-tangent,0,1e-06,Converged,6.0800735635338441,1.77994807e-06,6.0800735635332934,6.0800735635332934,0,5.5067062e-13,1,0
fold-tangent,0,1e-08,Converged,6.0800735635332934,2.0587615e-08,6.0800735635332934,6.0800735635332934,0,0,1,0
fold-tangent,0.5,0.001,Converged,6.0643553502750542,0.00325838281,6.0643547136147919,6.0643547136147911,8.8817842e-16,6.36660263e-07,1,0
fold-tangent,0.5,0.0001,Converged,6.0643547136396929,0.000278760883,6.0643547136147919,6.0643547136147911,8.8817842e-16,2.49018584e-11,1,0
fold-tangent,0.5,1e-05,Converged,6.0643547136644465,1.12912018e-05,6.0643547136147919,6.0643547136147911,8.8817842e-16,4.96553909e-11,1,0
fold-tangent,0.5,1e-06,Converged,6.0643547136152343,2.04225029e-06,6.0643547136147919,6.0643547136147911,8.8817842e-16,4.43201031e-13,1,0
fold-tangent,0.5,1e-08,Converged,6.0643547136147937,3.66808088e-08,6.0643547136147919,6.0643547136147911,8.8817842e-16,2.66453526e-15,1,0
rand000,0,0.001,Converged,1.939077307051035,0.0017586629,1.9390773068620686,1.9390773068620699,1.33226763e-15,1.88965066e-10,1,0
rand000,0,0.0001,Converged,1.9390773069889593,4.28757202e-05,1.9390773068620686,1.9390773068620699,1.33226763e-15,1.26889388e-10,1,0
rand000,0,1e-05,Converged,1.9390773068621203,1.24066426e-06,1.9390773068620686,1.9390773068620699,1.33226763e-15,5.04041253e-14,1,0
rand000,0,1e-06,Converged,1.9390773068621203,1.24066426e-06,1.9390773068620686,1.9390773068620699,1.33226763e-15,5.04041253e-14,1,0
rand000,0,1e-08,Converged,1.9390773068620697,7.23319316e-09,1.9390773068620686,1.9390773068620699,1.33226763e-15,2.22044605e-16,1,0
rand000,0.5,0.001,Converged,1.9390266451742608,2.67906563e-05,1.9390266450981262,1.9390266450981266,4.4408921e-16,7.613421e-11,1,0
rand000,0.5,0.0001,Converged,1.9390266451742608,2.67906563e-05,1.9390266450981262,1.9390266450981266,4.4408921e-16,7.613421e-11,1,0
rand000,0.5,1e-05,Converged,1.9390266450981577,6.91150855e-07,1.9390266450981262,1.9390266450981266,4.4408921e-16,3.10862447e-14,1,0
rand000,0.5,1e-06,Converged,1.9390266450981577,6.91150855e-07,1.9390266450981262,1.9390266450981266,4.4408921e-16,3.10862447e-14,1,0
rand000,0.5,1e-08,Converged,1.9390266450981253,3.67706802e-09,1.9390266450981262,1.9390266450981266,4.4408921e-16,1.33226763e-15,1,0
rand001,0,0.001,Converged,1.8549947111170857,0.00161003188,1.8549947137075253,1.8549947137075247,6.66133815e-16,2.59043897e-09,1,0
rand001,0,0.0001,Converged,1.8549947114997145,6.63650891e-05,1.8549947137075253,1.8549947137075247,6.66133815e-16,2.20781016e-09,1,0
rand001,0,1e-05,Converged,1.8549947114725995,3.34557463e-06,1.8549947137075253,1.8549947137075247,6.66133815e-16,2.23492513e-09,1,0
rand001,0,1e-06,Converged,1.8549947137075251,3.53894614e-08,1.8549947137075253,1.8549947137075247,6.66133815e-16,4.4408921e-16,1,0
rand001,0,1e-08,Converged,1.8549947137075249,1.51775435e-08,1.8549947137075253,1.8549947137075247,6.66133815e-16,2.22044605e-16,1,0
rand001,0.5,0.001,Converged,1.8537210283970973,5.82605342e-05,1.853721038699109,1.8537210386991081,8.8817842e-16,1.03020108e-08,1,0
rand001,0.5,0.0001,Converged,1.8537210283970973,5.82605342e-05,1.853721038699109,1.8537210386991081,8.8817842e-16,1.03020108e-08,1,0
rand001,0.5,1e-05,Converged,1.8537210283808205,4.48724412e-06,1.853721038699109,1.8537210386991081,8.8817842e-16,1.03182876e-08,1,0
rand001,0.5,1e-06,Converged,1.8537210386991372,9.30917714e-08,1.853721038699109,1.8537210386991081,8.8817842e-16,2.90878432e-14,1,0
rand001,0.5,1e-08,Converged,1.8537210386991088,5.38780653e-10,1.853721038699109,1.8537210386991081,8.8817842e-16,6.66133815e-16,1,0
rand002,0,0.001,Converged,2.5473527185520197,0.0018317939,2.5473527184751021,2.5473527184751026,4.4408921e-16,7.69171393e-11,1,0
rand002,0,0.0001,Converged,2.5473527184751035,4.7454368e-08,2.5473527184751021,2.5473527184751026,4.4408921e-16,8.8817842e-16,1,0
rand002,0,1e-05,Converged,2.5473527184751035,4.7454368e-08,2.5473527184751021,2.5473527184751026,4.4408921e-16,8.8817842e-16,1,0
rand002,0,1e-06,Converged,2.5473527184751035,4.7454368e-08,2.5473527184751021,2.5473527184751026,4.4408921e-16,8.8817842e-16,1,0
rand002,0,1e-08,Converged,2.547352718475103,1.05967195e-08,2.5473527184751021,2.5473527184751026,4.4408921e-16,4.4408921e-16,1,0
rand002,0.5,0.001,Converged,2.5466658117848757,8.10756002e-08,2.5466658117848766,2.5466658117848775,8.8817842e-16,1.77635684e-15,1,0
rand002,0.5,0.0001,Converged,2.5466658117848757,8.10756002e-08,2.5466658117848766,2.5466658117848775,8.8817842e-16,1.77635684e-15,1,0
rand002,0.5,1e-05,Converged,2.5466658117848757,8.10756002e-08,2.5466658117848766,2.5466658117848775,8.8817842e-16,1.77635684e-15,1,0
rand002,0.5,1e-06,Converged,2.5466658117848757,8.10756002e-08,2.5466658117848766,2.5466658117848775,8.8817842e-16,1.77635684e-15,1,0
rand002,0.5,1e-08,Converged,2.5466658117848748,1.32102468e-12,2.5466658117848766,2.5466658117848775,8.8817842e-16,2.66453526e-15,1,0
rand003,0,0.001,Converged,2.1560022222041382,0.00100770856,2.1559988297523454,2.1559988297523449,4.4408921e-16,3.39245179e-06,1,0
rand003,0,0.0001,Converged,2.1559988418171221,4.58199542e-05,2.1559988297523454,2.1559988297523449,4.4408921e-16,1.20647772e-08,1,0
rand003,0,1e-05,Converged,2.1559988297534201,2.37581937e-06,2.1559988297523454,2.1559988297523449,4.4408921e-16,1.07513998e-12,1,0
rand003,0,1e-06,Converged,2.1559988297534129,9.13714171e-07,2.1559988297523454,2.1559988297523449,4.4408921e-16,1.06803455e-12,1,0
rand003,0,1e-08,Converged,2.1559988297523449,5.50632345e-11,2.1559988297523454,2.1559988297523449,4.4408921e-16,0,1,0
rand003,0.5,0.001,Converged,2.1496379563436308,0.000622053027,2.149635920872552,2.149635920872552,0,2.03547108e-06,1,0
rand003,0.5,0.0001,Converged,2.149635928111421,4.49180281e-05,2.149635920872552,2.149635920872552,0,7.23886906e-09,1,0
rand003,0.5,1e-05,Converged,2.1496359208731999,1.88515472e-05,2.149635920872552,2.149635920872552,0,6.47926157e-13,1,0
rand003,0.5,1e-06,Converged,2.1496359208731923,3.08785174e-07,2.149635920872552,2.149635920872552,0,6.40376641e-13,1,0
rand003,0.5,1e-08,Converged,2.1496359208725524,3.45589478e-11,2.149635920872552,2.149635920872552,0,4.4408921e-16,1,0
rand004,0,0.001,Converged,1.3953116562280516,0.000450821135,1.39531166579052,1.3953116657905202,2.22044605e-16,9.56246859e-09,1,0
rand004,0,0.0001,Converged,1.3953116561956087,1.42912827e-05,1.39531166579052,1.3953116657905202,2.22044605e-16,9.59491153e-09,1,0
rand004,0,1e-05,Converged,1.3953116657905205,8.12634109e-08,1.39531166579052,1.3953116657905202,2.22044605e-16,2.22044605e-16,1,0
rand004,0,1e-06,Converged,1.3953116657905205,8.12634109e-08,1.39531166579052,1.3953116657905202,2.22044605e-16,2.22044605e-16,1,0
rand004,0,1e-08,Converged,1.3953116657905209,7.36020619e-10,1.39531166579052,1.3953116657905202,2.22044605e-16,6.66133815e-16,1,0
rand004,0.5,0.001,Converged,1.3950903759541713,0.00116321663,1.3950904217520914,1.3950904217520919,4.4408921e-16,4.57979206e-08,1,0
rand004,0.5,0.0001,Converged,1.3950903758156228,1.92788095e-05,1.3950904217520914,1.3950904217520919,4.4408921e-16,4.59364691e-08,1,0
rand004,0.5,1e-05,Converged,1.3950904217520543,3.31517639e-07,1.3950904217520914,1.3950904217520919,4.4408921e-16,3.75255382e-14,1,0
rand004,0.5,1e-06,Converged,1.3950904217520543,3.31517639e-07,1.3950904217520914,1.3950904217520919,4.4408921e-16,3.75255382e-14,1,0
rand004,0.5,1e-08,Converged,1.3950904217520927,9.69022118e-09,1.3950904217520914,1.3950904217520919,4.4408921e-16,8.8817842e-16,1,0
rand005,0,0.001,Converged,1.4689930145548247,0.000799794117,1.4689930146031804,1.4689930146031807,2.22044605e-16,4.83559859e-11,1,0
rand005,0,0.0001,Converged,1.4689930146031809,4.89670035e-08,1.4689930146031804,1.4689930146031807,2.22044605e-16,2.22044605e-16,1,0
rand005,0,1e-05,Converged,1.4689930146031809,4.89670035e-08,1.4689930146031804,1.4689930146031807,2.22044605e-16,2.22044605e-16,1,0
rand005,0,1e-06,Converged,1.4689930146031809,4.89670035e-08,1.4689930146031804,1.4689930146031807,2.22044605e-16,2.22044605e-16,1,0
rand005,0,1e-08,Converged,1.4689930146031809,7.03008706e-09,1.4689930146031804,1.4689930146031807,2.22044605e-16,2.22044605e-16,1,0
rand005,0.5,0.001,Converged,1.4682484776243063,1.63494846e-07,1.4682484776243059,1.4682484776243061,2.22044605e-16,2.22044605e-16,1,0
rand005,0.5,0.0001,Converged,1.4682484776243063,1.63494846e-07,1.4682484776243059,1.4682484776243061,2.22044605e-16,2.22044605e-16,1,0
rand005,0.5,1e-05,Converged,1.4682484776243063,1.63494846e-07,1.4682484776243059,1.4682484776243061,2.22044605e-16,2.22044605e-16,1,0
rand005,0.5,1e-06,Converged,1.4682484776243063,1.63494846e-07,1.4682484776243059,1.4682484776243061,2.22044605e-16,2.22044605e-16,1,0
rand005,0.5,1e-08,Converged,1.4682484776243063,7.36738374e-09,1.4682484776243059,1.4682484776243061,2.22044605e-16,2.22044605e-16,1,0
rand006,0,0.001,Converged,1.9709732048472273,0.000642615343,1.9709732018262416,1.9709732018262416,0,3.02098568e-09,1,0
rand006,0,0.0001,Converged,1.9709732047489885,0.000193957562,1.9709732018262416,1.9709732018262416,0,2.92274693e-09,1,0
rand006,0,1e-05,Converged,1.970973201826242,3.20122766e-07,1.9709732018262416,1.9709732018262416,0,4.4408921e-16,1,0
rand006,0,1e-06,Converged,1.970973201826242,3.20122766e-07,1.9709732018262416,1.9709732018262416,0,4.4408921e-16,1,0
rand006,0,1e-08,Converged,1.9709732018262403,1.21913199e-08,1.9709732018262416,1.9709732018262416,0,1.33226763e-15,1,0
rand006,0.5,0.001,Converged,1.9681076866129232,0.000765233942,1.968107684089702,1.9681076840897023,2.22044605e-16,2.52322097e-09,1,0
rand006,0.5,0.0001,Converged,1.9681076854664519,0.000174657094,1.968107684089702,1.9681076840897023,2.22044605e-16,1.3767496e-09,1,0
rand006,0.5,1e-05,Converged,1.9681076840896965,4.43995503e-07,1.968107684089702,1.9681076840897023,2.22044605e-16,5.77315973e-15,1,0
rand006,0.5,1e-06,Converged,1.9681076840896965,4.43995503e-07,1.968107684089702,1.9681076840897023,2.22044605e-16,5.77315973e-15,1,0
rand006,0.5,1e-08,Converged,1.9681076840896949,2.95595766e-09,1.968107684089702,1.9681076840897023,2.22044605e-16,7.32747196e-15,1,0
rand007,0,0.001,Converged,3.2108521264239895,0.00124492664,3.210852126431587,3.2108521264316967,1.09690035e-13,7.70716824e-12,1,0
rand007,0,0.0001,Converged,3.210852126431635,6.22695796e-10,3.210852126431587,3.2108521264316967,1.09690035e-13,6.17284002e-14,1,0
rand007,0,1e-05,Converged,3.210852126431635,6.22695796e-10,3.210852126431587,3.2108521264316967,1.09690035e-13,6.17284002e-14,1,0
rand007,0,1e-06,Converged,3.210852126431635,6.22695796e-10,3.210852126431587,3.2108521264316967,1.09690035e-13,6.17284002e-14,1,0
rand007,0,1e-08,Converged,3.210852126431635,6.22695796e-10,3.210852126431587,3.2108521264316967,1.09690035e-13,6.17284002e-14,1,0
rand007,0.5,0.001,Converged,3.2108518017433307,3.85159627e-08,3.2108518017432615,3.2108518017433858,1.24344979e-13,5.5067062e-14,1,0
rand007,0.5,0.0001,Converged,3.2108518017433307,3.85159627e-08,3.2108518017432615,3.2108518017433858,1.24344979e-13,5.5067062e-14,1,0
rand007,0.5,1e-05,Converged,3.2108518017433307,3.85159627e-08,3.2108518017432615,3.2108518017433858,1.24344979e-13,5.5067062e-14,1,0
rand007,0.5,1e-06,Converged,3.2108518017433307,3.85159627e-08,3.2108518017432615,3.2108518017433858,1.24344979e-13,5.5067062e-14,1,0
rand007,0.5,1e-08,Converged,3.2108518017433854,1.32713608e-08,3.2108518017432615,3.2108518017433858,1.24344979e-13,4.4408921e-16,1,0
rand008,0,0.001,Converged,1.2029724641437101,0.000114265072,1.202972464157998,1.2029724641580604,6.2394534e-14,1.43502987e-11,1,0
rand008,0,0.0001,Converged,1.2029724641437101,0.000114265072,1.202972464157998,1.2029724641580604,6.2394534e-14,1.43502987e-11,1,0
rand008,0,1e-05,Converged,1.2029724641444262,2.04023775e-08,1.202972464157998,1.2029724641580604,6.2394534e-14,1.36342049e-11,1,0
rand008,0,1e-06,Converged,1.2029724641444262,2.04023775e-08,1.202972464157998,1.2029724641580604,6.2394534e-14,1.36342049e-11,1,0
rand008,0,1e-08,Converged,1.2029724641580655,2.01163571e-10,1.202972464157998,1.2029724641580604,6.2394534e-14,5.10702591e-15,1,0
rand008,0.5,0.001,Converged,1.2029724528995207,0.000570514565,1.2029724530583461,1.2029724530583867,4.06341627e-14,1.58866031e-10,1,0
rand008,0.5,0.0001,Converged,1.2029724529929686,4.15218219e-08,1.2029724530583461,1.2029724530583867,4.06341627e-14,6.54181154e-11,1,0
rand008,0.5,1e-05,Converged,1.2029724529929686,4.15218219e-08,1.2029724530583461,1.2029724530583867,4.06341627e-14,6.54181154e-11,1,0
rand008,0.5,1e-06,Converged,1.2029724529929686,4.15218219e-08,1.2029724530583461,1.2029724530583867,4.06341627e-14,6.54181154e-11,1,0
rand008,0.5,1e-08,Converged,1.2029724530583814,1.63149516e-09,1.2029724530583461,1.2029724530583867,4.06341627e-14,5.32907052e-15,1,0
rand009,0,0.001,Converged,12.892230113278236,0.00679947151,12.8922301132783,12.892230113278137,1.63424829e-13,9.9475983e-14,1,0
rand009,0,0.0001,Converged,12.892230113272376,2.2028101e-08,12.8922301132783,12.892230113278137,1.63424829e-13,5.76072523e-12,1,0
rand009,0,1e-05,Converged,12.892230113272376,2.2028101e-08,12.8922301132783,12.892230113278137,1.63424829e-13,5.76072523e-12,1,0
rand009,0,1e-06,Converged,12.892230113272376,2.2028101e-08,12.8922301132783,12.892230113278137,1.63424829e-13,5.76072523e-12,1,0
rand009,0,1e-08,Converged,12.892230113272376,2.2028101e-08,12.8922301132783,12.892230113278137,1.63424829e-13,5.76072523e-12,1,0
rand009,0.5,0.001,Converged,12.89218482836403,2.5057333e-07,12.89218482839286,12.89218482839264,2.20268248e-13,2.86100033e-11,1,0
rand009,0.5,0.0001,Converged,12.89218482836403,2.5057333e-07,12.89218482839286,12.89218482839264,2.20268248e-13,2.86100033e-11,1,0
rand009,0.5,1e-05,Converged,12.89218482836403,2.5057333e-07,12.89218482839286,12.89218482839264,2.20268248e-13,2.86100033e-11,1,0
rand009,0.5,1e-06,Converged,12.89218482836403,2.5057333e-07,12.89218482839286,12.89218482839264,2.20268248e-13,2.86100033e-11,1,0
rand009,0.5,1e-08,Converged,12.89218482836413,1.22475421e-07,12.89218482839286,12.89218482839264,2.20268248e-13,2.85105273e-11,1,0
rand010,0,0.001,Converged,16.366774197102345,0.0158514837,16.366774134855198,16.366774134855195,3.55271368e-15,6.22471497e-08,1,0
rand010,0,0.0001,Converged,16.366774142721557,0.000446641338,16.366774134855198,16.366774134855195,3.55271368e-15,7.86636178e-09,1,0
rand010,0,1e-05,Converged,16.366774134854939,2.65054926e-06,16.366774134855198,16.366774134855195,3.55271368e-15,2.55795385e-13,1,0
rand010,0,1e-06,Converged,16.366774134854939,2.65054926e-06,16.366774134855198,16.366774134855195,3.55271368e-15,2.55795385e-13,1,0
rand010,0,1e-08,Converged,16.366774134854932,3.94978855e-10,16.366774134855198,16.366774134855195,3.55271368e-15,2.62900812e-13,1,0
rand010,0.5,0.001,Converged,16.348614342587986,0.013424228,16.348614278412793,16.348614278412786,7.10542736e-15,6.41752003e-08,1,0
rand010,0.5,0.0001,Converged,16.3486142831315,0.00027200259,16.348614278412793,16.348614278412786,7.10542736e-15,4.71871431e-09,1,0
rand010,0.5,1e-05,Converged,16.348614278411532,4.5579383e-06,16.348614278412793,16.348614278412786,7.10542736e-15,1.25410793e-12,1,0
rand010,0.5,1e-06,Converged,16.348614278411532,4.5579383e-06,16.348614278412793,16.348614278412786,7.10542736e-15,1.25410793e-12,1,0
rand010,0.5,1e-08,Converged,16.348614278411528,6.64719421e-08,16.348614278412793,16.348614278412786,7.10542736e-15,1.25766064e-12,1,0
rand011,0,0.001,Converged,5.1054532485860769,0.0029592395,5.1054240044661254,5.1054240044660339,9.14823772e-14,2.924412e-05,1,0
rand011,0,0.0001,Converged,5.1054243645721193,0.00023367007,5.1054240044661254,5.1054240044660339,9.14823772e-14,3.60106085e-07,1,0
rand011,0,1e-05,Converged,5.1054240048438331,5.74046999e-06,5.1054240044661254,5.1054240044660339,9.14823772e-14,3.77799125e-10,1,0
rand011,0,1e-06,Converged,5.1054240044660402,7.97240823e-08,5.1054240044661254,5.1054240044660339,9.14823772e-14,6.21724894e-15,1,0
rand011,0,1e-08,Converged,5.1054240044660411,4.81769766e-08,5.1054240044661254,5.1054240044660339,9.14823772e-14,7.10542736e-15,1,0
rand011,0.5,0.001,Converged,5.1047907838799089,0.00177697654,5.1047732374079393,5.1047732374078851,5.41788836e-14,1.7546472e-05,1,0
rand011,0.5,0.0001,Converged,5.1047734534715357,0.000141634889,5.1047732374079393,5.1047732374078851,5.41788836e-14,2.16063651e-07,1,0
rand011,0.5,1e-05,Converged,5.1047732376345678,4.87712865e-06,5.1047732374079393,5.1047732374078851,5.41788836e-14,2.26682673e-10,1,0
rand011,0.5,1e-06,Converged,5.1047732376345678,4.87712865e-06,5.1047732374079393,5.1047732374078851,5.41788836e-14,2.26682673e-10,1,0
rand011,0.5,1e-08,Converged,5.1047732374078851,7.6894255e-09,5.1047732374079393,5.1047732374078851,5.41788836e-14,0,1,0
rand012,0,0.001,Converged,3.8285679577583691,0.00160221831,3.8285679577646032,3.828567957764625,2.17603713e-14,6.2558847e-12,1,0
rand012,0,0.0001,Converged,3.8285679577646254,2.2258354e-09,3.8285679577646032,3.828567957764625,2.17603713e-14,4.4408921e-16,1,0
rand012,0,1e-05,Converged,3.8285679577646254,2.2258354e-09,3.8285679577646032,3.828567957764625,2.17603713e-14,4.4408921e-16,1,0
rand012,0,1e-06,Converged,3.8285679577646254,2.2258354e-09,3.8285679577646032,3.828567957764625,2.17603713e-14,4.4408921e-16,1,0
rand012,0,1e-08,Converged,3.8285679577646254,2.2258354e-09,3.8285679577646032,3.828567957764625,2.17603713e-14,4.4408921e-16,1,0
rand012,0.5,0.001,Converged,3.8285636470169924,5.46925829e-08,3.8285636470169719,3.8285636470169977,2.57571742e-14,5.32907052e-15,1,0
rand012,0.5,0.0001,Converged,3.8285636470169924,5.46925829e-08,3.8285636470169719,3.8285636470169977,2.57571742e-14,5.32907052e-15,1,0
rand012,0.5,1e-05,Converged,3.8285636470169924,5.46925829e-08,3.8285636470169719,3.8285636470169977,2.57571742e-14,5.32907052e-15,1,0
rand012,0.5,1e-06,Converged,3.8285636470169924,5.46925829e-08,3.8285636470169719,3.8285636470169977,2.57571742e-14,5.32907052e-15,1,0
rand012,0.5,1e-08,Converged,3.8285636470169844,2.02913774e-08,3.8285636470169719,3.8285636470169977,2.57571742e-14,1.33226763e-14,1,0
rand013,0,0.001,Converged,4.3953750974934529,2.29441765e-07,4.3953750974934493,4.3953750974934511,1.77635684e-15,1.77635684e-15,1,0
rand013,0,0.0001,Converged,4.3953750974934529,2.29441765e-07,4.3953750974934493,4.3953750974934511,1.77635684e-15,1.77635684e-15,1,0
rand013,0,1e-05,Converged,4.3953750974934529,2.29441765e-07,4.3953750974934493,4.3953750974934511,1.77635684e-15,1.77635684e-15,1,0
rand013,0,1e-06,Converged,4.3953750974934529,2.29441765e-07,4.3953750974934493,4.3953750974934511,1.77635684e-15,1.77635684e-15,1,0
rand013,0,1e-08,Converged,4.3953750974934511,7.42051111e-14,4.3953750974934493,4.3953750974934511,1.77635684e-15,0,1,0
rand013,0.5,0.001,Converged,4.3914301288671265,7.49895561e-07,4.3914301288671211,4.3914301288671229,1.77635684e-15,3.55271368e-15,1,0
rand013,0.5,0.0001,Converged,4.3914301288671265,7.49895561e-07,4.3914301288671211,4.3914301288671229,1.77635684e-15,3.55271368e-15,1,0
rand013,0.5,1e-05,Converged,4.3914301288671265,7.49895561e-07,4.3914301288671211,4.3914301288671229,1.77635684e-15,3.55271368e-15,1,0
rand013,0.5,1e-06,Converged,4.3914301288671265,7.49895561e-07,4.3914301288671211,4.3914301288671229,1.77635684e-15,3.55271368e-15,1,0
rand013,0.5,1e-08,Converged,4.391430128867122,1.98543956e-12,4.3914301288671211,4.3914301288671229,1.77635684e-15,8.8817842e-16,1,0
rand014,0,0.001,Converged,1.487386506934764,0.000273021766,1.4873865073291801,1.4873865073291856,5.55111512e-15,3.94421606e-10,1,0
rand014,0,0.0001,Converged,1.4873865069363803,5.84575253e-07,1.4873865073291801,1.4873865073291856,5.55111512e-15,3.92805344e-10,1,0
rand014,0,1e-05,Converged,1.4873865069363803,5.84575253e-07,1.4873865073291801,1.4873865073291856,5.55111512e-15,3.92805344e-10,1,0
rand014,0,1e-06,Converged,1.4873865069363803,5.84575253e-07,1.4873865073291801,1.4873865073291856,5.55111512e-15,3.92805344e-10,1,0
rand014,0,1e-08,Converged,1.4873865073291752,2.80031116e-09,1.4873865073291801,1.4873865073291856,5.55111512e-15,1.04360964e-14,1,0
rand014,0.5,0.001,Converged,1.4873861388520075,0.00135887529,1.487386140958507,1.4873861409585138,6.88338275e-15,2.1065063e-09,1,0
rand014,0.5,0.0001,Converged,1.4873861390739149,8.06365168e-07,1.487386140958507,1.4873861409585138,6.88338275e-15,1.88459892e-09,1,0
rand014,0.5,1e-05,Converged,1.4873861390739149,8.06365168e-07,1.487386140958507,1.4873861409585138,6.88338275e-15,1.88459892e-09,1,0
rand014,0.5,1e-06,Converged,1.4873861390739149,8.06365168e-07,1.487386140958507,1.4873861409585138,6.88338275e-15,1.88459892e-09,1,0
rand014,0.5,1e-08,Converged,1.4873861409585158,2.91556208e-09,1.487386140958507,1.4873861409585138,6.88338275e-15,1.99840144e-15,1,0
rand015,0,0.001,Converged,2.1025684735043271,0.000693192174,2.1025684734872581,2.1025684734872563,1.77635684e-15,1.70707892e-11,1,0
rand015,0,0.0001,Converged,2.1025684734872563,3.06543456e-09,2.1025684734872581,2.1025684734872563,1.77635684e-15,0,1,0
rand015,0,1e-05,Converged,2.1025684734872563,3.06543456e-09,2.1025684734872581,2.1025684734872563,1.77635684e-15,0,1,0
rand015,0,1e-06,Converged,2.1025684734872563,3.06543456e-09,2.1025684734872581,2.1025684734872563,1.77635684e-15,0,1,0
rand015,0,1e-08,Converged,2.1025684734872563,3.06543456e-09,2.1025684734872581,2.1025684734872563,1.77635684e-15,0,1,0
rand015,0.5,0.001,Converged,2.1025314677020024,6.2201341e-08,2.1025314677020033,2.1025314677020019,1.33226763e-15,4.4408921e-16,1,0
rand015,0.5,0.0001,Converged,2.1025314677020024,6.2201341e-08,2.1025314677020033,2.1025314677020019,1.33226763e-15,4.4408921e-16,1,0
rand015,0.5,1e-05,Converged,2.1025314677020024,6.2201341e-08,2.1025314677020033,2.1025314677020019,1.33226763e-15,4.4408921e-16,1,0
rand015,0.5,1e-06,Converged,2.1025314677020024,6.2201341e-08,2.1025314677020033,2.1025314677020019,1.33226763e-15,4.4408921e-16,1,0
rand015,0.5,1e-08,Converged,2.1025314677020028,1.7147141e-08,2.1025314677020033,2.1025314677020019,1.33226763e-15,8.8817842e-16,1,0
rand016,0,0.001,Converged,1.6351967191748373,0.000759917859,1.6351962988251554,1.6351962988251549,4.4408921e-16,4.20349682e-07,1,0
rand016,0,0.0001,Converged,1.6351962989602453,7.0369338e-06,1.6351962988251554,1.6351962988251549,4.4408921e-16,1.35090383e-10,1,0
rand016,0,1e-05,Converged,1.6351962989602453,7.0369338e-06,1.6351962988251554,1.6351962988251549,4.4408921e-16,1.35090383e-10,1,0
rand016,0,1e-06,Converged,1.6351962988251554,9.76547365e-07,1.6351962988251554,1.6351962988251549,4.4408921e-16,4.4408921e-16,1,0
rand016,0,1e-08,Converged,1.6351962988251543,3.99918268e-09,1.6351962988251554,1.6351962988251549,4.4408921e-16,6.66133815e-16,1,0
rand016,0.5,0.001,Converged,1.635174680031378,0.000236573399,1.6351744278255502,1.6351744278255493,8.8817842e-16,2.52205829e-07,1,0
rand016,0.5,0.0001,Converged,1.6351744279066029,2.09692685e-05,1.6351744278255502,1.6351744278255493,8.8817842e-16,8.10536083e-11,1,0
rand016,0.5,1e-05,Converged,1.6351744279066018,1.12821446e-05,1.6351744278255502,1.6351744278255493,8.8817842e-16,8.1052498e-11,1,0
rand016,0.5,1e-06,Converged,1.6351744278255491,1.01180865e-08,1.6351744278255502,1.6351744278255493,8.8817842e-16,2.22044605e-16,1,0
rand016,0.5,1e-08,Converged,1.6351744278255491,1.01180865e-08,1.6351744278255502,1.6351744278255493,8.8817842e-16,2.22044605e-16,1,0
rand017,0,0.001,Converged,5.3729762894509872,1.87900145e-07,5.3729762894509925,5.3729762894509925,0,5.32907052e-15,1,0
rand017,0,0.0001,Converged,5.3729762894509872,1.87900145e-07,5.3729762894509925,5.3729762894509925,0,5.32907052e-15,1,0
rand017,0,1e-05,Converged,5.3729762894509872,1.87900145e-07,5.3729762894509925,5.3729762894509925,0,5.32907052e-15,1,0
rand017,0,1e-06,Converged,5.3729762894509872,1.87900145e-07,5.3729762894509925,5.3729762894509925,0,5.32907052e-15,1,0
rand017,0,1e-08,Converged,5.3729762894509943,1.46664773e-13,5.3729762894509925,5.3729762894509925,0,1.77635684e-15,1,0
rand017,0.5,0.001,Converged,5.3706242487534901,1.85754139e-07,5.3706242487534981,5.3706242487534981,0,7.99360578e-15,1,0
rand017,0.5,0.0001,Converged,5.3706242487534901,1.85754139e-07,5.3706242487534981,5.3706242487534981,0,7.99360578e-15,1,0
rand017,0.5,1e-05,Converged,5.3706242487534901,1.85754139e-07,5.3706242487534981,5.3706242487534981,0,7.99360578e-15,1,0
rand017,0.5,1e-06,Converged,5.3706242487534901,1.85754139e-07,5.3706242487534981,5.3706242487534981,0,7.99360578e-15,1,0
rand017,0.5,1e-08,Converged,5.3706242487534999,1.75276762e-13,5.3706242487534981,5.3706242487534981,0,1.77635684e-15,1,0
rand018,0,0.001,Converged,2.2051921431843593,0.00068480734,2.2051921431866925,2.2051921431866806,1.19904087e-14,2.3212543e-12,1,0
rand018,0,0.0001,Converged,2.2051921431867036,1.25937733e-09,2.2051921431866925,2.2051921431866806,1.19904087e-14,2.30926389e-14,1,0
rand018,0,1e-05,Converged,2.2051921431867036,1.25937733e-09,2.2051921431866925,2.2051921431866806,1.19904087e-14,2.30926389e-14,1,0
rand018,0,1e-06,Converged,2.2051921431867036,1.25937733e-09,2.2051921431866925,2.2051921431866806,1.19904087e-14,2.30926389e-14,1,0
rand018,0,1e-08,Converged,2.2051921431867036,1.25937733e-09,2.2051921431866925,2.2051921431866806,1.19904087e-14,2.30926389e-14,1,0
rand018,0.5,0.001,Converged,2.2051890413061264,3.17219215e-08,2.2051890413061144,2.2051890413061073,7.10542736e-15,1.9095836e-14,1,0
rand018,0.5,0.0001,Converged,2.2051890413061264,3.17219215e-08,2.2051890413061144,2.2051890413061073,7.10542736e-15,1.9095836e-14,1,0
rand018,0.5,1e-05,Converged,2.2051890413061264,3.17219215e-08,2.2051890413061144,2.2051890413061073,7.10542736e-15,1.9095836e-14,1,0
rand018,0.5,1e-06,Converged,2.2051890413061264,3.17219215e-08,2.2051890413061144,2.2051890413061073,7.10542736e-15,1.9095836e-14,1,0
rand018,0.5,1e-08,Converged,2.2051890413061299,8.75953118e-09,2.2051890413061144,2.2051890413061073,7.10542736e-15,2.26485497e-14,1,0
rand019,0,0.001,Converged,1.9896879913079712,0.000668408041,1.9896879912803846,1.9896879912803846,0,2.75865997e-11,1,0
rand019,0,0.0001,Converged,1.9896879912803827,2.80502155e-09,1.9896879912803846,1.9896879912803846,0,1.99840144e-15,1,0
rand019,0,1e-05,Converged,1.9896879912803827,2.80502155e-09,1.9896879912803846,1.9896879912803846,0,1.99840144e-15,1,0
rand019,0,1e-06,Converged,1.9896879912803827,2.80502155e-09,1.9896879912803846,1.9896879912803846,0,1.99840144e-15,1,0
rand019,0,1e-08,Converged,1.9896879912803827,2.80502155e-09,1.9896879912803846,1.9896879912803846,0,1.99840144e-15,1,0
rand019,0.5,0.001,Converged,1.9896271005530604,7.00313502e-08,1.9896271005530644,1.9896271005530648,4.4408921e-16,4.4408921e-15,1,0
rand019,0.5,0.0001,Converged,1.9896271005530604,7.00313502e-08,1.9896271005530644,1.9896271005530648,4.4408921e-16,4.4408921e-15,1,0
rand019,0.5,1e-05,Converged,1.9896271005530604,7.00313502e-08,1.9896271005530644,1.9896271005530648,4.4408921e-16,4.4408921e-15,1,0
rand019,0.5,1e-06,Converged,1.9896271005530604,7.00313502e-08,1.9896271005530644,1.9896271005530648,4.4408921e-16,4.4408921e-15,1,0
rand019,0.5,1e-08,Converged,1.989627100553063,1.8870394e-08,1.9896271005530644,1.9896271005530648,4.4408921e-16,1.77635684e-15,1,0
rand020,0,0.001,Converged,1.3529871121532944,0.000747765766,1.3529873798198322,1.3529873798198329,6.66133815e-16,2.67666538e-07,1,0
rand020,0,0.0001,Converged,1.3529873798198226,1.72196615e-06,1.3529873798198322,1.3529873798198329,6.66133815e-16,1.02140518e-14,1,0
rand020,0,1e-05,Converged,1.3529873798198226,1.72196615e-06,1.3529873798198322,1.3529873798198329,6.66133815e-16,1.02140518e-14,1,0
rand020,0,1e-06,Converged,1.3529873798198344,1.39780869e-09,1.3529873798198322,1.3529873798198329,6.66133815e-16,1.55431223e-15,1,0
rand020,0,1e-08,Converged,1.3529873798198344,1.39780869e-09,1.3529873798198322,1.3529873798198329,6.66133815e-16,1.55431223e-15,1,0
rand020,0.5,0.001,Converged,1.3529140450809731,0.000537153022,1.3529153270359942,1.3529153270359948,6.66133815e-16,1.28195502e-06,1,0
rand020,0.5,0.0001,Converged,1.3529153270348584,8.59936151e-06,1.3529153270359942,1.3529153270359948,6.66133815e-16,1.13642429e-12,1,0
rand020,0.5,1e-05,Converged,1.3529153270348584,8.59936151e-06,1.3529153270359942,1.3529153270359948,6.66133815e-16,1.13642429e-12,1,0
rand020,0.5,1e-06,Converged,1.3529153270359964,3.53799793e-08,1.3529153270359942,1.3529153270359948,6.66133815e-16,1.55431223e-15,1,0
rand020,0.5,1e-08,Converged,1.3529153270359953,9.62195617e-09,1.3529153270359942,1.3529153270359948,6.66133815e-16,4.4408921e-16,1,0
rand021,0,0.001,Converged,2.5772087267241406,0.000888054568,2.577208726729677,2.5772087267296193,5.77315973e-14,5.47872858e-12,1,0
rand021,0,0.0001,Converged,2.5772087267296011,4.49213793e-10,2.577208726729677,2.5772087267296193,5.77315973e-14,1.82076576e-14,1,0
rand021,0,1e-05,Converged,2.5772087267296011,4.49213793e-10,2.577208726729677,2.5772087267296193,5.77315973e-14,1.82076576e-14,1,0
rand021,0,1e-06,Converged,2.5772087267296011,4.49213793e-10,2.577208726729677,2.5772087267296193,5.77315973e-14,1.82076576e-14,1,0
rand021,0,1e-08,Converged,2.5772087267296011,4.49213793e-10,2.577208726729677,2.5772087267296193,5.77315973e-14,1.82076576e-14,1,0
rand021,0.5,0.001,Converged,2.5772085120680908,3.07720363e-08,2.5772085120681938,2.5772085120681361,5.77315973e-14,4.52970994e-14,1,0
rand021,0.5,0.0001,Converged,2.5772085120680908,3.07720363e-08,2.5772085120681938,2.5772085120681361,5.77315973e-14,4.52970994e-14,1,0
rand021,0.5,1e-05,Converged,2.5772085120680908,3.07720363e-08,2.5772085120681938,2.5772085120681361,5.77315973e-14,4.52970994e-14,1,0
rand021,0.5,1e-06,Converged,2.5772085120680908,3.07720363e-08,2.5772085120681938,2.5772085120681361,5.77315973e-14,4.52970994e-14,1,0
rand021,0.5,1e-08,Converged,2.5772085120680717,9.42464582e-09,2.5772085120681938,2.5772085120681361,5.77315973e-14,6.43929354e-14,1,0
rand022,0,0.001,Converged,4.275714537596083,0.00196726022,4.2757145375619929,4.2757145375620027,9.76996262e-15,3.40802941e-11,1,0
rand022,0,0.0001,Converged,4.2757145375619867,6.91169811e-09,4.2757145375619929,4.2757145375620027,9.76996262e-15,1.59872116e-14,1,0
rand022,0,1e-05,Converged,4.2757145375619867,6.91169811e-09,4.2757145375619929,4.2757145375620027,9.76996262e-15,1.59872116e-14,1,0
rand022,0,1e-06,Converged,4.2757145375619867,6.91169811e-09,4.2757145375619929,4.2757145375620027,9.76996262e-15,1.59872116e-14,1,0
rand022,0,1e-08,Converged,4.2757145375619867,6.91169811e-09,4.2757145375619929,4.2757145375620027,9.76996262e-15,1.59872116e-14,1,0
rand022,0.5,0.001,Converged,4.2756631923194997,1.21293403e-07,4.2756631923195023,4.2756631923195174,1.50990331e-14,1.77635684e-14,1,0
rand022,0.5,0.0001,Converged,4.2756631923194997,1.21293403e-07,4.2756631923195023,4.2756631923195174,1.50990331e-14,1.77635684e-14,1,0
rand022,0.5,1e-05,Converged,4.2756631923194997,1.21293403e-07,4.2756631923195023,4.2756631923195174,1.50990331e-14,1.77635684e-14,1,0
rand022,0.5,1e-06,Converged,4.2756631923194997,1.21293403e-07,4.2756631923195023,4.2756631923195174,1.50990331e-14,1.77635684e-14,1,0
rand022,0.5,1e-08,Converged,4.2756631923195139,7.1446248e-13,4.2756631923195023,4.2756631923195174,1.50990331e-14,3.55271368e-15,1,0
rand023,0,0.001,Converged,2.7812379933850973,1.37744428e-07,2.7812379933850955,2.7812379933850959,4.4408921e-16,1.33226763e-15,1,0
rand023,0,0.0001,Converged,2.7812379933850973,1.37744428e-07,2.7812379933850955,2.7812379933850959,4.4408921e-16,1.33226763e-15,1,0
rand023,0,1e-05,Converged,2.7812379933850973,1.37744428e-07,2.7812379933850955,2.7812379933850959,4.4408921e-16,1.33226763e-15,1,0
rand023,0,1e-06,Converged,2.7812379933850973,1.37744428e-07,2.7812379933850955,2.7812379933850959,4.4408921e-16,1.33226763e-15,1,0
rand023,0,1e-08,Converged,2.7812379933850968,3.39780161e-14,2.7812379933850955,2.7812379933850959,4.4408921e-16,8.8817842e-16,1,0
rand023,0.5,0.001,Converged,2.7784364508347243,5.6304919e-07,2.7784364508347217,2.778436450834723,1.33226763e-15,1.33226763e-15,1,0
rand023,0.5,0.0001,Converged,2.7784364508347243,5.6304919e-07,2.7784364508347217,2.778436450834723,1.33226763e-15,1.33226763e-15,1,0
rand023,0.5,1e-05,Converged,2.7784364508347243,5.6304919e-07,2.7784364508347217,2.778436450834723,1.33226763e-15,1.33226763e-15,1,0
rand023,0.5,1e-06,Converged,2.7784364508347243,5.6304919e-07,2.7784364508347217,2.778436450834723,1.33226763e-15,1.33226763e-15,1,0
rand023,0.5,1e-08,Converged,2.7784364508347235,4.97260554e-14,2.7784364508347217,2.778436450834723,1.33226763e-15,4.4408921e-16,1,0
rand024,0,0.001,Converged,1.8874366866258909,0.000499519436,1.887436686628885,1.8874366866289913,1.06359366e-13,3.10040882e-12,1,0
rand024,0,0.0001,Converged,1.8874366866290111,2.32576142e-10,1.887436686628885,1.8874366866289913,1.06359366e-13,1.97619698e-14,1,0
rand024,0,1e-05,Converged,1.8874366866290111,2.32576142e-10,1.887436686628885,1.8874366866289913,1.06359366e-13,1.97619698e-14,1,0
rand024,0,1e-06,Converged,1.8874366866290111,2.32576142e-10,1.887436686628885,1.8874366866289913,1.06359366e-13,1.97619698e-14,1,0
rand024,0,1e-08,Converged,1.8874366866290111,2.32576142e-10,1.887436686628885,1.8874366866289913,1.06359366e-13,1.97619698e-14,1,0
rand024,0.5,0.001,Converged,1.8874366262075819,2.22970958e-08,1.8874366262075322,1.887436626207583,5.08482145e-14,1.11022302e-15,1,0
rand024,0.5,0.0001,Converged,1.8874366262075819,2.22970958e-08,1.8874366262075322,1.887436626207583,5.08482145e-14,1.11022302e-15,1,0
rand024,0.5,1e-05,Converged,1.8874366262075819,2.22970958e-08,1.8874366262075322,1.887436626207583,5.08482145e-14,1.11022302e-15,1,0
rand024,0.5,1e-06,Converged,1.8874366262075819,2.22970958e-08,1.8874366262075322,1.887436626207583,5.08482145e-14,1.11022302e-15,1,0
rand024,0.5,1e-08,Converged,1.8874366262075977,5.24677565e-09,1.8874366262075322,1.887436626207583,5.08482145e-14,1.46549439e-14,1,0
rand025,0,0.001,Converged,2.5955746595699232,0.00232325618,2.5955745555518783,2.5955745555518779,4.4408921e-16,1.04018045e-07,1,0
rand025,0,0.0001,Converged,2.595574557287343,0.000250629509,2.5955745555518783,2.5955745555518779,4.4408921e-16,1.7354651e-09,1,0
rand025,0,1e-05,Converged,2.5955745572075579,1.52936722e-05,2.5955745555518783,2.5955745555518779,4.4408921e-16,1.65568004e-09,1,0
rand025,0,1e-06,Converged,2.5955745572070548,1.96248203e-06,2.5955745555518783,2.5955745555518779,4.4408921e-16,1.65517688e-09,1,0
rand025,0,1e-08,Converged,2.5955745555528318,2.53554955e-08,2.5955745555518783,2.5955745555518779,4.4408921e-16,9.53903623e-13,1,0
rand025,0.5,0.001,Converged,2.5914836571155955,0.00200644455,2.591483617617532,2.5914836176175315,4.4408921e-16,3.94980639e-08,1,0
rand025,0.5,0.0001,Converged,2.5914836149097882,3.66295151e-05,2.591483617617532,2.5914836176175315,4.4408921e-16,2.70774336e-09,1,0
rand025,0.5,1e-05,Converged,2.5914836149090235,2.58652263e-05,2.591483617617532,2.5914836176175315,4.4408921e-16,2.70850808e-09,1,0
rand025,0.5,1e-06,Converged,2.5914836176283855,1.96913694e-06,2.591483617617532,2.5914836176175315,4.4408921e-16,1.08539844e-11,1,0
rand025,0.5,1e-08,Converged,2.5914836176175315,7.23053799e-09,2.591483617617532,2.5914836176175315,4.4408921e-16,0,1,0
rand026,0,0.001,Converged,3.0881588461696028,0.00118440887,3.0881588461739082,3.0881588461738914,1.687539e-14,4.2885695e-12,1,0
rand026,0,0.0001,Converged,3.0881588461738767,1.84433388e-09,3.0881588461739082,3.0881588461738914,1.687539e-14,1.46549439e-14,1,0
rand026,0,1e-05,Converged,3.0881588461738767,1.84433388e-09,3.0881588461739082,3.0881588461738914,1.687539e-14,1.46549439e-14,1,0
rand026,0,1e-06,Converged,3.0881588461738767,1.84433388e-09,3.0881588461739082,3.0881588461738914,1.687539e-14,1.46549439e-14,1,0
rand026,0,1e-08,Converged,3.0881588461738767,1.84433388e-09,3.0881588461739082,3.0881588461738914,1.687539e-14,1.46549439e-14,1,0
rand026,0.5,0.001,Converged,3.0881549216818134,4.4676198e-08,3.0881549216818422,3.0881549216818303,1.19904087e-14,1.687539e-14,1,0
rand026,0.5,0.0001,Converged,3.0881549216818134,4.4676198e-08,3.0881549216818422,3.0881549216818303,1.19904087e-14,1.687539e-14,1,0
rand026,0.5,1e-05,Converged,3.0881549216818134,4.4676198e-08,3.0881549216818422,3.0881549216818303,1.19904087e-14,1.687539e-14,1,0
rand026,0.5,1e-06,Converged,3.0881549216818134,4.4676198e-08,3.0881549216818422,3.0881549216818303,1.19904087e-14,1.687539e-14,1,0
rand026,0.5,1e-08,Converged,3.0881549216818414,1.51993221e-08,3.0881549216818422,3.0881549216818303,1.19904087e-14,1.11022302e-14,1,0
rand027,0,0.001,Converged,2.2454434764191169,0.000882649753,2.2454434763708715,2.245443476370871,4.4408921e-16,4.82458518e-11,1,0
rand027,0,0.0001,Converged,2.2454434763705491,3.76256091e-09,2.2454434763708715,2.245443476370871,4.4408921e-16,3.21964677e-13,1,0
rand027,0,1e-05,Converged,2.2454434763705491,3.76256091e-09,2.2454434763708715,2.245443476370871,4.4408921e-16,3.21964677e-13,1,0
rand027,0,1e-06,Converged,2.2454434763705491,3.76256091e-09,2.2454434763708715,2.245443476370871,4.4408921e-16,3.21964677e-13,1,0
rand027,0,1e-08,Converged,2.2454434763705491,3.76256091e-09,2.2454434763708715,2.245443476370871,4.4408921e-16,3.21964677e-13,1,0
rand027,0.5,0.001,Converged,2.2453478305060739,9.23710218e-08,2.2453478305076175,2.2453478305076184,8.8817842e-16,1.54454227e-12,1,0
rand027,0.5,0.0001,Converged,2.2453478305060739,9.23710218e-08,2.2453478305076175,2.2453478305076184,8.8817842e-16,1.54454227e-12,1,0
rand027,0.5,1e-05,Converged,2.2453478305060739,9.23710218e-08,2.2453478305076175,2.2453478305076184,8.8817842e-16,1.54454227e-12,1,0
rand027,0.5,1e-06,Converged,2.2453478305060739,9.23710218e-08,2.2453478305076175,2.2453478305076184,8.8817842e-16,1.54454227e-12,1,0
rand027,0.5,1e-08,Converged,2.2453478305060739,6.46200145e-10,2.2453478305076175,2.2453478305076184,8.8817842e-16,1.54454227e-12,1,0
rand028,0,0.001,Converged,4.5373602874801122,0.00233354856,4.537360228960142,4.5373602289601331,8.8817842e-15,5.85199791e-08,1,0
rand028,0,0.0001,Converged,4.5373602874643053,0.000267626727,4.537360228960142,4.5373602289601331,8.8817842e-15,5.85041722e-08,1,0
rand028,0,1e-05,Converged,4.5373602289614405,2.77755812e-05,4.537360228960142,4.5373602289601331,8.8817842e-15,1.30739863e-12,1,0
rand028,0,1e-06,Converged,4.53736022896127,8.22374729e-07,4.537360228960142,4.5373602289601331,8.8817842e-15,1.13686838e-12,1,0
rand028,0,1e-08,Converged,4.5373602289601385,2.76641541e-09,4.537360228960142,4.5373602289601331,8.8817842e-15,5.32907052e-15,1,0
rand028,0.5,0.001,Converged,4.5373296894308277,0.000296395934,4.5373296543283148,4.5373296543282988,1.59872116e-14,3.51025289e-08,1,0
rand028,0.5,0.0001,Converged,4.5373296894308277,0.000296395934,4.5373296543283148,4.5373296543282988,1.59872116e-14,3.51025289e-08,1,0
rand028,0.5,1e-05,Converged,4.5373296543289943,5.32850781e-07,4.5373296543283148,4.5373296543282988,1.59872116e-14,6.95443703e-13,1,0
rand028,0.5,1e-06,Converged,4.5373296543289943,5.32850781e-07,4.5373296543283148,4.5373296543282988,1.59872116e-14,6.95443703e-13,1,0
rand028,0.5,1e-08,Converged,4.5373296543283157,4.10857852e-08,4.5373296543283148,4.5373296543282988,1.59872116e-14,1.687539e-14,1,0
rand029,0,0.001,Converged,37.446645987232735,0.0356306334,37.446645151367569,37.446645151367555,1.42108547e-14,8.3586518e-07,1,0
rand029,0,0.0001,Converged,37.44664515136887,5.65370472e-05,37.446645151367569,37.446645151367555,1.42108547e-14,1.31450406e-12,1,0
rand029,0,1e-05,Converged,37.44664515136887,5.65370472e-05,37.446645151367569,37.446645151367555,1.42108547e-14,1.31450406e-12,1,0
rand029,0,1e-06,Converged,37.446645151368102,2.22557332e-05,37.446645151367569,37.446645151367555,1.42108547e-14,5.47117907e-13,1,0
rand029,0,1e-08,Converged,37.44664515136737,3.69385214e-10,37.446645151367569,37.446645151367555,1.42108547e-14,1.84741111e-13,1,0
rand029,0.5,0.001,Converged,37.269634626423475,0.005643954,37.269634472251191,37.269634472251184,7.10542736e-15,1.54172291e-07,1,0
rand029,0.5,0.0001,Converged,37.269634602705636,0.00252591997,37.269634472251191,37.269634472251184,7.10542736e-15,1.30454453e-07,1,0
rand029,0.5,1e-05,Converged,37.269634472250885,6.55477144e-05,37.269634472251191,37.269634472251184,7.10542736e-15,2.98427949e-13,1,0
rand029,0.5,1e-06,Converged,37.269634472250736,2.94282657e-05,37.269634472251191,37.269634472251184,7.10542736e-15,4.47641924e-13,1,0
rand029,0.5,1e-08,Converged,37.269634472250246,5.95763278e-10,37.269634472251191,37.269634472251184,7.10542736e-15,9.37916411e-13,1,0
rand030,0,0.001,Converged,2.5377006005542921,0.00129866483,2.5376968633140615,2.5376968630467758,2.67285749e-10,3.73750752e-06,1,0
rand030,0,0.0001,Converged,2.5377003804507079,0.000104943073,2.5376968633140615,2.5376968630467758,2.67285749e-10,3.51740393e-06,1,0
rand030,0,1e-05,Converged,2.5376973006044272,2.04085157e-05,2.5376968633140615,2.5376968630467758,2.67285749e-10,4.37557651e-07,1,0
rand030,0,1e-06,Converged,2.5376968697837707,5.15301741e-07,2.5376968633140615,2.5376968630467758,2.67285749e-10,6.73699496e-09,1,0
rand030,0,1e-08,Converged,2.5376968631150083,1.49844785e-08,2.5376968633140615,2.5376968630467758,2.67285749e-10,6.82325307e-11,1,0
rand030,0.5,0.001,Converged,2.5376972838590492,0.000279414563,2.5376950417336706,2.5376950415733042,1.60366387e-10,2.24228575e-06,1,0
rand030,0.5,0.0001,Converged,2.5376971517942915,8.25561194e-05,2.5376950417336706,2.5376950415733042,1.60366387e-10,2.11022099e-06,1,0
rand030,0.5,1e-05,Converged,2.5376953038865162,1.05933992e-05,2.5376950417336706,2.5376950415733042,1.60366387e-10,2.62313212e-07,1,0
rand030,0.5,1e-06,Converged,2.5376950740816944,1.61108026e-06,2.5376950417336706,2.5376950415733042,1.60366387e-10,3.25083902e-08,1,0
rand030,0.5,1e-08,Converged,2.5376950416142354,2.03216516e-08,2.5376950417336706,2.5376950415733042,1.60366387e-10,4.09312584e-11,1,0
rand031,0,0.001,Converged,2.2235674620758901,0.00154572238,2.2235559169690613,2.2235559169690235,3.77475828e-14,1.15451069e-05,1,0
rand031,0,0.0001,Converged,2.2235560580385947,0.000119941646,2.2235559169690613,2.2235559169690235,3.77475828e-14,1.41069571e-07,1,0
rand031,0,1e-05,Converged,2.2235559171247483,3.47410416e-06,2.2235559169690613,2.2235559169690235,3.77475828e-14,1.55724766e-10,1,0
rand031,0,1e-06,Converged,2.2235559169690253,5.13711081e-07,2.2235559169690613,2.2235559169690235,3.77475828e-14,1.77635684e-15,1,0
rand031,0,1e-08,Converged,2.2235559169690249,6.52252481e-09,2.2235559169690613,2.2235559169690235,3.77475828e-14,1.33226763e-15,1,0
rand031,0.5,0.001,Converged,2.2169701326337239,0.000931057587,2.2169632055696264,2.2169632055696038,2.26485497e-14,6.92706412e-06,1,0
rand031,0.5,0.0001,Converged,2.2169632902113467,7.55873213e-05,2.2169632055696264,2.2169632055696038,2.26485497e-14,8.46417429e-08,1,0
rand031,0.5,1e-05,Converged,2.2169632056630388,5.70679613e-06,2.2169632055696264,2.2169632055696038,2.26485497e-14,9.34350375e-11,1,0
rand031,0.5,1e-06,Converged,2.2169632055696047,5.18821652e-07,2.2169632055696264,2.2169632055696038,2.26485497e-14,8.8817842e-16,1,0
rand031,0.5,1e-08,Converged,2.2169632055696051,3.913611e-09,2.2169632055696264,2.2169632055696038,2.26485497e-14,1.33226763e-15,1,0
rand032,0,0.001,Converged,3.8885147668478521,0.00383953694,3.888514767292734,3.8885147672927332,8.8817842e-16,4.44881021e-10,1,0
rand032,0,0.0001,Converged,3.8885147672927323,1.27482934e-07,3.888514767292734,3.8885147672927332,8.8817842e-16,8.8817842e-16,1,0
rand032,0,1e-05,Converged,3.8885147672927323,1.27482934e-07,3.888514767292734,3.8885147672927332,8.8817842e-16,8.8817842e-16,1,0
rand032,0,1e-06,Converged,3.8885147672927323,1.27482934e-07,3.888514767292734,3.8885147672927332,8.8817842e-16,8.8817842e-16,1,0
rand032,0,1e-08,Converged,3.8885147672927332,8.1316907e-14,3.888514767292734,3.8885147672927332,8.8817842e-16,0,1,0
rand032,0.5,0.001,Converged,3.886896362999086,1.36770707e-07,3.886896362999086,3.886896362999086,0,0,1,0
rand032,0.5,0.0001,Converged,3.886896362999086,1.36770707e-07,3.886896362999086,3.886896362999086,0,0,1,0
rand032,0.5,1e-05,Converged,3.886896362999086,1.36770707e-07,3.886896362999086,3.886896362999086,0,0,1,0
rand032,0.5,1e-06,Converged,3.886896362999086,1.36770707e-07,3.886896362999086,3.886896362999086,0,0,1,0
rand032,0.5,1e-08,Converged,3.886896362999086,9.58455929e-14,3.886896362999086,3.886896362999086,0,0,1,0
rand033,0,0.001,EventLocationLimited,30.388130159758976,0.32150522,30.385425542167273,30.385425542167276,3.55271368e-15,0.00270461759,1,0
rand033,0,0.0001,Converged,30.38542675520273,0.0014642169,30.385425542167273,30.385425542167276,3.55271368e-15,1.21303545e-06,1,0
rand033,0,1e-05,Converged,30.38542554351184,0.000201844836,30.385425542167273,30.385425542167276,3.55271368e-15,1.34456357e-09,1,0
rand033,0,1e-06,Converged,30.385425543486068,2.53885193e-05,30.385425542167273,30.385425542167276,3.55271368e-15,1.31879219e-09,1,0
rand033,0,1e-08,Converged,30.385425542167297,1.60750673e-07,30.385425542167273,30.385425542167276,3.55271368e-15,2.13162821e-14,1,0
rand033,0.5,0.001,EventLocationLimited,31.51585830242955,0.45171891,31.514233521314956,31.514233520683451,6.31505515e-10,0.00162478175,1,0
rand033,0.5,0.0001,Converged,31.514232885565136,0.00118651118,31.514233521314956,31.514233520683451,6.31505515e-10,6.35118315e-07,1,0
rand033,0.5,1e-05,Converged,31.514233011299254,0.000208294475,31.514233521314956,31.514233520683451,6.31505515e-10,5.09384197e-07,1,0
rand033,0.5,1e-06,Converged,31.51423304028846,3.01387969e-05,31.514233521314956,31.514233520683451,6.31505515e-10,4.80394991e-07,1,0
rand033,0.5,1e-08,InnerAccuracyLimited,31.514233039498222,2.61212085e-06,31.514233521314956,31.514233520683451,6.31505515e-10,4.81185229e-07,1,0
rand034,0,0.001,Converged,3.6734003418334504,7.80564401e-07,3.6734003422312536,3.6734003422312544,8.8817842e-16,3.97804012e-10,1,0
rand034,0,0.0001,Converged,3.6734003418334504,7.80564401e-07,3.6734003422312536,3.6734003422312544,8.8817842e-16,3.97804012e-10,1,0
rand034,0,1e-05,Converged,3.6734003418334504,7.80564401e-07,3.6734003422312536,3.6734003422312544,8.8817842e-16,3.97804012e-10,1,0
rand034,0,1e-06,Converged,3.6734003418334504,7.80564401e-07,3.6734003422312536,3.6734003422312544,8.8817842e-16,3.97804012e-10,1,0
rand034,0,1e-08,Converged,3.6734003422312562,2.54260797e-09,3.6734003422312536,3.6734003422312544,8.8817842e-16,1.77635684e-15,1,0
rand034,0.5,0.001,Converged,3.6695309830359113,1.57817054e-06,3.6695309849369528,3.6695309849369542,1.33226763e-15,1.90104288e-09,1,0
rand034,0.5,0.0001,Converged,3.6695309830359113,1.57817054e-06,3.6695309849369528,3.6695309849369542,1.33226763e-15,1.90104288e-09,1,0
rand034,0.5,1e-05,Converged,3.6695309830359113,1.57817054e-06,3.6695309849369528,3.6695309849369542,1.33226763e-15,1.90104288e-09,1,0
rand034,0.5,1e-06,Converged,3.6695309830359113,1.57817054e-06,3.6695309849369528,3.6695309849369542,1.33226763e-15,1.90104288e-09,1,0
rand034,0.5,1e-08,Converged,3.6695309849369546,1.27556501e-08,3.6695309849369528,3.6695309849369542,1.33226763e-15,4.4408921e-16,1,0
rand035,0,0.001,Converged,6.3075026394839107,0.00538786257,6.3074299676189094,6.3074299672643956,3.54513752e-10,7.26722195e-05,1,0
rand035,0,0.0001,Converged,6.3074299975410266,5.08181954e-05,6.3074299676189094,6.3074299672643956,3.54513752e-10,3.0276631e-08,1,0
rand035,0,1e-05,Converged,6.3074299975410266,5.08181954e-05,6.3074299676189094,6.3074299672643956,3.54513752e-10,3.0276631e-08,1,0
rand035,0,1e-06,Converged,6.3074299672842997,2.52952013e-06,6.3074299676189094,6.3074299672643956,3.54513752e-10,1.99040784e-11,1,0
rand035,0,1e-08,Converged,6.3074299672644818,4.72114425e-08,6.3074299676189094,6.3074299672643956,3.54513752e-10,8.61533067e-14,1,0
rand035,0.5,0.001,Converged,6.2928395629757876,0.00323272355,6.2927959598567895,6.2927959596440806,2.12708962e-10,4.36033317e-05,1,0
rand035,0.5,0.0001,Converged,6.2927977757548783,0.00041380521,6.2927959598567895,6.2927959596440806,2.12708962e-10,1.8161108e-06,1,0
rand035,0.5,1e-05,Converged,6.2927959778100577,3.04968791e-05,6.2927959598567895,6.2927959596440806,2.12708962e-10,1.81659772e-08,1,0
rand035,0.5,1e-06,Converged,6.2927959596560212,1.5236739e-06,6.2927959598567895,6.2927959596440806,2.12708962e-10,1.19406707e-11,1,0
rand035,0.5,1e-08,Converged,6.292795959644133,2.79650823e-08,6.2927959598567895,6.2927959596440806,2.12708962e-10,5.24025268e-14,1,0
rand036,0,0.001,Converged,4.1379159792647195,8.42712056e-07,4.1379159797189091,4.13791597971891,8.8817842e-16,4.54190463e-10,1,0
rand036,0,0.0001,Converged,4.1379159792647195,8.42712056e-07,4.1379159797189091,4.13791597971891,8.8817842e-16,4.54190463e-10,1,0
rand036,0,1e-05,Converged,4.1379159792647195,8.42712056e-07,4.1379159797189091,4.13791597971891,8.8817842e-16,4.54190463e-10,1,0
rand036,0,1e-06,Converged,4.1379159792647195,8.42712056e-07,4.1379159797189091,4.13791597971891,8.8817842e-16,4.54190463e-10,1,0
rand036,0,1e-08,Converged,4.1379159797189109,2.90304393e-09,4.1379159797189091,4.13791597971891,8.8817842e-16,8.8817842e-16,1,0
rand036,0.5,0.001,Converged,4.135848960062483,1.12993194e-06,4.1358489622109831,4.1358489622109849,1.77635684e-15,2.14850182e-09,1,0
rand036,0.5,0.0001,Converged,4.135848960062483,1.12993194e-06,4.1358489622109831,4.1358489622109849,1.77635684e-15,2.14850182e-09,1,0
rand036,0.5,1e-05,Converged,4.135848960062483,1.12993194e-06,4.1358489622109831,4.1358489622109849,1.77635684e-15,2.14850182e-09,1,0
rand036,0.5,1e-06,Converged,4.135848960062483,1.12993194e-06,4.1358489622109831,4.1358489622109849,1.77635684e-15,2.14850182e-09,1,0
rand036,0.5,1e-08,Converged,4.1358489622109884,1.47197765e-08,4.1358489622109831,4.1358489622109849,1.77635684e-15,3.55271368e-15,1,0
rand037,0,0.001,Converged,8.2775810290531506,0.00782782243,8.2775810197331303,8.2775810197332351,1.04805054e-13,9.31991551e-09,1,0
rand037,0,0.0001,Converged,8.2775810233764506,0.000163667169,8.2775810197331303,8.2775810197332351,1.04805054e-13,3.64321551e-09,1,0
rand037,0,1e-05,Converged,8.2775810193049022,9.17643846e-07,8.2775810197331303,8.2775810197332351,1.04805054e-13,4.28332925e-10,1,0
rand037,0,1e-06,Converged,8.2775810193049022,9.17643846e-07,8.2775810197331303,8.2775810197332351,1.04805054e-13,4.28332925e-10,1,0
rand037,0,1e-08,Converged,8.2775810197331516,5.02821994e-08,8.2775810197331303,8.2775810197332351,1.04805054e-13,8.34887715e-14,1,0
rand037,0.5,0.001,Converged,8.277563760065469,0.00665303885,8.2775637562548461,8.2775637562549687,1.22568622e-13,3.81050036e-09,1,0
rand037,0.5,0.0001,Converged,8.2775637566429747,9.87344837e-05,8.2775637562548461,8.2775637562549687,1.22568622e-13,3.88006072e-10,1,0
rand037,0.5,1e-05,Converged,8.2775637542000631,1.08476861e-06,8.2775637562548461,8.2775637562549687,1.22568622e-13,2.05490558e-09,1,0
rand037,0.5,1e-06,Converged,8.2775637542000631,1.08476861e-06,8.2775637562548461,8.2775637562549687,1.22568622e-13,2.05490558e-09,1,0
rand037,0.5,1e-08,Converged,8.2775637562548212,4.03712216e-08,8.2775637562548461,8.2775637562549687,1.22568622e-13,1.47437618e-13,1,0
rand038,0,0.001,Converged,1.3724565263638087,0.000209273384,1.3724565263860351,1.3724565263860644,2.93098879e-14,2.22557528e-11,1,0
rand038,0,0.0001,Converged,1.3724565263651214,3.11767137e-08,1.3724565263860351,1.3724565263860644,2.93098879e-14,2.09430251e-11,1,0
rand038,0,1e-05,Converged,1.3724565263651214,3.11767137e-08,1.3724565263860351,1.3724565263860644,2.93098879e-14,2.09430251e-11,1,0
rand038,0,1e-06,Converged,1.3724565263651214,3.11767137e-08,1.3724565263860351,1.3724565263860644,2.93098879e-14,2.09430251e-11,1,0
rand038,0,1e-08,Converged,1.3724565263859794,2.8349425e-10,1.3724565263860351,1.3724565263860644,2.93098879e-14,8.50430837e-14,1,0
rand038,0.5,0.001,Converged,1.3724564800215366,0.00104469156,1.3724564802927606,1.3724564802927872,2.66453526e-14,2.71250578e-10,1,0
rand038,0.5,0.0001,Converged,1.3724564801926198,5.80466376e-08,1.3724564802927606,1.3724564802927872,2.66453526e-14,1.0016743e-10,1,0
rand038,0.5,1e-05,Converged,1.3724564801926198,5.80466376e-08,1.3724564802927606,1.3724564802927872,2.66453526e-14,1.0016743e-10,1,0
rand038,0.5,1e-06,Converged,1.3724564801926198,5.80466376e-08,1.3724564802927606,1.3724564802927872,2.66453526e-14,1.0016743e-10,1,0
rand038,0.5,1e-08,Converged,1.3724564802927317,2.85961976e-09,1.3724564802927606,1.3724564802927872,2.66453526e-14,5.55111512e-14,1,0
rand039,0,0.001,Converged,4.8567956613970846,0.00219719665,4.8567956614005174,4.8567956614005316,1.42108547e-14,3.44702045e-12,1,0
rand039,0,0.0001,Converged,4.8567956614004935,3.94774959e-09,4.8567956614005174,4.8567956614005316,1.42108547e-14,3.8191672e-14,1,0
rand039,0,1e-05,Converged,4.8567956614004935,3.94774959e-09,4.8567956614005174,4.8567956614005316,1.42108547e-14,3.8191672e-14,1,0
rand039,0,1e-06,Converged,4.8567956614004935,3.94774959e-09,4.8567956614005174,4.8567956614005316,1.42108547e-14,3.8191672e-14,1,0
rand039,0,1e-08,Converged,4.8567956614004935,3.94774959e-09,4.8567956614005174,4.8567956614005316,1.42108547e-14,3.8191672e-14,1,0
rand039,0.5,0.001,Converged,4.8567849794679159,7.98204705e-08,4.8567849794679319,4.8567849794679461,1.42108547e-14,3.01980663e-14,1,0
rand039,0.5,0.0001,Converged,4.8567849794679159,7.98204705e-08,4.8567849794679319,4.8567849794679461,1.42108547e-14,3.01980663e-14,1,0
rand039,0.5,1e-05,Converged,4.8567849794679159,7.98204705e-08,4.8567849794679319,4.8567849794679461,1.42108547e-14,3.01980663e-14,1,0
rand039,0.5,1e-06,Converged,4.8567849794679159,7.98204705e-08,4.8567849794679319,4.8567849794679461,1.42108547e-14,3.01980663e-14,1,0
rand039,0.5,1e-08,Converged,4.8567849794678954,3.18557699e-08,4.8567849794679319,4.8567849794679461,1.42108547e-14,5.06261699e-14,1,0
paper_highA,0,0.001,Converged,12363.403507981775,7.86710446,12363.402166979182,12363.402166972195,6.9867383e-09,0.00134100958,1,0
paper_highA,0,0.0001,Converged,12363.402164698842,0.374936367,12363.402166979182,12363.402166972195,6.9867383e-09,2.27335295e-06,1,0
paper_highA,0,1e-05,Converged,12363.40216692946,0.0843296343,12363.402166979182,12363.402166972195,6.9867383e-09,4.2735337e-08,1,0
paper_highA,0,1e-06,Converged,12363.402166977603,0.00220459386,12363.402166979182,12363.402166972195,6.9867383e-09,5.4078555e-09,1,0
paper_highA,0,1e-08,Converged,12363.402166981212,0.0001068875,12363.402166979182,12363.402166972195,6.9867383e-09,9.01673047e-09,1,0
paper_highA,0.5,0.001,Converged,12152.919086236559,8.77118692,12152.917844029862,12152.917845188796,1.15893454e-06,0.00124104776,1,0
paper_highA,0.5,0.0001,Converged,12152.9177838945,0.907225238,12152.917844029862,12152.917845188796,1.15893454e-06,6.12942968e-05,1,0
paper_highA,0.5,1e-05,Converged,12152.917846222477,0.0357096629,12152.917844029862,12152.917845188796,1.15893454e-06,1.03368075e-06,1,0
paper_highA,0.5,1e-06,Converged,12152.917846270555,0.00313107513,12152.917844029862,12152.917845188796,1.15893454e-06,1.08175846e-06,1,0
paper_highA,0.5,1e-08,Converged,12152.917846534498,0.000106467398,12152.917844029862,12152.917845188796,1.15893454e-06,1.34570109e-06,1,0
