row	case	u	parameter	cell	kind	crossings	left_fold	right_fold	a	b	a_lo	b_lo	width	left_Rp	right_Rp	level	nodes	valid_nodes	complete	value_q	old_q	moving_q	old_detail	moving_detail	old_abs_q	moving_abs_q
17	caustic-cross	0	a	0	empty	0	0	1	0	0.55440951894073376	0	4.8743969053645528e-17	0.55440951894073376	0	0.34630991335115074	3	7	7	1	0	0	0	0	0	0	0
17	caustic-cross	0	a	1	arcs	2	1	1	0.55440951894073376	0.56266096077992589	4.8743969053645528e-17	-3.3932552145780222e-17	0.0082514418391920474	0.34630991335115074	0.35944185387374455	3	7	7	1	0.072454438510613575	0.31174892674513432	0.31168527248170119	0.98277807212434587	0.081666872566226414	7.7483954098705912	0.31168527248170119
17	caustic-cross	0	a	2	empty	0	1	0	0.56266096077992589	0.67004418472761151	-3.3932552145780222e-17	0	0.10738322394768565	0.35944185387374455	0	3	7	7	1	0	0	0	0	0	0	0
17	caustic-cross	0	a	3	empty	0	0	0	0.67004418472761151	0.81649658092772603	0	0	0.14645239620011452	0	0	3	7	7	1	0	0	0	0	0	0	0
17	caustic-cross	0	a	4	empty	0	0	0	0.81649658092772603	0.83746378957463308	0	0	0.020967208646907043	0	0	3	7	7	1	0	0	0	0	0	0	0
17	caustic-cross	0	a	5	arcs	2	0	0	0.83746378957463308	0.84972672439230301	0	0	0.012262934817669935	0	0	3	7	7	1	7.0846331998539958	41.658656133763174	41.658656133763174	8.3782333044101094	8.3782333044101094	41.658656133763174	41.658656133763174
17	caustic-cross	0	a	6	arcs	2	0	0	0.84972672439230301	0.85720378575239498	0	0	0.0074770613600919633	0	0	3	7	7	1	7.8770187324330871	16.067805693495426	16.067805693495426	0.0043033591578276508	0.0043033591578276508	16.067805693495426	16.067805693495426
17	caustic-cross	0	a	7	arcs	4	0	1	0.85720378575239498	0.88965961535403337	0	-5.4058042190716345e-17	0.032455829601638342	0	-0.071117987823130613	3	7	7	1	16.596966088220089	-53.867632934674219	-53.554338302328198	25.003405764465079	27.034719468796986	53.867632934674219	53.554338302328198
17	caustic-cross	0	a	8	empty	0	1	0	0.88965961535403337	1	-5.4058042190716345e-17	0	0.11034038464596668	-0.071117987823130613	0	3	7	7	1	0	0	0	0	0	0	0
17	caustic-cross	0	a	9	empty	0	0	0	1	1.2330836802811773	0	0	0.23308368028117732	0	0	3	7	7	1	0	0	0	0	0	0	0
17	caustic-cross	0	a	10	empty	0	0	0	1.2330836802811773	1.2990013190433436	0	0	0.065917638762166275	0	0	3	7	7	1	0	0	0	0	0	0	0
17	caustic-cross	0	a	11	empty	0	0	1	1.2990013190433436	1.4027942668116613	0	-8.8148253530056329e-17	0.10379294776831763	0	0.60546428478834846	3	7	7	1	0	0	0	0	0	0	0
17	caustic-cross	0	a	12	arcs	2	1	1	1.4027942668116613	1.4148028287947072	-8.8148253530056329e-17	-2.6881747413447363e-17	0.012008561983045956	0.60546428478834846	0.59238117848528449	3	7	7	1	0.22561031948258695	-0.86141636441699299	-0.86127267569740895	3.5677532718935958	0.22559432637035309	28.126444872823249	0.86127267569740895
17	caustic-cross	0	a	13	empty	0	1	0	1.4148028287947072	1.6585311203645845	-2.6881747413447363e-17	0	0.24372829156987733	0.59238117848528449	0	3	7	7	1	0	0	0	0	0	0	0
17	caustic-cross	0	a	0	empty	0	0	1	0	0.55440951894073376	0	4.8743969053645528e-17	0.55440951894073376	0	0.34630991335115074	4	15	15	1	0	0	0	0	0	0	0
17	caustic-cross	0	a	1	arcs	2	1	1	0.55440951894073376	0.56266096077992589	4.8743969053645528e-17	-3.3932552145780222e-17	0.0082514418391920474	0.34630991335115074	0.35944185387374455	4	15	15	1	0.072467164073517387	0.311739781062911	0.31173978105635408	0.0004706818959939691	0.00037197371111478625	7.8630771763900427	0.31173978105635408
17	caustic-cross	0	a	2	empty	0	1	0	0.56266096077992589	0.67004418472761151	-3.3932552145780222e-17	0	0.10738322394768565	0.35944185387374455	0	4	15	15	1	0	0	0	0	0	0	0
17	caustic-cross	0	a	3	empty	0	0	0	0.67004418472761151	0.81649658092772603	0	0	0.14645239620011452	0	0	4	15	15	1	0	0	0	0	0	0	0
17	caustic-cross	0	a	4	empty	0	0	0	0.81649658092772603	0.83746378957463308	0	0	0.020967208646907043	0	0	4	15	15	1	0	0	0	0	0	0	0
17	caustic-cross	0	a	5	arcs	2	0	0	0.83746378957463308	0.84972672439230301	0	0	0.012262934817669935	0	0	4	15	15	1	7.0797531440632335	43.119508423272293	43.119508423272293	5.760754156416878	5.760754156416878	43.119508423272293	43.119508423272293
17	caustic-cross	0	a	6	arcs	2	0	0	0.84972672439230301	0.85720378575239498	0	0	0.0074770613600919633	0	0	4	15	15	1	7.8770187330917132	16.067805719503468	16.067805719503468	5.5767215084905826e-07	5.5767215084905826e-07	16.067805719503468	16.067805719503468
17	caustic-cross	0	a	7	arcs	4	0	1	0.85720378575239498	0.88965961535403337	0	-5.4058042190716345e-17	0.032455829601638342	0	-0.071117987823130613	4	15	15	1	16.678794386831424	-58.215336863233325	-58.179399068903841	17.244756863503635	18.572289804351694	58.215336863233325	58.179399068903841
17	caustic-cross	0	a	8	empty	0	1	0	0.88965961535403337	1	-5.4058042190716345e-17	0	0.11034038464596668	-0.071117987823130613	0	4	15	15	1	0	0	0	0	0	0	0
17	caustic-cross	0	a	9	empty	0	0	0	1	1.2330836802811773	0	0	0.23308368028117732	0	0	4	15	15	1	0	0	0	0	0	0	0
17	caustic-cross	0	a	10	empty	0	0	0	1.2330836802811773	1.2990013190433436	0	0	0.065917638762166275	0	0	4	15	15	1	0	0	0	0	0	0	0
17	caustic-cross	0	a	11	empty	0	0	1	1.2990013190433436	1.4027942668116613	0	-8.8148253530056329e-17	0.10379294776831763	0	0.60546428478834846	4	15	15	1	0	0	0	0	0	0	0
17	caustic-cross	0	a	12	arcs	2	1	1	1.4027942668116613	1.4148028287947072	-8.8148253530056329e-17	-2.6881747413447363e-17	0.012008561983045956	0.60546428478834846	0.59238117848528449	4	15	15	1	0.22564987797034058	-0.86142228508062535	-0.86142228515631258	0.0016617604615906446	0.0010184335376336119	28.547165571332563	0.86142228515631258
17	caustic-cross	0	a	13	empty	0	1	0	1.4148028287947072	1.6585311203645845	-2.6881747413447363e-17	0	0.24372829156987733	0.59238117848528449	0	4	15	15	1	0	0	0	0	0	0	0
17	caustic-cross	0	a	0	empty	0	0	1	0	0.55440951894073376	0	4.8743969053645528e-17	0.55440951894073376	0	0.34630991335115074	5	31	31	1	0	0	0	0	0	0	0
17	caustic-cross	0	a	1	arcs	2	1	1	0.55440951894073376	0.56266096077992589	4.8743969053645528e-17	-3.3932552145780222e-17	0.0082514418391920474	0.34630991335115074	0.35944185387374455	5	31	31	1	0.072467164073468635	0.31173978106096073	0.31173978105252731	4.1531377904048973e-11	6.0155417772557226e-10	7.8916694611706308	0.31173978105252731
17	caustic-cross	0	a	2	empty	0	1	0	0.56266096077992589	0.67004418472761151	-3.3932552145780222e-17	0	0.10738322394768565	0.35944185387374455	0	5	31	31	1	0	0	0	0	0	0	0
17	caustic-cross	0	a	3	empty	0	0	0	0.67004418472761151	0.81649658092772603	0	0	0.14645239620011452	0	0	5	31	31	1	0	0	0	0	0	0	0
17	caustic-cross	0	a	4	empty	0	0	0	0.81649658092772603	0.83746378957463308	0	0	0.020967208646907043	0	0	5	31	31	1	0	0	0	0	0	0	0
17	caustic-cross	0	a	5	arcs	2	0	0	0.83746378957463308	0.84972672439230301	0	0	0.012262934817669935	0	0	5	31	31	1	7.0791449189693063	43.85252837067312	43.85252837067312	4.0468881798400833	4.0468881798400833	43.85252837067312	43.85252837067312
17	caustic-cross	0	a	6	arcs	2	0	0	0.84972672439230301	0.85720378575239498	0	0	0.0074770613600919633	0	0	5	31	31	1	7.8770187330917159	16.067805719503465	16.067805719503465	3.6701279596142294e-14	3.6701279596142294e-14	16.067805719503465	16.067805719503465
17	caustic-cross	0	a	7	arcs	4	0	1	0.85720378575239498	0.88965961535403337	0	-5.4058042190716345e-17	0.032455829601638342	0	-0.071117987823130613	5	31	31	1	16.688342986448649	-60.364749594772647	-60.360322373063141	11.874257399665147	12.076899508623681	60.364749594772647	60.360322373063141
17	caustic-cross	0	a	8	empty	0	1	0	0.88965961535403337	1	-5.4058042190716345e-17	0	0.11034038464596668	-0.071117987823130613	0	5	31	31	1	0	0	0	0	0	0	0
17	caustic-cross	0	a	9	empty	0	0	0	1	1.2330836802811773	0	0	0.23308368028117732	0	0	5	31	31	1	0	0	0	0	0	0	0
17	caustic-cross	0	a	10	empty	0	0	0	1.2330836802811773	1.2990013190433436	0	0	0.065917638762166275	0	0	5	31	31	1	0	0	0	0	0	0	0
17	caustic-cross	0	a	11	empty	0	0	1	1.2990013190433436	1.4027942668116613	0	-8.8148253530056329e-17	0.10379294776831763	0	0.60546428478834846	5	31	31	1	0	0	0	0	0	0	0
17	caustic-cross	0	a	12	arcs	2	1	1	1.4027942668116613	1.4148028287947072	-8.8148253530056329e-17	-2.6881747413447363e-17	0.012008561983045956	0.60546428478834846	0.59238117848528449	5	31	31	1	0.22564987796920413	-0.86142228505815521	-0.86142228513080865	1.7605928996404709e-10	1.3508970647389912e-09	28.653280313833193	0.86142228513080865
17	caustic-cross	0	a	13	empty	0	1	0	1.4148028287947072	1.6585311203645845	-2.6881747413447363e-17	0	0.24372829156987733	0.59238117848528449	0	5	31	31	1	0	0	0	0	0	0	0
17	caustic-cross	0	a	0	empty	0	0	1	0	0.55440951894073376	0	4.8743969053645528e-17	0.55440951894073376	0	0.34630991335115074	6	63	63	1	0	0	0	0	0	0	0
17	caustic-cross	0	a	1	arcs	2	1	1	0.55440951894073376	0.56266096077992589	4.8743969053645528e-17	-3.3932552145780222e-17	0.0082514418391920474	0.34630991335115074	0.35944185387374455	6	63	63	1	0.072467164073468607	0.3117397808791304	0.3117397810525569	8.7931835146859725e-10	1.9840196953929143e-13	7.8964137076858103	0.3117397810525569
17	caustic-cross	0	a	2	empty	0	1	0	0.56266096077992589	0.67004418472761151	-3.3932552145780222e-17	0	0.10738322394768565	0.35944185387374455	0	6	63	63	1	0	0	0	0	0	0	0
17	caustic-cross	0	a	3	empty	0	0	0	0.67004418472761151	0.81649658092772603	0	0	0.14645239620011452	0	0	6	63	63	1	0	0	0	0	0	0	0
17	caustic-cross	0	a	4	empty	0	0	0	0.81649658092772603	0.83746378957463308	0	0	0.020967208646907043	0	0	6	63	63	1	0	0	0	0	0	0	0
17	caustic-cross	0	a	5	arcs	2	0	0	0.83746378957463308	0.84972672439230301	0	0	0.012262934817669935	0	0	6	63	63	1	7.0790689439285233	44.219368172308556	44.219368172308556	2.8568592619940572	2.8568592619940572	44.219368172308556	44.219368172308556
17	caustic-cross	0	a	6	arcs	2	0	0	0.84972672439230301	0.85720378575239498	0	0	0.0074770613600919633	0	0	6	63	63	1	7.8770187330917141	16.067805719503461	16.067805719503461	2.7974782717801744e-14	2.7974782717801744e-14	16.067805719503461	16.067805719503461
17	caustic-cross	0	a	7	arcs	4	0	1	0.85720378575239498	0.88965961535403337	0	-5.4058042190716345e-17	0.032455829601638342	0	-0.071117987823130613	6	63	63	1	16.689521083981017	-61.437236628318708	-61.436685143857325	8.3535077142184662	8.3883376980030153	61.437236628318708	61.436685143857325
17	caustic-cross	0	a	8	empty	0	1	0	0.88965961535403337	1	-5.4058042190716345e-17	0	0.11034038464596668	-0.071117987823130613	0	6	63	63	1	0	0	0	0	0	0	0
17	caustic-cross	0	a	9	empty	0	0	0	1	1.2330836802811773	0	0	0.23308368028117732	0	0	6	63	63	1	0	0	0	0	0	0	0
17	caustic-cross	0	a	10	empty	0	0	0	1.2330836802811773	1.2990013190433436	0	0	0.065917638762166275	0	0	6	63	63	1	0	0	0	0	0	0	0
17	caustic-cross	0	a	11	empty	0	0	1	1.2990013190433436	1.4027942668116613	0	-8.8148253530056329e-17	0.10379294776831763	0	0.60546428478834846	6	63	63	1	0	0	0	0	0	0	0
17	caustic-cross	0	a	12	arcs	2	1	1	1.4027942668116613	1.4148028287947072	-8.8148253530056329e-17	-2.6881747413447363e-17	0.012008561983045956	0.60546428478834846	0.59238117848528449	6	63	63	1	0.22564987796920458	-0.86142228534578646	-0.86142228513075036	1.4629171997769467e-09	8.2071183339985735e-13	28.671691177713782	0.86142228513075036
17	caustic-cross	0	a	13	empty	0	1	0	1.4148028287947072	1.6585311203645845	-2.6881747413447363e-17	0	0.24372829156987733	0.59238117848528449	0	6	63	63	1	0	0	0	0	0	0	0
17	caustic-cross	0	a	0	empty	0	0	1	0	0.55440951894073376	0	4.8743969053645528e-17	0.55440951894073376	0	0.34630991335115074	7	127	127	1	0	0	0	0	0	0	0
17	caustic-cross	0	a	1	arcs	2	1	1	0.55440951894073376	0.56266096077992589	4.8743969053645528e-17	-3.3932552145780222e-17	0.0082514418391920474	0.34630991335115074	0.35944185387374455	7	127	127	1	0.072467164073468746	0.31173978093005933	0.31173978105258299	1.0754012775147972e-09	1.5748601263629009e-13	7.8961056093808821	0.31173978105258299
17	caustic-cross	0	a	2	empty	0	1	0	0.56266096077992589	0.67004418472761151	-3.3932552145780222e-17	0	0.10738322394768565	0.35944185387374455	0	7	127	127	1	0	0	0	0	0	0	0
17	caustic-cross	0	a	3	empty	0	0	0	0.67004418472761151	0.81649658092772603	0	0	0.14645239620011452	0	0	7	127	127	1	0	0	0	0	0	0	0
17	caustic-cross	0	a	4	empty	0	0	0	0.81649658092772603	0.83746378957463308	0	0	0.020967208646907043	0	0	7	127	127	1	0	0	0	0	0	0	0
17	caustic-cross	0	a	5	arcs	2	0	0	0.83746378957463308	0.84972672439230301	0	0	0.012262934817669935	0	0	7	127	127	1	7.0790594486857064	44.402829485504341	44.402829485504341	2.0192686624469021	2.0192686624469021	44.402829485504341	44.402829485504341
17	caustic-cross	0	a	6	arcs	2	0	0	0.84972672439230301	0.85720378575239498	0	0	0.0074770613600919633	0	0	7	127	127	1	7.8770187330917132	16.067805719503461	16.067805719503461	1.9968496212466131e-14	1.9968496212466131e-14	16.067805719503461	16.067805719503461
17	caustic-cross	0	a	7	arcs	4	0	1	0.85720378575239498	0.88965961535403337	0	-5.4058042190716345e-17	0.032455829601638342	0	-0.071117987823130613	7	127	127	1	16.689667882003786	-61.973213525429458	-61.973144649100021	5.8994486332382312	5.9055647214725893	61.973213525429458	61.973144649100021
17	caustic-cross	0	a	8	empty	0	1	0	0.88965961535403337	1	-5.4058042190716345e-17	0	0.11034038464596668	-0.071117987823130613	0	7	127	127	1	0	0	0	0	0	0	0
17	caustic-cross	0	a	9	empty	0	0	0	1	1.2330836802811773	0	0	0.23308368028117732	0	0	7	127	127	1	0	0	0	0	0	0	0
17	caustic-cross	0	a	10	empty	0	0	0	1.2330836802811773	1.2990013190433436	0	0	0.065917638762166275	0	0	7	127	127	1	0	0	0	0	0	0	0
17	caustic-cross	0	a	11	empty	0	0	1	1.2990013190433436	1.4027942668116613	0	-8.8148253530056329e-17	0.10379294776831763	0	0.60546428478834846	7	127	127	1	0	0	0	0	0	0	0
17	caustic-cross	0	a	12	arcs	2	1	1	1.4027942668116613	1.4148028287947072	-8.8148253530056329e-17	-2.6881747413447363e-17	0.012008561983045956	0.60546428478834846	0.59238117848528449	7	127	127	1	0.22564987796920555	-0.86142228446514069	-0.86142228513081898	1.4363198004439968e-08	9.5968963305596198e-13	28.671173898003815	0.86142228513081898
17	caustic-cross	0	a	13	empty	0	1	0	1.4148028287947072	1.6585311203645845	-2.6881747413447363e-17	0	0.24372829156987733	0.59238117848528449	0	7	127	127	1	0	0	0	0	0	0	0
17	caustic-cross	0	a	0	empty	0	0	1	0	0.55440951894073376	0	4.8743969053645528e-17	0.55440951894073376	0	0.34630991335115074	8	255	255	1	0	0	0	0	0	0	0
17	caustic-cross	0	a	1	arcs	2	1	1	0.55440951894073376	0.56266096077992589	4.8743969053645528e-17	-3.3932552145780222e-17	0.0082514418391920474	0.34630991335115074	0.35944185387374455	8	255	255	1	0.072467164073468773	0.31173978133004376	0.3117397810525952	3.3299772228127751e-08	1.7461430959694435e-13	7.8955000486138438	0.3117397810525952
17	caustic-cross	0	a	2	empty	0	1	0	0.56266096077992589	0.67004418472761151	-3.3932552145780222e-17	0	0.10738322394768565	0.35944185387374455	0	8	255	255	1	0	0	0	0	0	0	0
17	caustic-cross	0	a	3	empty	0	0	0	0.67004418472761151	0.81649658092772603	0	0	0.14645239620011452	0	0	8	255	255	1	0	0	0	0	0	0	0
17	caustic-cross	0	a	4	empty	0	0	0	0.81649658092772603	0.83746378957463308	0	0	0.020967208646907043	0	0	8	255	255	1	0	0	0	0	0	0	0
17	caustic-cross	0	a	5	arcs	2	0	0	0.83746378957463308	0.84972672439230301	0	0	0.012262934817669935	0	0	8	255	255	1	7.0790582618313485	44.494565324438192	44.494565324438192	1.427690752618068	1.427690752618068	44.494565324438192	44.494565324438192
17	caustic-cross	0	a	6	arcs	2	0	0	0.84972672439230301	0.85720378575239498	0	0	0.0074770613600919633	0	0	8	255	255	1	7.8770187330917123	16.067805719503465	16.067805719503465	2.271344792190248e-14	2.271344792190248e-14	16.067805719503465	16.067805719503465
17	caustic-cross	0	a	7	arcs	4	0	1	0.85720378575239498	0.88965961535403337	0	-5.4058042190716345e-17	0.032455829601638342	0	-0.071117987823130613	8	255	255	1	16.689686217396453	-62.24116898372197	-62.241160375615678	4.1702455591340133	4.1713249568284061	62.24116898372197	62.241160375615678
17	caustic-cross	0	a	8	empty	0	1	0	0.88965961535403337	1	-5.4058042190716345e-17	0	0.11034038464596668	-0.071117987823130613	0	8	255	255	1	0	0	0	0	0	0	0
17	caustic-cross	0	a	9	empty	0	0	0	1	1.2330836802811773	0	0	0.23308368028117732	0	0	8	255	255	1	0	0	0	0	0	0	0
17	caustic-cross	0	a	10	empty	0	0	0	1.2330836802811773	1.2990013190433436	0	0	0.065917638762166275	0	0	8	255	255	1	0	0	0	0	0	0	0
17	caustic-cross	0	a	11	empty	0	0	1	1.2990013190433436	1.4027942668116613	0	-8.8148253530056329e-17	0.10379294776831763	0	0.60546428478834846	8	255	255	1	0	0	0	0	0	0	0
17	caustic-cross	0	a	12	arcs	2	1	1	1.4027942668116613	1.4148028287947072	-8.8148253530056329e-17	-2.6881747413447363e-17	0.012008561983045956	0.60546428478834846	0.59238117848528449	8	255	255	1	0.22564987796920544	-0.8614222642117193	-0.86142228513082064	1.948712300596914e-07	7.6951465462798079e-13	28.668664079583415	0.86142228513082064
17	caustic-cross	0	a	13	empty	0	1	0	1.4148028287947072	1.6585311203645845	-2.6881747413447363e-17	0	0.24372829156987733	0.59238117848528449	0	8	255	255	1	0	0	0	0	0	0	0
99	rand035	0	X	0	empty	0	0	0	0	0.88710447273576554	0	0	0.88710447273576554	0	0	3	7	7	1	0	0	0	0	0	0	0
99	rand035	0	X	1	empty	0	0	1	0.88710447273576554	0.88716938242769516	0	-5.4025464860658022e-17	6.4909691929572542e-05	0	0.18840564996661718	3	7	7	1	0	0	0	0	0	0	0
99	rand035	0	X	2	arcs	2	1	0	0.88716938242769516	0.88723369079252823	-5.4025464860658022e-17	0	6.4308364833119615e-05	0.18840564996661718	0	3	7	7	1	0.00010069572380165087	-0.44226714690604535	-0.44226714690712077	1.5498325595604993e-08	8.2312920398168268e-06	0.44226714690604535	0.44226714690712077
99	rand035	0	X	3	arcs	2	0	1	0.88723369079252823	0.95630209345982764	0	-3.4151192332103632e-17	0.069068402667299383	0	0.20434029378549787	3	7	7	1	2.6619267564634921	10.119168219885582	10.157242924777705	5.0285884182168736	7.7262524923889728	19.745331986903714	15.574741475091795
99	rand035	0	X	4	empty	0	1	0	0.95630209345982764	0.98978667263356568	-3.4151192332103632e-17	0	0.033484579173738073	0.20434029378549787	0	3	7	7	1	0	0	0	0	0	0	0
99	rand035	0	X	5	empty	0	0	0	0.98978667263356568	0.98978737686990848	0	0	7.0423634279670466e-07	0	0	3	7	7	1	0	0	0	0	0	0	0
99	rand035	0	X	6	empty	0	0	0	0.98978737686990848	0.9999999892831799	0	0	0.010212612413271427	0	0	3	7	7	1	0	0	0	0	0	0	0
99	rand035	0	X	7	empty	0	0	1	0.9999999892831799	1.04569464696713	0	-6.7422593271225743e-17	0.045694657683950021	0	-0.22344145996904699	3	7	7	1	0	0	0	0	0	0	0
99	rand035	0	X	8	arcs	2	1	1	1.04569464696713	1.1271804457293775	-6.7422593271225743e-17	-6.5448403115757188e-17	0.081485798762247486	-0.22344145996904699	-0.23937610194680561	3	7	7	1	3.6541208962358933	8.5210363331392731	8.5270177589670677	3.3985755938421089	2.3842260036499519	28.6842059176088	8.5270177589670677
99	rand035	0	X	9	empty	0	1	0	1.1271804457293775	3.035303804422572	-6.5448403115757188e-17	0	1.9081233586931945	-0.23937610194680561	0	3	7	7	1	0	0	0	0	0	0	0
99	rand035	0	X	10	empty	0	0	1	3.035303804422572	3.0353038119173275	0	-2.0375349836924129e-16	7.494755279065235e-09	0	2.6127510878454164e-09	3	7	7	1	0	0	0	0	0	0	0
99	rand035	0	X	11	arcs	2	1	1	3.0353038119173275	3.0353038123352656	-2.0375349836924129e-16	-1.2717696606307342e-16	4.1793820509429536e-10	2.6127510878454164e-09	2.9131762436026609e-09	3	7	7	1	7.6982326394298445e-18	1.1069123483870841e-17	1.1067659808557861e-17	1.6135665556092812e-17	2.8995034525090082e-18	1.2846246543675242e-16	1.1067659808557861e-17
99	rand035	0	X	12	empty	0	1	0	3.0353038123352656	3.3562078044611949	-1.2717696606307342e-16	0	0.32090399212592946	2.9131762436026609e-09	0	3	7	7	1	0	0	0	0	0	0	0
99	rand035	0	X	0	empty	0	0	0	0	0.88710447273576554	0	0	0.88710447273576554	0	0	4	15	15	1	0	0	0	0	0	0	0
99	rand035	0	X	1	empty	0	0	1	0.88710447273576554	0.88716938242769516	0	-5.4025464860658022e-17	6.4909691929572542e-05	0	0.18840564996661718	4	15	15	1	0	0	0	0	0	0	0
99	rand035	0	X	2	arcs	2	1	0	0.88716938242769516	0.88723369079252823	-5.4025464860658022e-17	0	6.4308364833119615e-05	0.18840564996661718	0	4	15	15	1	0.00010069572380165927	-0.44226714682173413	-0.44226714681754492	2.8815348623149166e-10	3.0402300264389038e-10	0.44226714682173413	0.44226714681754492
99	rand035	0	X	3	arcs	2	0	1	0.88723369079252823	0.95630209345982764	0	-3.4151192332103632e-17	0.069068402667299383	0	0.20434029378549787	4	15	15	1	2.6544942593843608	9.3746111557672513	9.3789332838922164	2.9710385016042276	3.1298237797059287	20.194933861297191	16.058882041103548
99	rand035	0	X	4	empty	0	1	0	0.95630209345982764	0.98978667263356568	-3.4151192332103632e-17	0	0.033484579173738073	0.20434029378549787	0	4	15	15	1	0	0	0	0	0	0	0
99	rand035	0	X	5	empty	0	0	0	0.98978667263356568	0.98978737686990848	0	0	7.0423634279670466e-07	0	0	4	15	15	1	0	0	0	0	0	0	0
99	rand035	0	X	6	empty	0	0	0	0.98978737686990848	0.9999999892831799	0	0	0.010212612413271427	0	0	4	15	15	1	0	0	0	0	0	0	0
99	rand035	0	X	7	empty	0	0	1	0.9999999892831799	1.04569464696713	0	-6.7422593271225743e-17	0.045694657683950021	0	-0.22344145996904699	4	15	15	1	0	0	0	0	0	0	0
99	rand035	0	X	8	arcs	2	1	1	1.04569464696713	1.1271804457293775	-6.7422593271225743e-17	-6.5448403115757188e-17	0.081485798762247486	-0.22344145996904699	-0.23937610194680561	4	15	15	1	3.6537149511087672	8.5213040071969992	8.5213049085038381	0.0022953068659727193	0.051509204875299537	28.405015189139622	8.5213049085038381
99	rand035	0	X	9	empty	0	1	0	1.1271804457293775	3.035303804422572	-6.5448403115757188e-17	0	1.9081233586931945	-0.23937610194680561	0	4	15	15	1	0	0	0	0	0	0	0
99	rand035	0	X	10	empty	0	0	1	3.035303804422572	3.0353038119173275	0	-2.0375349836924129e-16	7.494755279065235e-09	0	2.6127510878454164e-09	4	15	15	1	0	0	0	0	0	0	0
99	rand035	0	X	11	arcs	2	1	1	3.0353038119173275	3.0353038123352656	-2.0375349836924129e-16	-1.2717696606307342e-16	4.1793820509429536e-10	2.6127510878454164e-09	2.9131762436026609e-09	4	15	13	0	7.6989566339068361e-18	1.0568831378023847e-17	1.1068686858975332e-17	5.9995481200913162e-21	9.1718406809079225e-21	1.2055389771242187e-16	1.1068686858975332e-17
99	rand035	0	X	12	empty	0	1	0	3.0353038123352656	3.3562078044611949	-1.2717696606307342e-16	0	0.32090399212592946	2.9131762436026609e-09	0	4	15	15	1	0	0	0	0	0	0	0
99	rand035	0	X	0	empty	0	0	0	0	0.88710447273576554	0	0	0.88710447273576554	0	0	5	31	31	1	0	0	0	0	0	0	0
99	rand035	0	X	1	empty	0	0	1	0.88710447273576554	0.88716938242769516	0	-5.4025464860658022e-17	6.4909691929572542e-05	0	0.18840564996661718	5	31	31	1	0	0	0	0	0	0	0
99	rand035	0	X	2	arcs	2	1	0	0.88716938242769516	0.88723369079252823	-5.4025464860658022e-17	0	6.4308364833119615e-05	0.18840564996661718	0	5	31	31	1	0.00010069572380168181	-0.44226714694785413	-0.44226714684339608	5.457440408257034e-10	1.2459904797246681e-10	0.44226714694785413	0.44226714684339608
99	rand035	0	X	3	arcs	2	0	1	0.88723369079252823	0.95630209345982764	0	-3.4151192332103632e-17	0.069068402667299383	0	0.20434029378549787	5	31	31	1	2.6536870101922054	9.0640672429930511	9.0644911687933742	1.7516739937462527	1.7770014261012101	20.563531457866912	16.396478118830554
99	rand035	0	X	4	empty	0	1	0	0.95630209345982764	0.98978667263356568	-3.4151192332103632e-17	0	0.033484579173738073	0.20434029378549787	0	5	31	31	1	0	0	0	0	0	0	0
99	rand035	0	X	5	empty	0	0	0	0.98978667263356568	0.98978737686990848	0	0	7.0423634279670466e-07	0	0	5	31	31	1	0	0	0	0	0	0	0
99	rand035	0	X	6	empty	0	0	0	0.98978737686990848	0.9999999892831799	0	0	0.010212612413271427	0	0	5	31	31	1	0	0	0	0	0	0	0
99	rand035	0	X	7	empty	0	0	1	0.9999999892831799	1.04569464696713	0	-6.7422593271225743e-17	0.045694657683950021	0	-0.22344145996904699	5	31	31	1	0	0	0	0	0	0	0
99	rand035	0	X	8	arcs	2	1	1	1.04569464696713	1.1271804457293775	-6.7422593271225743e-17	-6.5448403115757188e-17	0.081485798762247486	-0.22344145996904699	-0.23937610194680561	5	31	31	1	3.6537149335679038	8.5213040003259728	8.5213040003241183	1.2408656662958424e-07	2.7924105839872127e-05	28.351162360349857	8.5213040003241183
99	rand035	0	X	9	empty	0	1	0	1.1271804457293775	3.035303804422572	-6.5448403115757188e-17	0	1.9081233586931945	-0.23937610194680561	0	5	31	31	1	0	0	0	0	0	0	0
99	rand035	0	X	10	empty	0	0	1	3.035303804422572	3.0353038119173275	0	-2.0375349836924129e-16	7.494755279065235e-09	0	2.6127510878454164e-09	5	31	31	1	0	0	0	0	0	0	0
99	rand035	0	X	11	arcs	2	1	1	3.0353038119173275	3.0353038123352656	-2.0375349836924129e-16	-1.2717696606307342e-16	4.1793820509429536e-10	2.6127510878454164e-09	2.9131762436026609e-09	5	31	25	0	7.6971981573276552e-18	1.0415770237835672e-17	1.1066155686546457e-17	0	0	1.1790541522598586e-16	1.1066155686546457e-17
99	rand035	0	X	12	empty	0	1	0	3.0353038123352656	3.3562078044611949	-1.2717696606307342e-16	0	0.32090399212592946	2.9131762436026609e-09	0	5	31	31	1	0	0	0	0	0	0	0
99	rand035	0	X	0	empty	0	0	0	0	0.88710447273576554	0	0	0.88710447273576554	0	0	6	63	63	1	0	0	0	0	0	0	0
99	rand035	0	X	1	empty	0	0	1	0.88710447273576554	0.88716938242769516	0	-5.4025464860658022e-17	6.4909691929572542e-05	0	0.18840564996661718	6	63	63	1	0	0	0	0	0	0	0
99	rand035	0	X	2	arcs	2	1	0	0.88716938242769516	0.88723369079252823	-5.4025464860658022e-17	0	6.4308364833119615e-05	0.18840564996661718	0	6	63	63	1	0.00010069572380169848	-0.44226714759124802	-0.44226714615847162	4.1415975051725067e-09	4.841249648484813e-09	0.44226714759124802	0.44226714622363295
99	rand035	0	X	3	arcs	2	0	1	0.88723369079252823	0.95630209345982764	0	-3.4151192332103632e-17	0.069068402667299383	0	0.20434029378549787	6	63	63	1	2.653617364824024	8.9741797205004907	8.9742038589062751	0.75431190257718062	0.75808620081013012	20.65455980696964	16.456535112143126
99	rand035	0	X	4	empty	0	1	0	0.95630209345982764	0.98978667263356568	-3.4151192332103632e-17	0	0.033484579173738073	0.20434029378549787	0	6	63	63	1	0	0	0	0	0	0	0
99	rand035	0	X	5	empty	0	0	0	0.98978667263356568	0.98978737686990848	0	0	7.0423634279670466e-07	0	0	6	63	63	1	0	0	0	0	0	0	0
99	rand035	0	X	6	empty	0	0	0	0.98978737686990848	0.9999999892831799	0	0	0.010212612413271427	0	0	6	63	63	1	0	0	0	0	0	0	0
99	rand035	0	X	7	empty	0	0	1	0.9999999892831799	1.04569464696713	0	-6.7422593271225743e-17	0.045694657683950021	0	-0.22344145996904699	6	63	63	1	0	0	0	0	0	0	0
99	rand035	0	X	8	arcs	2	1	1	1.04569464696713	1.1271804457293775	-6.7422593271225743e-17	-6.5448403115757188e-17	0.081485798762247486	-0.22344145996904699	-0.23937610194680561	6	63	63	1	3.6537149335679047	8.5213040003850988	8.5213040003526235	3.9459145015915139e-10	1.4045486401681579e-10	28.341604085604388	8.5213040003526235
99	rand035	0	X	9	empty	0	1	0	1.1271804457293775	3.035303804422572	-6.5448403115757188e-17	0	1.9081233586931945	-0.23937610194680561	0	6	63	63	1	0	0	0	0	0	0	0
99	rand035	0	X	10	empty	0	0	1	3.035303804422572	3.0353038119173275	0	-2.0375349836924129e-16	7.494755279065235e-09	0	2.6127510878454164e-09	6	63	63	1	0	0	0	0	0	0	0
99	rand035	0	X	11	arcs	2	1	1	3.0353038119173275	3.0353038123352656	-2.0375349836924129e-16	-1.2717696606307342e-16	4.1793820509429536e-10	2.6127510878454164e-09	2.9131762436026609e-09	6	63	51	0	7.6980315332322719e-18	1.0514494778716202e-17	1.1067357018263596e-17	0	0	1.1962904808712573e-16	1.1067357018263596e-17
99	rand035	0	X	12	empty	0	1	0	3.0353038123352656	3.3562078044611949	-1.2717696606307342e-16	0	0.32090399212592946	2.9131762436026609e-09	0	6	63	63	1	0	0	0	0	0	0	0
99	rand035	0	X	0	empty	0	0	0	0	0.88710447273576554	0	0	0.88710447273576554	0	0	7	127	127	1	0	0	0	0	0	0	0
99	rand035	0	X	1	empty	0	0	1	0.88710447273576554	0.88716938242769516	0	-5.4025464860658022e-17	6.4909691929572542e-05	0	0.18840564996661718	7	127	127	1	0	0	0	0	0	0	0
99	rand035	0	X	2	arcs	2	1	0	0.88716938242769516	0.88723369079252823	-5.4025464860658022e-17	0	6.4308364833119615e-05	0.18840564996661718	0	7	127	127	1	0.00010069572380170329	-0.44226714843932469	-0.44226714666399042	9.3383700594211044e-09	3.7252148677289833e-09	0.44226714843932469	0.44226714668893674
99	rand035	0	X	3	arcs	2	0	1	0.88723369079252823	0.95630209345982764	0	-3.4151192332103632e-17	0.069068402667299383	0	0.20434029378549787	7	127	127	1	2.6536143682493214	8.9638020804386613	8.96380244618177	0.14649004831285256	0.14685446965837706	20.660864628378757	16.474295780664843
99	rand035	0	X	4	empty	0	1	0	0.95630209345982764	0.98978667263356568	-3.4151192332103632e-17	0	0.033484579173738073	0.20434029378549787	0	7	127	127	1	0	0	0	0	0	0	0
99	rand035	0	X	5	empty	0	0	0	0.98978667263356568	0.98978737686990848	0	0	7.0423634279670466e-07	0	0	7	127	127	1	0	0	0	0	0	0	0
99	rand035	0	X	6	empty	0	0	0	0.98978737686990848	0.9999999892831799	0	0	0.010212612413271427	0	0	7	127	127	1	0	0	0	0	0	0	0
99	rand035	0	X	7	empty	0	0	1	0.9999999892831799	1.04569464696713	0	-6.7422593271225743e-17	0.045694657683950021	0	-0.22344145996904699	7	127	127	1	0	0	0	0	0	0	0
99	rand035	0	X	8	arcs	2	1	1	1.04569464696713	1.1271804457293775	-6.7422593271225743e-17	-6.5448403115757188e-17	0.081485798762247486	-0.22344145996904699	-0.23937610194680561	7	127	127	1	3.6537149335679047	8.5213040001835356	8.5213040004396561	1.3440760732094031e-09	9.4474597318103958e-10	28.337165207678808	8.5213040004396561
99	rand035	0	X	9	empty	0	1	0	1.1271804457293775	3.035303804422572	-6.5448403115757188e-17	0	1.9081233586931945	-0.23937610194680561	0	7	127	127	1	0	0	0	0	0	0	0
99	rand035	0	X	10	empty	0	0	1	3.035303804422572	3.0353038119173275	0	-2.0375349836924129e-16	7.494755279065235e-09	0	2.6127510878454164e-09	7	127	127	1	0	0	0	0	0	0	0
99	rand035	0	X	11	arcs	2	1	1	3.0353038119173275	3.0353038123352656	-2.0375349836924129e-16	-1.2717696606307342e-16	4.1793820509429536e-10	2.6127510878454164e-09	2.9131762436026609e-09	7	127	103	0	7.6983150266212318e-18	1.0554020945800896e-17	1.1067765976375816e-17	0	0	1.203370133728491e-16	1.1067765976375816e-17
99	rand035	0	X	12	empty	0	1	0	3.0353038123352656	3.3562078044611949	-1.2717696606307342e-16	0	0.32090399212592946	2.9131762436026609e-09	0	7	127	127	1	0	0	0	0	0	0	0
99	rand035	0	X	0	empty	0	0	0	0	0.88710447273576554	0	0	0.88710447273576554	0	0	8	255	255	1	0	0	0	0	0	0	0
99	rand035	0	X	1	empty	0	0	1	0.88710447273576554	0.88716938242769516	0	-5.4025464860658022e-17	6.4909691929572542e-05	0	0.18840564996661718	8	255	255	1	0	0	0	0	0	0	0
99	rand035	0	X	2	arcs	2	1	0	0.88716938242769516	0.88723369079252823	-5.4025464860658022e-17	0	6.4308364833119615e-05	0.18840564996661718	0	8	255	255	1	0.00010069572380170912	-0.44226714167375436	-0.44226714595246985	7.8744499504595212e-08	8.8242309388665031e-09	0.44226714167375436	0.44226714730885719
99	rand035	0	X	3	arcs	2	0	1	0.88723369079252823	0.95630209345982764	0	-3.4151192332103632e-17	0.069068402667299383	0	0.20434029378549787	8	255	255	1	2.6536143379925936	8.9635730339527449	8.9635730344107891	0.0065444177792935753	0.0065552341646199011	20.661858005461273	16.475918845766401
99	rand035	0	X	4	empty	0	1	0	0.95630209345982764	0.98978667263356568	-3.4151192332103632e-17	0	0.033484579173738073	0.20434029378549787	0	8	255	255	1	0	0	0	0	0	0	0
99	rand035	0	X	5	empty	0	0	0	0.98978667263356568	0.98978737686990848	0	0	7.0423634279670466e-07	0	0	8	255	255	1	0	0	0	0	0	0	0
99	rand035	0	X	6	empty	0	0	0	0.98978737686990848	0.9999999892831799	0	0	0.010212612413271427	0	0	8	255	255	1	0	0	0	0	0	0	0
99	rand035	0	X	7	empty	0	0	1	0.9999999892831799	1.04569464696713	0	-6.7422593271225743e-17	0.045694657683950021	0	-0.22344145996904699	8	255	255	1	0	0	0	0	0	0	0
99	rand035	0	X	8	arcs	2	1	1	1.04569464696713	1.1271804457293775	-6.7422593271225743e-17	-6.5448403115757188e-17	0.081485798762247486	-0.22344145996904699	-0.23937610194680561	8	255	255	1	3.6537149335679038	8.5213040007269942	8.5213039996630311	1.3345513124236165e-08	1.374828680739031e-08	28.336949814383754	8.5213040015570538
99	rand035	0	X	9	empty	0	1	0	1.1271804457293775	3.035303804422572	-6.5448403115757188e-17	0	1.9081233586931945	-0.23937610194680561	0	8	255	255	1	0	0	0	0	0	0	0
99	rand035	0	X	10	empty	0	0	1	3.035303804422572	3.0353038119173275	0	-2.0375349836924129e-16	7.494755279065235e-09	0	2.6127510878454164e-09	8	255	255	1	0	0	0	0	0	0	0
99	rand035	0	X	11	arcs	2	1	1	3.0353038119173275	3.0353038123352656	-2.0375349836924129e-16	-1.2717696606307342e-16	4.1793820509429536e-10	2.6127510878454164e-09	2.9131762436026609e-09	8	255	207	0	7.6984490929500951e-18	1.0573557515568072e-17	1.1067959372800839e-17	0	0	1.2068912083770111e-16	1.1067959372800839e-17
99	rand035	0	X	12	empty	0	1	0	3.0353038123352656	3.3562078044611949	-1.2717696606307342e-16	0	0.32090399212592946	2.9131762436026609e-09	0	8	255	255	1	0	0	0	0	0	0	0
99	rand035	0	Y	0	empty	0	0	0	0	0.88710447273576554	0	0	0.88710447273576554	0	0	3	7	7	1	0	0	0	0	0	0	0
99	rand035	0	Y	1	empty	0	0	1	0.88710447273576554	0.88716938242769516	0	-5.4025464860658022e-17	6.4909691929572542e-05	0	0.39809196461606888	3	7	7	1	0	0	0	0	0	0	0
99	rand035	0	Y	2	arcs	2	1	0	0.88716938242769516	0.88723369079252823	-5.4025464860658022e-17	0	6.4308364833119615e-05	0.39809196461606888	0	3	7	7	1	0.00010069572380165087	-0.93448894673221361	-0.9344889467344859	3.2747204460443293e-08	1.7392319282777153e-05	0.93448894673221361	0.9344889467344859
99	rand035	0	Y	3	arcs	2	0	1	0.88723369079252823	0.95630209345982764	0	-3.4151192332103632e-17	0.069068402667299383	0	0.43176109121685369	3	7	7	1	2.6619267564634921	21.381309537617533	21.461759535155657	10.625162490472293	16.325195310232012	41.720924850476038	32.908670161786532
99	rand035	0	Y	4	empty	0	1	0	0.95630209345982764	0.98978667263356568	-3.4151192332103632e-17	0	0.033484579173738073	0.43176109121685369	0	3	7	7	1	0	0	0	0	0	0	0
99	rand035	0	Y	5	empty	0	0	0	0.98978667263356568	0.98978737686990848	0	0	7.0423634279670466e-07	0	0	3	7	7	1	0	0	0	0	0	0	0
99	rand035	0	Y	6	empty	0	0	0	0.98978737686990848	0.9999999892831799	0	0	0.010212612413271427	0	0	3	7	7	1	0	0	0	0	0	0	0
99	rand035	0	Y	7	empty	0	0	1	0.9999999892831799	1.04569464696713	0	-6.7422593271225743e-17	0.045694657683950021	0	-0.4721209663439524	3	7	7	1	0	0	0	0	0	0	0
99	rand035	0	Y	8	arcs	2	1	1	1.04569464696713	1.1271804457293775	-6.7422593271225743e-17	-6.5448403115757188e-17	0.081485798762247486	-0.4721209663439524	-0.50579009363166272	3	7	7	1	3.6541208962358933	18.004537302870695	18.017175765468313	7.1810254306175771	5.0377540683837232	60.608336165139775	18.017175765468313
99	rand035	0	Y	9	empty	0	1	0	1.1271804457293775	3.035303804422572	-6.5448403115757188e-17	0	1.9081233586931945	-0.50579009363166272	0	3	7	7	1	0	0	0	0	0	0	0
99	rand035	0	Y	10	empty	0	0	1	3.035303804422572	3.0353038119173275	0	-2.0375349836924129e-16	7.494755279065235e-09	0	2.8889205887072005e-10	3	7	7	1	0	0	0	0	0	0	0
99	rand035	0	Y	11	arcs	2	1	1	3.0353038119173275	3.0353038123352656	-2.0375349836924129e-16	-1.2717696606307342e-16	4.1793820509429536e-10	2.8889205887072005e-10	3.0500170679750031e-10	3	7	7	1	7.6982326394298445e-18	5.9352023409156925e-19	5.9347021540962542e-19	1.7341619028533819e-18	1.5547959394935441e-19	1.3698503517869051e-17	5.9347021540962542e-19
99	rand035	0	Y	12	empty	0	1	0	3.0353038123352656	3.3562078044611949	-1.2717696606307342e-16	0	0.32090399212592946	3.0500170679750031e-10	0	3	7	7	1	0	0	0	0	0	0	0
99	rand035	0	Y	0	empty	0	0	0	0	0.88710447273576554	0	0	0.88710447273576554	0	0	4	15	15	1	0	0	0	0	0	0	0
99	rand035	0	Y	1	empty	0	0	1	0.88710447273576554	0.88716938242769516	0	-5.4025464860658022e-17	6.4909691929572542e-05	0	0.39809196461606888	4	15	15	1	0	0	0	0	0	0	0
99	rand035	0	Y	2	arcs	2	1	0	0.88716938242769516	0.88723369079252823	-5.4025464860658022e-17	0	6.4308364833119615e-05	0.39809196461606888	0	4	15	15	1	0.00010069572380165927	-0.93448894655406756	-0.93448894654521597	6.08854295360898e-10	6.4238582382998374e-10	0.93448894655406756	0.93448894654521597
99	rand035	0	Y	3	arcs	2	0	1	0.88723369079252823	0.95630209345982764	0	-3.4151192332103632e-17	0.069068402667299383	0	0.43176109121685369	4	15	15	1	2.6544942593843608	19.808096714129778	19.81722916040869	6.2776596928573589	6.6131652540674688	42.670911714636048	33.931635603295462
99	rand035	0	Y	4	empty	0	1	0	0.95630209345982764	0.98978667263356568	-3.4151192332103632e-17	0	0.033484579173738073	0.43176109121685369	0	4	15	15	1	0	0	0	0	0	0	0
99	rand035	0	Y	5	empty	0	0	0	0.98978667263356568	0.98978737686990848	0	0	7.0423634279670466e-07	0	0	4	15	15	1	0	0	0	0	0	0	0
99	rand035	0	Y	6	empty	0	0	0	0.98978737686990848	0.9999999892831799	0	0	0.010212612413271427	0	0	4	15	15	1	0	0	0	0	0	0	0
99	rand035	0	Y	7	empty	0	0	1	0.9999999892831799	1.04569464696713	0	-6.7422593271225743e-17	0.045694657683950021	0	-0.4721209663439524	4	15	15	1	0	0	0	0	0	0	0
99	rand035	0	Y	8	arcs	2	1	1	1.04569464696713	1.1271804457293775	-6.7422593271225743e-17	-6.5448403115757188e-17	0.081485798762247486	-0.4721209663439524	-0.50579009363166272	4	15	15	1	3.6537149511087672	18.005102885431171	18.005104789848801	0.0048498716480907898	0.10883645153358842	60.018419540440043	18.005104789848801
99	rand035	0	Y	9	empty	0	1	0	1.1271804457293775	3.035303804422572	-6.5448403115757188e-17	0	1.9081233586931945	-0.50579009363166272	0	4	15	15	1	0	0	0	0	0	0	0
99	rand035	0	Y	10	empty	0	0	1	3.035303804422572	3.0353038119173275	0	-2.0375349836924129e-16	7.494755279065235e-09	0	2.8889205887072005e-10	4	15	15	1	0	0	0	0	0	0	0
99	rand035	0	Y	11	arcs	2	1	1	3.0353038119173275	3.0353038123352656	-2.0375349836924129e-16	-1.2717696606307342e-16	4.1793820509429536e-10	2.8889205887072005e-10	3.0500170679750031e-10	4	15	13	0	7.6989566339068361e-18	5.6670571698466602e-19	5.9352569694487315e-19	6.4375045130775519e-22	4.9182134872274658e-22	1.2900202704559695e-17	5.9352569694487315e-19
99	rand035	0	Y	12	empty	0	1	0	3.0353038123352656	3.3562078044611949	-1.2717696606307342e-16	0	0.32090399212592946	3.0500170679750031e-10	0	4	15	15	1	0	0	0	0	0	0	0
99	rand035	0	Y	0	empty	0	0	0	0	0.88710447273576554	0	0	0.88710447273576554	0	0	5	31	31	1	0	0	0	0	0	0	0
99	rand035	0	Y	1	empty	0	0	1	0.88710447273576554	0.88716938242769516	0	-5.4025464860658022e-17	6.4909691929572542e-05	0	0.39809196461606888	5	31	31	1	0	0	0	0	0	0	0
99	rand035	0	Y	2	arcs	2	1	0	0.88716938242769516	0.88723369079252823	-5.4025464860658022e-17	0	6.4308364833119615e-05	0.39809196461606888	0	5	31	31	1	0.00010069572380168181	-0.93448894682055295	-0.93448894659983806	1.1531306623328722e-09	2.6327170785486515e-10	0.93448894682055295	0.93448894659983806
99	rand035	0	Y	3	arcs	2	0	1	0.88723369079252823	0.95630209345982764	0	-3.4151192332103632e-17	0.069068402667299383	0	0.43176109121685369	5	31	31	1	2.6536870101922054	19.151932547244812	19.152828281819485	3.701201857447431	3.7547174887933119	43.449740495228085	34.644959679897859
99	rand035	0	Y	4	empty	0	1	0	0.95630209345982764	0.98978667263356568	-3.4151192332103632e-17	0	0.033484579173738073	0.43176109121685369	0	5	31	31	1	0	0	0	0	0	0	0
99	rand035	0	Y	5	empty	0	0	0	0.98978667263356568	0.98978737686990848	0	0	7.0423634279670466e-07	0	0	5	31	31	1	0	0	0	0	0	0	0
99	rand035	0	Y	6	empty	0	0	0	0.98978737686990848	0.9999999892831799	0	0	0.010212612413271427	0	0	5	31	31	1	0	0	0	0	0	0	0
99	rand035	0	Y	7	empty	0	0	1	0.9999999892831799	1.04569464696713	0	-6.7422593271225743e-17	0.045694657683950021	0	-0.4721209663439524	5	31	31	1	0	0	0	0	0	0	0
99	rand035	0	Y	8	arcs	2	1	1	1.04569464696713	1.1271804457293775	-6.7422593271225743e-17	-6.5448403115757188e-17	0.081485798762247486	-0.4721209663439524	-0.50579009363166272	5	31	31	1	3.6537149335679038	18.005102870913003	18.005102870909084	2.6218891722161784e-07	5.9002281289056137e-05	59.904631216581443	18.005102870909084
99	rand035	0	Y	9	empty	0	1	0	1.1271804457293775	3.035303804422572	-6.5448403115757188e-17	0	1.9081233586931945	-0.50579009363166272	0	5	31	31	1	0	0	0	0	0	0	0
99	rand035	0	Y	10	empty	0	0	1	3.035303804422572	3.0353038119173275	0	-2.0375349836924129e-16	7.494755279065235e-09	0	2.8889205887072005e-10	5	31	31	1	0	0	0	0	0	0	0
99	rand035	0	Y	11	arcs	2	1	1	3.0353038119173275	3.0353038123352656	-2.0375349836924129e-16	-1.2717696606307342e-16	4.1793820509429536e-10	2.8889205887072005e-10	3.0500170679750031e-10	5	31	25	0	7.6971981573276552e-18	5.584987395542051e-19	5.9339009330195111e-19	0	0	1.2643083618660631e-17	5.9339009330195111e-19
99	rand035	0	Y	12	empty	0	1	0	3.0353038123352656	3.3562078044611949	-1.2717696606307342e-16	0	0.32090399212592946	3.0500170679750031e-10	0	5	31	31	1	0	0	0	0	0	0	0
99	rand035	0	Y	0	empty	0	0	0	0	0.88710447273576554	0	0	0.88710447273576554	0	0	6	63	63	1	0	0	0	0	0	0	0
99	rand035	0	Y	1	empty	0	0	1	0.88710447273576554	0.88716938242769516	0	-5.4025464860658022e-17	6.4909691929572542e-05	0	0.39809196461606888	6	63	63	1	0	0	0	0	0	0	0
99	rand035	0	Y	2	arcs	2	1	0	0.88716938242769516	0.88723369079252823	-5.4025464860658022e-17	0	6.4308364833119615e-05	0.39809196461606888	0	6	63	63	1	0.00010069572380169848	-0.93448894818001282	-0.93448894515262604	8.750993864183837e-09	1.0229324779525163e-08	0.93448894818001282	0.93448894529030879
99	rand035	0	Y	3	arcs	2	0	1	0.88723369079252823	0.95630209345982764	0	-3.4151192332103632e-17	0.069068402667299383	0	0.43176109121685369	6	63	63	1	2.653617364824024	18.962004588976171	18.96205559225227	1.5938243215753389	1.6017992299668677	43.642078967943547	34.771857183611573
99	rand035	0	Y	4	empty	0	1	0	0.95630209345982764	0.98978667263356568	-3.4151192332103632e-17	0	0.033484579173738073	0.43176109121685369	0	6	63	63	1	0	0	0	0	0	0	0
99	rand035	0	Y	5	empty	0	0	0	0.98978667263356568	0.98978737686990848	0	0	7.0423634279670466e-07	0	0	6	63	63	1	0	0	0	0	0	0	0
99	rand035	0	Y	6	empty	0	0	0	0.98978737686990848	0.9999999892831799	0	0	0.010212612413271427	0	0	6	63	63	1	0	0	0	0	0	0	0
99	rand035	0	Y	7	empty	0	0	1	0.9999999892831799	1.04569464696713	0	-6.7422593271225743e-17	0.045694657683950021	0	-0.4721209663439524	6	63	63	1	0	0	0	0	0	0	0
99	rand035	0	Y	8	arcs	2	1	1	1.04569464696713	1.1271804457293775	-6.7422593271225743e-17	-6.5448403115757188e-17	0.081485798762247486	-0.4721209663439524	-0.50579009363166272	6	63	63	1	3.6537149335679047	18.005102871037924	18.005102870969306	8.3375355420288901e-10	2.9677756380268495e-10	59.884435001406665	18.005102870969306
99	rand035	0	Y	9	empty	0	1	0	1.1271804457293775	3.035303804422572	-6.5448403115757188e-17	0	1.9081233586931945	-0.50579009363166272	0	6	63	63	1	0	0	0	0	0	0	0
99	rand035	0	Y	10	empty	0	0	1	3.035303804422572	3.0353038119173275	0	-2.0375349836924129e-16	7.494755279065235e-09	0	2.8889205887072005e-10	6	63	63	1	0	0	0	0	0	0	0
99	rand035	0	Y	11	arcs	2	1	1	3.0353038119173275	3.0353038123352656	-2.0375349836924129e-16	-1.2717696606307342e-16	4.1793820509429536e-10	2.8889205887072005e-10	3.0500170679750031e-10	6	63	51	0	7.6980315332322719e-18	5.6380022250685355e-19	5.9345443132405579e-19	0	0	1.28425238342828e-17	5.9345443132405579e-19
99	rand035	0	Y	12	empty	0	1	0	3.0353038123352656	3.3562078044611949	-1.2717696606307342e-16	0	0.32090399212592946	3.0500170679750031e-10	0	6	63	63	1	0	0	0	0	0	0	0
99	rand035	0	Y	0	empty	0	0	0	0	0.88710447273576554	0	0	0.88710447273576554	0	0	7	127	127	1	0	0	0	0	0	0	0
99	rand035	0	Y	1	empty	0	0	1	0.88710447273576554	0.88716938242769516	0	-5.4025464860658022e-17	6.4909691929572542e-05	0	0.39809196461606888	7	127	127	1	0	0	0	0	0	0	0
99	rand035	0	Y	2	arcs	2	1	0	0.88716938242769516	0.88723369079252823	-5.4025464860658022e-17	0	6.4308364833119615e-05	0.39809196461606888	0	7	127	127	1	0.00010069572380170329	-0.93448894997195775	-0.93448894622076284	1.973152126786921e-08	7.8711976378764165e-09	0.93448894997195775	0.93448894627347323
99	rand035	0	Y	3	arcs	2	0	1	0.88723369079252823	0.95630209345982764	0	-3.4151192332103632e-17	0.069068402667299383	0	0.43176109121685369	7	127	127	1	2.6536143682493214	18.940077140828727	18.940077913626109	0.30952633926062106	0.31029634381964127	43.655400750414636	34.809384610839729
99	rand035	0	Y	4	empty	0	1	0	0.95630209345982764	0.98978667263356568	-3.4151192332103632e-17	0	0.033484579173738073	0.43176109121685369	0	7	127	127	1	0	0	0	0	0	0	0
99	rand035	0	Y	5	empty	0	0	0	0.98978667263356568	0.98978737686990848	0	0	7.0423634279670466e-07	0	0	7	127	127	1	0	0	0	0	0	0	0
99	rand035	0	Y	6	empty	0	0	0	0.98978737686990848	0.9999999892831799	0	0	0.010212612413271427	0	0	7	127	127	1	0	0	0	0	0	0	0
99	rand035	0	Y	7	empty	0	0	1	0.9999999892831799	1.04569464696713	0	-6.7422593271225743e-17	0.045694657683950021	0	-0.4721209663439524	7	127	127	1	0	0	0	0	0	0	0
99	rand035	0	Y	8	arcs	2	1	1	1.04569464696713	1.1271804457293775	-6.7422593271225743e-17	-6.5448403115757188e-17	0.081485798762247486	-0.4721209663439524	-0.50579009363166272	7	127	127	1	3.6537149335679047	18.005102870612017	18.005102871153188	2.8399687353295081e-09	1.9962011641893981e-09	59.875055888982772	18.005102871153188
99	rand035	0	Y	9	empty	0	1	0	1.1271804457293775	3.035303804422572	-6.5448403115757188e-17	0	1.9081233586931945	-0.50579009363166272	0	7	127	127	1	0	0	0	0	0	0	0
99	rand035	0	Y	10	empty	0	0	1	3.035303804422572	3.0353038119173275	0	-2.0375349836924129e-16	7.494755279065235e-09	0	2.8889205887072005e-10	7	127	127	1	0	0	0	0	0	0	0
99	rand035	0	Y	11	arcs	2	1	1	3.0353038119173275	3.0353038123352656	-2.0375349836924129e-16	-1.2717696606307342e-16	4.1793820509429536e-10	2.8889205887072005e-10	3.0500170679750031e-10	7	127	103	0	7.6983150266212318e-18	5.6594708063704798e-19	5.9347632872185145e-19	0	0	1.2917276015503027e-17	5.9347632872185145e-19
99	rand035	0	Y	12	empty	0	1	0	3.0353038123352656	3.3562078044611949	-1.2717696606307342e-16	0	0.32090399212592946	3.0500170679750031e-10	0	7	127	127	1	0	0	0	0	0	0	0
99	rand035	0	Y	0	empty	0	0	0	0	0.88710447273576554	0	0	0.88710447273576554	0	0	8	255	255	1	0	0	0	0	0	0	0
99	rand035	0	Y	1	empty	0	0	1	0.88710447273576554	0.88716938242769516	0	-5.4025464860658022e-17	6.4909691929572542e-05	0	0.39809196461606888	8	255	255	1	0	0	0	0	0	0	0
99	rand035	0	Y	2	arcs	2	1	0	0.88716938242769516	0.88723369079252823	-5.4025464860658022e-17	0	6.4308364833119615e-05	0.39809196461606888	0	8	255	255	1	0.00010069572380170912	-0.93448893567663716	-0.93448894471735455	1.6638329327297666e-07	1.8645170282930158e-08	0.93448893567663716	0.93448894758333501
99	rand035	0	Y	3	arcs	2	0	1	0.88723369079252823	0.95630209345982764	0	-3.4151192332103632e-17	0.069068402667299383	0	0.43176109121685369	8	255	255	1	2.6536143379925936	18.939593176756606	18.939593177724429	0.013828036109860007	0.013850890605392739	43.657499706908006	34.812814068113177
99	rand035	0	Y	4	empty	0	1	0	0.95630209345982764	0.98978667263356568	-3.4151192332103632e-17	0	0.033484579173738073	0.43176109121685369	0	8	255	255	1	0	0	0	0	0	0	0
99	rand035	0	Y	5	empty	0	0	0	0.98978667263356568	0.98978737686990848	0	0	7.0423634279670466e-07	0	0	8	255	255	1	0	0	0	0	0	0	0
99	rand035	0	Y	6	empty	0	0	0	0.98978737686990848	0.9999999892831799	0	0	0.010212612413271427	0	0	8	255	255	1	0	0	0	0	0	0	0
99	rand035	0	Y	7	empty	0	0	1	0.9999999892831799	1.04569464696713	0	-6.7422593271225743e-17	0.045694657683950021	0	-0.4721209663439524	8	255	255	1	0	0	0	0	0	0	0
99	rand035	0	Y	8	arcs	2	1	1	1.04569464696713	1.1271804457293775	-6.7422593271225743e-17	-6.5448403115757188e-17	0.081485798762247486	-0.4721209663439524	-0.50579009363166272	8	255	255	1	3.6537149335679038	18.005102871760325	18.005102869512225	2.8198422343159134e-08	2.9049461261379712e-08	59.874600762803844	18.005102873514204
99	rand035	0	Y	9	empty	0	1	0	1.1271804457293775	3.035303804422572	-6.5448403115757188e-17	0	1.9081233586931945	-0.50579009363166272	0	8	255	255	1	0	0	0	0	0	0	0
99	rand035	0	Y	10	empty	0	0	1	3.035303804422572	3.0353038119173275	0	-2.0375349836924129e-16	7.494755279065235e-09	0	2.8889205887072005e-10	8	255	255	1	0	0	0	0	0	0	0
99	rand035	0	Y	11	arcs	2	1	1	3.0353038119173275	3.0353038123352656	-2.0375349836924129e-16	-1.2717696606307342e-16	4.1793820509429536e-10	2.8889205887072005e-10	3.0500170679750031e-10	8	255	207	0	7.6984490929500951e-18	5.6699065398924746e-19	5.9348668279126885e-19	0	0	1.2955717908744628e-17	5.9348668279126885e-19
99	rand035	0	Y	12	empty	0	1	0	3.0353038123352656	3.3562078044611949	-1.2717696606307342e-16	0	0.32090399212592946	3.0500170679750031e-10	0	8	255	255	1	0	0	0	0	0	0	0
100	rand035	0.5	X	0	empty	0	0	0	0	0.88710447273576554	0	0	0.88710447273576554	0	0	3	7	7	1	0	0	0	0	0	0	0
100	rand035	0.5	X	1	empty	0	0	1	0.88710447273576554	0.88716938242769516	0	-5.4025464860658022e-17	6.4909691929572542e-05	0	0.18840564996661718	3	7	7	1	0	0	0	0	0	0	0
100	rand035	0.5	X	2	arcs	2	1	0	0.88716938242769516	0.88723369079252823	-5.4025464860658022e-17	0	6.4308364833119615e-05	0.18840564996661718	0	3	7	7	1	6.2632829296004066e-05	-0.27833380870169788	-0.27833380870234037	8.9784446315102909e-07	0.00089402514643242403	0.27833380870169788	0.27833380870234037
100	rand035	0.5	X	3	arcs	2	0	1	0.88723369079252823	0.95630209345982764	0	-3.4151192332103632e-17	0.069068402667299383	0	0.20434029378549787	3	7	7	1	2.6513089578710636	9.4308869456681705	9.4532823431009554	3.3883985543353736	8.6150569485718478	21.528055289931967	15.986660479920602
100	rand035	0.5	X	4	empty	0	1	0	0.95630209345982764	0.98978667263356568	-3.4151192332103632e-17	0	0.033484579173738073	0.20434029378549787	0	3	7	7	1	0	0	0	0	0	0	0
100	rand035	0.5	X	5	empty	0	0	0	0.98978667263356568	0.98978737686990848	0	0	7.0423634279670466e-07	0	0	3	7	7	1	0	0	0	0	0	0	0
100	rand035	0.5	X	6	empty	0	0	0	0.98978737686990848	0.9999999892831799	0	0	0.010212612413271427	0	0	3	7	7	1	0	0	0	0	0	0	0
100	rand035	0.5	X	7	empty	0	0	1	0.9999999892831799	1.04569464696713	0	-6.7422593271225743e-17	0.045694657683950021	0	-0.22344145996904699	3	7	7	1	0	0	0	0	0	0	0
100	rand035	0.5	X	8	arcs	2	1	1	1.04569464696713	1.1271804457293775	-6.7422593271225743e-17	-6.5448403115757188e-17	0.081485798762247486	-0.22344145996904699	-0.23937610194680561	3	7	7	1	3.6448799475338873	8.460180797982451	8.4632369897814179	10.7181689370491	2.9615482475410229	30.139723495958076	8.4632369897814179
100	rand035	0.5	X	9	empty	0	1	0	1.1271804457293775	3.035303804422572	-6.5448403115757188e-17	0	1.9081233586931945	-0.23937610194680561	0	3	7	7	1	0	0	0	0	0	0	0
100	rand035	0.5	X	10	empty	0	0	1	3.035303804422572	3.0353038119173275	0	-2.0375349836924129e-16	7.494755279065235e-09	0	2.6127510878454164e-09	3	7	7	1	0	0	0	0	0	0	0
100	rand035	0.5	X	11	arcs	2	1	1	3.0353038119173275	3.0353038123352656	-2.0375349836924129e-16	-1.2717696606307342e-16	4.1793820509429536e-10	2.6127510878454164e-09	2.9131762436026609e-09	3	7	7	1	7.6922028325786694e-18	1.1065360227463473e-17	1.1058356943922668e-17	5.1459565499454734e-17	3.9104965544433597e-18	1.3657596762277876e-16	1.1058356943922668e-17
100	rand035	0.5	X	12	empty	0	1	0	3.0353038123352656	3.3562078044611949	-1.2717696606307342e-16	0	0.32090399212592946	2.9131762436026609e-09	0	3	7	7	1	0	0	0	0	0	0	0
100	rand035	0.5	X	0	empty	0	0	0	0	0.88710447273576554	0	0	0.88710447273576554	0	0	4	15	15	1	0	0	0	0	0	0	0
100	rand035	0.5	X	1	empty	0	0	1	0.88710447273576554	0.88716938242769516	0	-5.4025464860658022e-17	6.4909691929572542e-05	0	0.18840564996661718	4	15	15	1	0	0	0	0	0	0	0
100	rand035	0.5	X	2	arcs	2	1	0	0.88716938242769516	0.88723369079252823	-5.4025464860658022e-17	0	6.4308364833119615e-05	0.18840564996661718	0	4	15	15	1	6.2632829296007929e-05	-0.27833380865111101	-0.27833380864859125	1.7289197784413232e-10	1.8199155784408511e-10	0.27833380865111101	0.27833380864859125
100	rand035	0.5	X	3	arcs	2	0	1	0.88723369079252823	0.95630209345982764	0	-3.4151192332103632e-17	0.069068402667299383	0	0.20434029378549787	4	15	15	1	2.6468633499105438	8.9841026244946498	8.9866959048421968	1.7822091931931832	1.8792007828904767	21.608084911757935	16.446329925349268
100	rand035	0.5	X	4	empty	0	1	0	0.95630209345982764	0.98978667263356568	-3.4151192332103632e-17	0	0.033484579173738073	0.20434029378549787	0	4	15	15	1	0	0	0	0	0	0	0
100	rand035	0.5	X	5	empty	0	0	0	0.98978667263356568	0.98978737686990848	0	0	7.0423634279670466e-07	0	0	4	15	15	1	0	0	0	0	0	0	0
100	rand035	0.5	X	6	empty	0	0	0	0.98978737686990848	0.9999999892831799	0	0	0.010212612413271427	0	0	4	15	15	1	0	0	0	0	0	0	0
100	rand035	0.5	X	7	empty	0	0	1	0.9999999892831799	1.04569464696713	0	-6.7422593271225743e-17	0.045694657683950021	0	-0.22344145996904699	4	15	15	1	0	0	0	0	0	0	0
100	rand035	0.5	X	8	arcs	2	1	1	1.04569464696713	1.1271804457293775	-6.7422593271225743e-17	-6.5448403115757188e-17	0.081485798762247486	-0.22344145996904699	-0.23937610194680561	4	15	15	1	3.6463978719322792	8.4591444263001261	8.4591442193324067	0.035345355551709097	0.10605395588778224	30.070324955348465	8.4591442193324067
100	rand035	0.5	X	9	empty	0	1	0	1.1271804457293775	3.035303804422572	-6.5448403115757188e-17	0	1.9081233586931945	-0.23937610194680561	0	4	15	15	1	0	0	0	0	0	0	0
100	rand035	0.5	X	10	empty	0	0	1	3.035303804422572	3.0353038119173275	0	-2.0375349836924129e-16	7.494755279065235e-09	0	2.6127510878454164e-09	4	15	15	1	0	0	0	0	0	0	0
100	rand035	0.5	X	11	arcs	2	1	1	3.0353038119173275	3.0353038123352656	-2.0375349836924129e-16	-1.2717696606307342e-16	4.1793820509429536e-10	2.6127510878454164e-09	2.9131762436026609e-09	4	15	13	0	7.6982978208433355e-18	1.0760013844133489e-17	1.1067093944973491e-17	3.3528795922680448e-19	4.7515932791824594e-20	1.3294825289462199e-16	1.1067093944973491e-17
100	rand035	0.5	X	12	empty	0	1	0	3.0353038123352656	3.3562078044611949	-1.2717696606307342e-16	0	0.32090399212592946	2.9131762436026609e-09	0	4	15	15	1	0	0	0	0	0	0	0
100	rand035	0.5	X	0	empty	0	0	0	0	0.88710447273576554	0	0	0.88710447273576554	0	0	5	31	31	1	0	0	0	0	0	0	0
100	rand035	0.5	X	1	empty	0	0	1	0.88710447273576554	0.88716938242769516	0	-5.4025464860658022e-17	6.4909691929572542e-05	0	0.18840564996661718	5	31	31	1	0	0	0	0	0	0	0
100	rand035	0.5	X	2	arcs	2	1	0	0.88716938242769516	0.88723369079252823	-5.4025464860658022e-17	0	6.4308364833119615e-05	0.18840564996661718	0	5	31	31	1	6.2632829296022796e-05	-0.27833380872678304	-0.2783338086641059	3.2744647808122075e-10	7.4759471659128719e-11	0.27833380872678304	0.2783338086641059
100	rand035	0.5	X	3	arcs	2	0	1	0.88723369079252823	0.95630209345982764	0	-3.4151192332103632e-17	0.069068402667299383	0	0.20434029378549787	5	31	31	1	2.6463790003068843	8.7977762771198247	8.7980306326000139	1.0510043959931696	1.0662008781735077	21.870008413934066	16.537093883833514
100	rand035	0.5	X	4	empty	0	1	0	0.95630209345982764	0.98978667263356568	-3.4151192332103632e-17	0	0.033484579173738073	0.20434029378549787	0	5	31	31	1	0	0	0	0	0	0	0
100	rand035	0.5	X	5	empty	0	0	0	0.98978667263356568	0.98978737686990848	0	0	7.0423634279670466e-07	0	0	5	31	31	1	0	0	0	0	0	0	0
100	rand035	0.5	X	6	empty	0	0	0	0.98978737686990848	0.9999999892831799	0	0	0.010212612413271427	0	0	5	31	31	1	0	0	0	0	0	0	0
100	rand035	0.5	X	7	empty	0	0	1	0.9999999892831799	1.04569464696713	0	-6.7422593271225743e-17	0.045694657683950021	0	-0.22344145996904699	5	31	31	1	0	0	0	0	0	0	0
100	rand035	0.5	X	8	arcs	2	1	1	1.04569464696713	1.1271804457293775	-6.7422593271225743e-17	-6.5448403115757188e-17	0.081485798762247486	-0.22344145996904699	-0.23937610194680561	5	31	31	1	3.6463979298396083	8.4591441938035086	8.4591441938023131	3.4759915501786023e-06	2.8497155732317245e-05	29.867919633166277	8.4591441938023131
100	rand035	0.5	X	9	empty	0	1	0	1.1271804457293775	3.035303804422572	-6.5448403115757188e-17	0	1.9081233586931945	-0.23937610194680561	0	5	31	31	1	0	0	0	0	0	0	0
100	rand035	0.5	X	10	empty	0	0	1	3.035303804422572	3.0353038119173275	0	-2.0375349836924129e-16	7.494755279065235e-09	0	2.6127510878454164e-09	5	31	31	1	0	0	0	0	0	0	0
100	rand035	0.5	X	11	arcs	2	1	1	3.0353038119173275	3.0353038123352656	-2.0375349836924129e-16	-1.2717696606307342e-16	4.1793820509429536e-10	2.6127510878454164e-09	2.9131762436026609e-09	5	31	25	0	7.6971799299493302e-18	1.0661339825446648e-17	1.106548477152008e-17	0	0	1.3137933536635736e-16	1.106548477152008e-17
100	rand035	0.5	X	12	empty	0	1	0	3.0353038123352656	3.3562078044611949	-1.2717696606307342e-16	0	0.32090399212592946	2.9131762436026609e-09	0	5	31	31	1	0	0	0	0	0	0	0
100	rand035	0.5	X	0	empty	0	0	0	0	0.88710447273576554	0	0	0.88710447273576554	0	0	6	63	63	1	0	0	0	0	0	0	0
100	rand035	0.5	X	1	empty	0	0	1	0.88710447273576554	0.88716938242769516	0	-5.4025464860658022e-17	6.4909691929572542e-05	0	0.18840564996661718	6	63	63	1	0	0	0	0	0	0	0
100	rand035	0.5	X	2	arcs	2	1	0	0.88716938242769516	0.88723369079252823	-5.4025464860658022e-17	0	6.4308364833119615e-05	0.18840564996661718	0	6	63	63	1	6.2632829296033286e-05	-0.27833380911281941	-0.27833380825315268	2.4849585046468538e-09	2.9047499619847365e-09	0.27833380911281941	0.27833380829221721
100	rand035	0.5	X	3	arcs	2	0	1	0.88723369079252823	0.95630209345982764	0	-3.4151192332103632e-17	0.069068402667299383	0	0.20434029378549787	6	63	63	1	2.6463372130859755	8.7438437636242856	8.7438582466677559	0.45258714154630703	0.45485172048607747	21.921230962865064	16.603705237700755
100	rand035	0.5	X	4	empty	0	1	0	0.95630209345982764	0.98978667263356568	-3.4151192332103632e-17	0	0.033484579173738073	0.20434029378549787	0	6	63	63	1	0	0	0	0	0	0	0
100	rand035	0.5	X	5	empty	0	0	0	0.98978667263356568	0.98978737686990848	0	0	7.0423634279670466e-07	0	0	6	63	63	1	0	0	0	0	0	0	0
100	rand035	0.5	X	6	empty	0	0	0	0.98978737686990848	0.9999999892831799	0	0	0.010212612413271427	0	0	6	63	63	1	0	0	0	0	0	0	0
100	rand035	0.5	X	7	empty	0	0	1	0.9999999892831799	1.04569464696713	0	-6.7422593271225743e-17	0.045694657683950021	0	-0.22344145996904699	6	63	63	1	0	0	0	0	0	0	0
100	rand035	0.5	X	8	arcs	2	1	1	1.04569464696713	1.1271804457293775	-6.7422593271225743e-17	-6.5448403115757188e-17	0.081485798762247486	-0.22344145996904699	-0.23937610194680561	6	63	63	1	3.6463979298396105	8.4591441938389647	8.4591441938194905	2.367693245135801e-10	8.4774600810888917e-11	29.909092923252516	8.4591441938194905
100	rand035	0.5	X	9	empty	0	1	0	1.1271804457293775	3.035303804422572	-6.5448403115757188e-17	0	1.9081233586931945	-0.23937610194680561	0	6	63	63	1	0	0	0	0	0	0	0
100	rand035	0.5	X	10	empty	0	0	1	3.035303804422572	3.0353038119173275	0	-2.0375349836924129e-16	7.494755279065235e-09	0	2.6127510878454164e-09	6	63	63	1	0	0	0	0	0	0	0
100	rand035	0.5	X	11	arcs	2	1	1	3.0353038119173275	3.0353038123352656	-2.0375349836924129e-16	-1.2717696606307342e-16	4.1793820509429536e-10	2.6127510878454164e-09	2.9131762436026609e-09	6	63	51	0	7.6977083051911877e-18	1.072430394691523e-17	1.1066247227945724e-17	0	0	1.3253153787708118e-16	1.1066247227945724e-17
100	rand035	0.5	X	12	empty	0	1	0	3.0353038123352656	3.3562078044611949	-1.2717696606307342e-16	0	0.32090399212592946	2.9131762436026609e-09	0	6	63	63	1	0	0	0	0	0	0	0
100	rand035	0.5	X	0	empty	0	0	0	0	0.88710447273576554	0	0	0.88710447273576554	0	0	7	127	127	1	0	0	0	0	0	0	0
100	rand035	0.5	X	1	empty	0	0	1	0.88710447273576554	0.88716938242769516	0	-5.4025464860658022e-17	6.4909691929572542e-05	0	0.18840564996661718	7	127	127	1	0	0	0	0	0	0	0
100	rand035	0.5	X	2	arcs	2	1	0	0.88716938242769516	0.88723369079252823	-5.4025464860658022e-17	0	6.4308364833119615e-05	0.18840564996661718	0	7	127	127	1	6.2632829296036227e-05	-0.27833380962163179	-0.278333808556464	5.6027031641291054e-09	2.2351289373155431e-09	0.27833380962163179	0.27833380857141948
100	rand035	0.5	X	3	arcs	2	0	1	0.88723369079252823	0.95630209345982764	0	-3.4151192332103632e-17	0.069068402667299383	0	0.20434029378549787	7	127	127	1	2.646335415141154	8.7376171795871809	8.7376173990330468	0.087894028987709524	0.088112681795024086	21.92052856987906	16.605507308369837
100	rand035	0.5	X	4	empty	0	1	0	0.95630209345982764	0.98978667263356568	-3.4151192332103632e-17	0	0.033484579173738073	0.20434029378549787	0	7	127	127	1	0	0	0	0	0	0	0
100	rand035	0.5	X	5	empty	0	0	0	0.98978667263356568	0.98978737686990848	0	0	7.0423634279670466e-07	0	0	7	127	127	1	0	0	0	0	0	0	0
100	rand035	0.5	X	6	empty	0	0	0	0.98978737686990848	0.9999999892831799	0	0	0.010212612413271427	0	0	7	127	127	1	0	0	0	0	0	0	0
100	rand035	0.5	X	7	empty	0	0	1	0.9999999892831799	1.04569464696713	0	-6.7422593271225743e-17	0.045694657683950021	0	-0.22344145996904699	7	127	127	1	0	0	0	0	0	0	0
100	rand035	0.5	X	8	arcs	2	1	1	1.04569464696713	1.1271804457293775	-6.7422593271225743e-17	-6.5448403115757188e-17	0.081485798762247486	-0.22344145996904699	-0.23937610194680561	7	127	127	1	3.6463979298396101	8.4591441937180196	8.4591441938717047	8.0644546972438903e-10	5.6684676723015051e-10	29.912434252554579	8.4591441938717047
100	rand035	0.5	X	9	empty	0	1	0	1.1271804457293775	3.035303804422572	-6.5448403115757188e-17	0	1.9081233586931945	-0.23937610194680561	0	7	127	127	1	0	0	0	0	0	0	0
100	rand035	0.5	X	10	empty	0	0	1	3.035303804422572	3.0353038119173275	0	-2.0375349836924129e-16	7.494755279065235e-09	0	2.6127510878454164e-09	7	127	127	1	0	0	0	0	0	0	0
100	rand035	0.5	X	11	arcs	2	1	1	3.0353038119173275	3.0353038123352656	-2.0375349836924129e-16	-1.2717696606307342e-16	4.1793820509429536e-10	2.6127510878454164e-09	2.9131762436026609e-09	7	127	103	0	7.6978876269623159e-18	1.0749358509566613e-17	1.1066506251987815e-17	0	0	1.3296492161478792e-16	1.1066506251987815e-17
100	rand035	0.5	X	12	empty	0	1	0	3.0353038123352656	3.3562078044611949	-1.2717696606307342e-16	0	0.32090399212592946	2.9131762436026609e-09	0	7	127	127	1	0	0	0	0	0	0	0
100	rand035	0.5	X	0	empty	0	0	0	0	0.88710447273576554	0	0	0.88710447273576554	0	0	8	255	255	1	0	0	0	0	0	0	0
100	rand035	0.5	X	1	empty	0	0	1	0.88710447273576554	0.88716938242769516	0	-5.4025464860658022e-17	6.4909691929572542e-05	0	0.18840564996661718	8	255	255	1	0	0	0	0	0	0	0
100	rand035	0.5	X	2	arcs	2	1	0	0.88716938242769516	0.88723369079252823	-5.4025464860658022e-17	0	6.4308364833119615e-05	0.18840564996661718	0	8	255	255	1	6.2632829296039804e-05	-0.27833380556267462	-0.27833380812955189	4.724162599844952e-08	5.2945385419801958e-09	0.27833380556267462	0.27833380894337684
100	rand035	0.5	X	3	arcs	2	0	1	0.88723369079252823	0.95630209345982764	0	-3.4151192332103632e-17	0.069068402667299383	0	0.20434029378549787	8	255	255	1	2.6463353969871175	8.7374797516956342	8.7374797519704615	0.0039266506675733519	0.0039331404987693755	21.922289200595952	16.605523460138908
100	rand035	0.5	X	4	empty	0	1	0	0.95630209345982764	0.98978667263356568	-3.4151192332103632e-17	0	0.033484579173738073	0.20434029378549787	0	8	255	255	1	0	0	0	0	0	0	0
100	rand035	0.5	X	5	empty	0	0	0	0.98978667263356568	0.98978737686990848	0	0	7.0423634279670466e-07	0	0	8	255	255	1	0	0	0	0	0	0	0
100	rand035	0.5	X	6	empty	0	0	0	0.98978737686990848	0.9999999892831799	0	0	0.010212612413271427	0	0	8	255	255	1	0	0	0	0	0	0	0
100	rand035	0.5	X	7	empty	0	0	1	0.9999999892831799	1.04569464696713	0	-6.7422593271225743e-17	0.045694657683950021	0	-0.22344145996904699	8	255	255	1	0	0	0	0	0	0	0
100	rand035	0.5	X	8	arcs	2	1	1	1.04569464696713	1.1271804457293775	-6.7422593271225743e-17	-6.5448403115757188e-17	0.081485798762247486	-0.22344145996904699	-0.23937610194680561	8	255	255	1	3.6463979298396092	8.4591441940440966	8.4591441934057219	8.0073092518099923e-09	8.2489719331701089e-09	29.910571280816043	8.459144194542132
100	rand035	0.5	X	9	empty	0	1	0	1.1271804457293775	3.035303804422572	-6.5448403115757188e-17	0	1.9081233586931945	-0.23937610194680561	0	8	255	255	1	0	0	0	0	0	0	0
100	rand035	0.5	X	10	empty	0	0	1	3.035303804422572	3.0353038119173275	0	-2.0375349836924129e-16	7.494755279065235e-09	0	2.6127510878454164e-09	8	255	255	1	0	0	0	0	0	0	0
100	rand035	0.5	X	11	arcs	2	1	1	3.0353038119173275	3.0353038123352656	-2.0375349836924129e-16	-1.2717696606307342e-16	4.1793820509429536e-10	2.6127510878454164e-09	2.9131762436026609e-09	8	255	207	0	7.6979723787762521e-18	1.0761729362880645e-17	1.1066628642067084e-17	0	0	1.3320895672404776e-16	1.1066628642067084e-17
100	rand035	0.5	X	12	empty	0	1	0	3.0353038123352656	3.3562078044611949	-1.2717696606307342e-16	0	0.32090399212592946	2.9131762436026609e-09	0	8	255	255	1	0	0	0	0	0	0	0
100	rand035	0.5	Y	0	empty	0	0	0	0	0.88710447273576554	0	0	0.88710447273576554	0	0	3	7	7	1	0	0	0	0	0	0	0
100	rand035	0.5	Y	1	empty	0	0	1	0.88710447273576554	0.88716938242769516	0	-5.4025464860658022e-17	6.4909691929572542e-05	0	0.39809196461606888	3	7	7	1	0	0	0	0	0	0	0
100	rand035	0.5	Y	2	arcs	2	1	0	0.88716938242769516	0.88723369079252823	-5.4025464860658022e-17	0	6.4308364833119615e-05	0.39809196461606888	0	3	7	7	1	6.2632829296004066e-05	-0.58810578527753987	-0.58810578527889734	1.8971016417653499e-06	0.0018890316029317427	0.58810578527753987	0.58810578527889734
100	rand035	0.5	Y	3	arcs	2	0	1	0.88723369079252823	0.95630209345982764	0	-3.4151192332103632e-17	0.069068402667299383	0	0.43176109121685369	3	7	7	1	2.6513089578710636	19.927004738378745	19.974325122697877	7.1595211659835583	18.203195841699262	45.487732402523761	33.779034984578935
100	rand035	0.5	Y	4	empty	0	1	0	0.95630209345982764	0.98978667263356568	-3.4151192332103632e-17	0	0.033484579173738073	0.43176109121685369	0	3	7	7	1	0	0	0	0	0	0	0
100	rand035	0.5	Y	5	empty	0	0	0	0.98978667263356568	0.98978737686990848	0	0	7.0423634279670466e-07	0	0	3	7	7	1	0	0	0	0	0	0	0
100	rand035	0.5	Y	6	empty	0	0	0	0.98978737686990848	0.9999999892831799	0	0	0.010212612413271427	0	0	3	7	7	1	0	0	0	0	0	0	0
100	rand035	0.5	Y	7	empty	0	0	1	0.9999999892831799	1.04569464696713	0	-6.7422593271225743e-17	0.045694657683950021	0	-0.4721209663439524	3	7	7	1	0	0	0	0	0	0	0
100	rand035	0.5	Y	8	arcs	2	1	1	1.04569464696713	1.1271804457293775	-6.7422593271225743e-17	-6.5448403115757188e-17	0.081485798762247486	-0.4721209663439524	-0.50579009363166272	3	7	7	1	3.6448799475338873	17.875952507464152	17.882410092541562	22.646971110175436	6.2576080523716637	63.683774233829311	17.882410092541562
100	rand035	0.5	Y	9	empty	0	1	0	1.1271804457293775	3.035303804422572	-6.5448403115757188e-17	0	1.9081233586931945	-0.50579009363166272	0	3	7	7	1	0	0	0	0	0	0	0
100	rand035	0.5	Y	10	empty	0	0	1	3.035303804422572	3.0353038119173275	0	-2.0375349836924129e-16	7.494755279065235e-09	0	2.8889205887072005e-10	3	7	7	1	0	0	0	0	0	0	0
100	rand035	0.5	Y	11	arcs	2	1	1	3.0353038119173275	3.0353038123352656	-2.0375349836924129e-16	-1.2717696606307342e-16	4.1793820509429536e-10	2.8889205887072005e-10	3.0500170679750031e-10	3	7	7	1	7.6922028325786694e-18	5.9300452389024678e-19	5.9297275959039336e-19	5.5319199211401962e-18	2.0965641374681003e-19	1.4565249281084073e-17	5.9297275959039336e-19
100	rand035	0.5	Y	12	empty	0	1	0	3.0353038123352656	3.3562078044611949	-1.2717696606307342e-16	0	0.32090399212592946	3.0500170679750031e-10	0	3	7	7	1	0	0	0	0	0	0	0
100	rand035	0.5	Y	0	empty	0	0	0	0	0.88710447273576554	0	0	0.88710447273576554	0	0	4	15	15	1	0	0	0	0	0	0	0
100	rand035	0.5	Y	1	empty	0	0	1	0.88710447273576554	0.88716938242769516	0	-5.4025464860658022e-17	6.4909691929572542e-05	0	0.39809196461606888	4	15	15	1	0	0	0	0	0	0	0
100	rand035	0.5	Y	2	arcs	2	1	0	0.88716938242769516	0.88723369079252823	-5.4025464860658022e-17	0	6.4308364833119615e-05	0.39809196461606888	0	4	15	15	1	6.2632829296007929e-05	-0.58810578517065182	-0.58810578516532774	3.6531234440771253e-10	3.845393306352345e-10	0.58810578517065182	0.58810578516532774
100	rand035	0.5	Y	3	arcs	2	0	1	0.88723369079252823	0.95630209345982764	0	-3.4151192332103632e-17	0.069068402667299383	0	0.43176109121685369	4	15	15	1	2.6468633499105438	18.98297122196583	18.988450697070547	3.7657212487679681	3.9706597551799852	45.656831122138989	34.750294138485486
100	rand035	0.5	Y	4	empty	0	1	0	0.95630209345982764	0.98978667263356568	-3.4151192332103632e-17	0	0.033484579173738073	0.43176109121685369	0	4	15	15	1	0	0	0	0	0	0	0
100	rand035	0.5	Y	5	empty	0	0	0	0.98978667263356568	0.98978737686990848	0	0	7.0423634279670466e-07	0	0	4	15	15	1	0	0	0	0	0	0	0
100	rand035	0.5	Y	6	empty	0	0	0	0.98978737686990848	0.9999999892831799	0	0	0.010212612413271427	0	0	4	15	15	1	0	0	0	0	0	0	0
100	rand035	0.5	Y	7	empty	0	0	1	0.9999999892831799	1.04569464696713	0	-6.7422593271225743e-17	0.045694657683950021	0	-0.4721209663439524	4	15	15	1	0	0	0	0	0	0	0
100	rand035	0.5	Y	8	arcs	2	1	1	1.04569464696713	1.1271804457293775	-6.7422593271225743e-17	-6.5448403115757188e-17	0.081485798762247486	-0.4721209663439524	-0.50579009363166272	4	15	15	1	3.6463978719322792	17.873762705317763	17.873762268005017	0.074683026337157912	0.22408686647600584	63.537138315805564	17.873762268005017
100	rand035	0.5	Y	9	empty	0	1	0	1.1271804457293775	3.035303804422572	-6.5448403115757188e-17	0	1.9081233586931945	-0.50579009363166272	0	4	15	15	1	0	0	0	0	0	0	0
100	rand035	0.5	Y	10	empty	0	0	1	3.035303804422572	3.0353038119173275	0	-2.0375349836924129e-16	7.494755279065235e-09	0	2.8889205887072005e-10	4	15	15	1	0	0	0	0	0	0	0
100	rand035	0.5	Y	11	arcs	2	1	1	3.0353038119173275	3.0353038123352656	-2.0375349836924129e-16	-1.2717696606307342e-16	4.1793820509429536e-10	2.8889205887072005e-10	3.0500170679750031e-10	4	15	13	0	7.6982978208433355e-18	5.7734380680822402e-19	5.9344013127453273e-19	3.5721529931289029e-20	2.5596284640622006e-21	1.4230682481837096e-17	5.9344013127453273e-19
100	rand035	0.5	Y	12	empty	0	1	0	3.0353038123352656	3.3562078044611949	-1.2717696606307342e-16	0	0.32090399212592946	3.0500170679750031e-10	0	4	15	15	1	0	0	0	0	0	0	0
100	rand035	0.5	Y	0	empty	0	0	0	0	0.88710447273576554	0	0	0.88710447273576554	0	0	5	31	31	1	0	0	0	0	0	0	0
100	rand035	0.5	Y	1	empty	0	0	1	0.88710447273576554	0.88716938242769516	0	-5.4025464860658022e-17	6.4909691929572542e-05	0	0.39809196461606888	5	31	31	1	0	0	0	0	0	0	0
100	rand035	0.5	Y	2	arcs	2	1	0	0.88716938242769516	0.88723369079252823	-5.4025464860658022e-17	0	6.4308364833119615e-05	0.39809196461606888	0	5	31	31	1	6.2632829296022796e-05	-0.58810578533054303	-0.5881057851981093	6.918785147684314e-10	1.5796312040606434e-10	0.58810578533054303	0.5881057851981093
100	rand035	0.5	Y	3	arcs	2	0	1	0.88723369079252823	0.95630209345982764	0	-3.4151192332103632e-17	0.069068402667299383	0	0.43176109121685369	5	31	31	1	2.6463790003068843	18.589272722446985	18.589810163191782	2.2207211139305247	2.2528305408443843	46.21026271892007	34.942073962428552
100	rand035	0.5	Y	4	empty	0	1	0	0.95630209345982764	0.98978667263356568	-3.4151192332103632e-17	0	0.033484579173738073	0.43176109121685369	0	5	31	31	1	0	0	0	0	0	0	0
100	rand035	0.5	Y	5	empty	0	0	0	0.98978667263356568	0.98978737686990848	0	0	7.0423634279670466e-07	0	0	5	31	31	1	0	0	0	0	0	0	0
100	rand035	0.5	Y	6	empty	0	0	0	0.98978737686990848	0.9999999892831799	0	0	0.010212612413271427	0	0	5	31	31	1	0	0	0	0	0	0	0
100	rand035	0.5	Y	7	empty	0	0	1	0.9999999892831799	1.04569464696713	0	-6.7422593271225743e-17	0.045694657683950021	0	-0.4721209663439524	5	31	31	1	0	0	0	0	0	0	0
100	rand035	0.5	Y	8	arcs	2	1	1	1.04569464696713	1.1271804457293775	-6.7422593271225743e-17	-6.5448403115757188e-17	0.081485798762247486	-0.4721209663439524	-0.50579009363166272	5	31	31	1	3.6463979298396083	17.873762214063362	17.873762214060839	7.3446019737101391e-06	6.0213108254570199e-05	63.109465597618254	17.873762214060839
100	rand035	0.5	Y	9	empty	0	1	0	1.1271804457293775	3.035303804422572	-6.5448403115757188e-17	0	1.9081233586931945	-0.50579009363166272	0	5	31	31	1	0	0	0	0	0	0	0
100	rand035	0.5	Y	10	empty	0	0	1	3.035303804422572	3.0353038119173275	0	-2.0375349836924129e-16	7.494755279065235e-09	0	2.8889205887072005e-10	5	31	31	1	0	0	0	0	0	0	0
100	rand035	0.5	Y	11	arcs	2	1	1	3.0353038119173275	3.0353038123352656	-2.0375349836924129e-16	-1.2717696606307342e-16	4.1793820509429536e-10	2.8889205887072005e-10	3.0500170679750031e-10	5	31	25	0	7.6971799299493302e-18	5.7241207366961832e-19	5.9335391761569306e-19	0	0	1.4091521303799973e-17	5.9335391761569306e-19
100	rand035	0.5	Y	12	empty	0	1	0	3.0353038123352656	3.3562078044611949	-1.2717696606307342e-16	0	0.32090399212592946	3.0500170679750031e-10	0	5	31	31	1	0	0	0	0	0	0	0
100	rand035	0.5	Y	0	empty	0	0	0	0	0.88710447273576554	0	0	0.88710447273576554	0	0	6	63	63	1	0	0	0	0	0	0	0
100	rand035	0.5	Y	1	empty	0	0	1	0.88710447273576554	0.88716938242769516	0	-5.4025464860658022e-17	6.4909691929572542e-05	0	0.39809196461606888	6	63	63	1	0	0	0	0	0	0	0
100	rand035	0.5	Y	2	arcs	2	1	0	0.88716938242769516	0.88723369079252823	-5.4025464860658022e-17	0	6.4308364833119615e-05	0.39809196461606888	0	6	63	63	1	6.2632829296033286e-05	-0.58810578614621911	-0.58810578432978511	5.2505963253035713e-09	6.1375952253886811e-09	0.58810578614621911	0.58810578441232664
100	rand035	0.5	Y	3	arcs	2	0	1	0.88723369079252823	0.95630209345982764	0	-3.4151192332103632e-17	0.069068402667299383	0	0.43176109121685369	6	63	63	1	2.6463372130859755	18.475315947485804	18.475346549451462	0.95629459294520269	0.96107953798012202	46.31849346699294	35.082820510540976
100	rand035	0.5	Y	4	empty	0	1	0	0.95630209345982764	0.98978667263356568	-3.4151192332103632e-17	0	0.033484579173738073	0.43176109121685369	0	6	63	63	1	0	0	0	0	0	0	0
100	rand035	0.5	Y	5	empty	0	0	0	0.98978667263356568	0.98978737686990848	0	0	7.0423634279670466e-07	0	0	6	63	63	1	0	0	0	0	0	0	0
100	rand035	0.5	Y	6	empty	0	0	0	0.98978737686990848	0.9999999892831799	0	0	0.010212612413271427	0	0	6	63	63	1	0	0	0	0	0	0	0
100	rand035	0.5	Y	7	empty	0	0	1	0.9999999892831799	1.04569464696713	0	-6.7422593271225743e-17	0.045694657683950021	0	-0.4721209663439524	6	63	63	1	0	0	0	0	0	0	0
100	rand035	0.5	Y	8	arcs	2	1	1	1.04569464696713	1.1271804457293775	-6.7422593271225743e-17	-6.5448403115757188e-17	0.081485798762247486	-0.4721209663439524	-0.50579009363166272	6	63	63	1	3.6463979298396105	17.873762214138253	17.873762214097109	5.0032587428253331e-10	1.7918524423108459e-10	63.196462811519211	17.873762214097109
100	rand035	0.5	Y	9	empty	0	1	0	1.1271804457293775	3.035303804422572	-6.5448403115757188e-17	0	1.9081233586931945	-0.50579009363166272	0	6	63	63	1	0	0	0	0	0	0	0
100	rand035	0.5	Y	10	empty	0	0	1	3.035303804422572	3.0353038119173275	0	-2.0375349836924129e-16	7.494755279065235e-09	0	2.8889205887072005e-10	6	63	63	1	0	0	0	0	0	0	0
100	rand035	0.5	Y	11	arcs	2	1	1	3.0353038119173275	3.0353038123352656	-2.0375349836924129e-16	-1.2717696606307342e-16	4.1793820509429536e-10	2.8889205887072005e-10	3.0500170679750031e-10	6	63	51	0	7.6977083051911877e-18	5.7559850951197752e-19	5.9339475007014576e-19	0	0	1.4230565286931563e-17	5.9339475007014576e-19
100	rand035	0.5	Y	12	empty	0	1	0	3.0353038123352656	3.3562078044611949	-1.2717696606307342e-16	0	0.32090399212592946	3.0500170679750031e-10	0	6	63	63	1	0	0	0	0	0	0	0
100	rand035	0.5	Y	0	empty	0	0	0	0	0.88710447273576554	0	0	0.88710447273576554	0	0	7	127	127	1	0	0	0	0	0	0	0
100	rand035	0.5	Y	1	empty	0	0	1	0.88710447273576554	0.88716938242769516	0	-5.4025464860658022e-17	6.4909691929572542e-05	0	0.39809196461606888	7	127	127	1	0	0	0	0	0	0	0
100	rand035	0.5	Y	2	arcs	2	1	0	0.88716938242769516	0.88723369079252823	-5.4025464860658022e-17	0	6.4308364833119615e-05	0.39809196461606888	0	7	127	127	1	6.2632829296036227e-05	-0.58810578722131501	-0.58810578497066734	1.1838238986407361e-08	4.7227186053466465e-09	0.58810578722131501	0.58810578500226751
100	rand035	0.5	Y	3	arcs	2	0	1	0.88723369079252823	0.95630209345982764	0	-3.4151192332103632e-17	0.069068402667299383	0	0.43176109121685369	7	127	127	1	2.646335415141154	18.462159478597332	18.462159942275765	0.18571580355636785	0.18617780629178002	46.317009346930405	35.08662819853064
100	rand035	0.5	Y	4	empty	0	1	0	0.95630209345982764	0.98978667263356568	-3.4151192332103632e-17	0	0.033484579173738073	0.43176109121685369	0	7	127	127	1	0	0	0	0	0	0	0
100	rand035	0.5	Y	5	empty	0	0	0	0.98978667263356568	0.98978737686990848	0	0	7.0423634279670466e-07	0	0	7	127	127	1	0	0	0	0	0	0	0
100	rand035	0.5	Y	6	empty	0	0	0	0.98978737686990848	0.9999999892831799	0	0	0.010212612413271427	0	0	7	127	127	1	0	0	0	0	0	0	0
100	rand035	0.5	Y	7	empty	0	0	1	0.9999999892831799	1.04569464696713	0	-6.7422593271225743e-17	0.045694657683950021	0	-0.4721209663439524	7	127	127	1	0	0	0	0	0	0	0
100	rand035	0.5	Y	8	arcs	2	1	1	1.04569464696713	1.1271804457293775	-6.7422593271225743e-17	-6.5448403115757188e-17	0.081485798762247486	-0.4721209663439524	-0.50579009363166272	7	127	127	1	3.6463979298396101	17.873762213882717	17.873762214207446	1.7039764743396535e-09	1.1977217372966631e-09	63.203522900980019	17.873762214207446
100	rand035	0.5	Y	9	empty	0	1	0	1.1271804457293775	3.035303804422572	-6.5448403115757188e-17	0	1.9081233586931945	-0.50579009363166272	0	7	127	127	1	0	0	0	0	0	0	0
100	rand035	0.5	Y	10	empty	0	0	1	3.035303804422572	3.0353038119173275	0	-2.0375349836924129e-16	7.494755279065235e-09	0	2.8889205887072005e-10	7	127	127	1	0	0	0	0	0	0	0
100	rand035	0.5	Y	11	arcs	2	1	1	3.0353038119173275	3.0353038123352656	-2.0375349836924129e-16	-1.2717696606307342e-16	4.1793820509429536e-10	2.8889205887072005e-10	3.0500170679750031e-10	7	127	103	0	7.6978876269623159e-18	5.7688716964038313e-19	5.9340861990791093e-19	0	0	1.4278632076003519e-17	5.9340861990791093e-19
100	rand035	0.5	Y	12	empty	0	1	0	3.0353038123352656	3.3562078044611949	-1.2717696606307342e-16	0	0.32090399212592946	3.0500170679750031e-10	0	7	127	127	1	0	0	0	0	0	0	0
100	rand035	0.5	Y	0	empty	0	0	0	0	0.88710447273576554	0	0	0.88710447273576554	0	0	8	255	255	1	0	0	0	0	0	0	0
100	rand035	0.5	Y	1	empty	0	0	1	0.88710447273576554	0.88716938242769516	0	-5.4025464860658022e-17	6.4909691929572542e-05	0	0.39809196461606888	8	255	255	1	0	0	0	0	0	0	0
100	rand035	0.5	Y	2	arcs	2	1	0	0.88716938242769516	0.88723369079252823	-5.4025464860658022e-17	0	6.4308364833119615e-05	0.39809196461606888	0	8	255	255	1	6.2632829296039804e-05	-0.58810577864493618	-0.58810578406862291	9.9819255406765445e-08	1.1187102111366327e-08	0.58810577864493618	0.58810578578819539
100	rand035	0.5	Y	3	arcs	2	0	1	0.88723369079252823	0.95630209345982764	0	-3.4151192332103632e-17	0.069068402667299383	0	0.43176109121685369	8	255	255	1	2.6463353969871175	18.461869100154054	18.461869100734752	0.0082968216659106107	0.0083105343632312745	46.320729472893319	35.086662326231114
100	rand035	0.5	Y	4	empty	0	1	0	0.95630209345982764	0.98978667263356568	-3.4151192332103632e-17	0	0.033484579173738073	0.43176109121685369	0	8	255	255	1	0	0	0	0	0	0	0
100	rand035	0.5	Y	5	empty	0	0	0	0.98978667263356568	0.98978737686990848	0	0	7.0423634279670466e-07	0	0	8	255	255	1	0	0	0	0	0	0	0
100	rand035	0.5	Y	6	empty	0	0	0	0.98978737686990848	0.9999999892831799	0	0	0.010212612413271427	0	0	8	255	255	1	0	0	0	0	0	0	0
100	rand035	0.5	Y	7	empty	0	0	1	0.9999999892831799	1.04569464696713	0	-6.7422593271225743e-17	0.045694657683950021	0	-0.4721209663439524	8	255	255	1	0	0	0	0	0	0	0
100	rand035	0.5	Y	8	arcs	2	1	1	1.04569464696713	1.1271804457293775	-6.7422593271225743e-17	-6.5448403115757188e-17	0.081485798762247486	-0.4721209663439524	-0.50579009363166272	8	255	255	1	3.6463979298396092	17.873762214571723	17.873762213222868	1.6919056176663447e-08	1.7429677298776282e-08	63.199586543437675	17.873762215624048
100	rand035	0.5	Y	9	empty	0	1	0	1.1271804457293775	3.035303804422572	-6.5448403115757188e-17	0	1.9081233586931945	-0.50579009363166272	0	8	255	255	1	0	0	0	0	0	0	0
100	rand035	0.5	Y	10	empty	0	0	1	3.035303804422572	3.0353038119173275	0	-2.0375349836924129e-16	7.494755279065235e-09	0	2.8889205887072005e-10	8	255	255	1	0	0	0	0	0	0	0
100	rand035	0.5	Y	11	arcs	2	1	1	3.0353038119173275	3.0353038123352656	-2.0375349836924129e-16	-1.2717696606307342e-16	4.1793820509429536e-10	2.8889205887072005e-10	3.0500170679750031e-10	8	255	207	0	7.6979723787762521e-18	5.7751331652790805e-19	5.9341518675190358e-19	0	0	1.4304034264704017e-17	5.9341518675190358e-19
100	rand035	0.5	Y	12	empty	0	1	0	3.0353038123352656	3.3562078044611949	-1.2717696606307342e-16	0	0.32090399212592946	3.0500170679750031e-10	0	8	255	255	1	0	0	0	0	0	0	0
