row	case	parameter	cell	a	b	h_scale	nr	subdivisions	angular	fd_mu0	fd_muhalf	spread_mu0_by_offset	spread_muhalf_by_offset	fail_count	fd_mu0_m2	fd_mu0_m1	fd_mu0_p1	fd_mu0_p2	fd_muhalf_m2	fd_muhalf_m1	fd_muhalf_p1	fd_muhalf_p2
17	caustic-cross	a	5	0.83746378957463308	0.84972672439230301	0.0030000000000000001	64	1	32	44.381884194482573	nan	0.010628718300903728	nan	0	7.0737120894610426	7.0763868838260944	7.0817098431912111	7.0843408077619463	nan	nan	nan	nan
17	caustic-cross	a	6	0.84972672439230301	0.85720378575239498	0.0030000000000000001	64	1	32	15.847383643008415	nan	0.0037694817674935877	nan	0	7.8750904098988679	7.8760546181235727	7.8779520678723802	7.8788598916663615	nan	nan	nan	nan
17	caustic-cross	a	7	0.85720378575239498	0.88965961535403337	0.0030000000000000001	64	1	32	-62.304548340236856	nan	0.014850478399772271	nan	0	16.697100062687156	16.693396500834623	16.685932781684031	16.682249584287383	nan	nan	nan	nan
17	caustic-cross	a	12	1.4027942668116613	1.4148028287947072	0.0030000000000000001	64	1	32	-0.8398886085039956	nan	0.00026371902487737353	nan	0	0.22557192376181426	0.22563739916872572	0.22553702874171461	0.22537368014384834	nan	nan	nan	nan
17	caustic-cross	a	5	0.83746378957463308	0.84972672439230301	0.0030000000000000001	128	2	32	44.411091456422433	nan	0.010632206039519865	nan	0	7.0737084211962706	7.0763832142396668	7.0817092382256845	7.0843406272357905	nan	nan	nan	nan
17	caustic-cross	a	6	0.84972672439230301	0.85720378575239498	0.0030000000000000001	128	2	32	15.84738376421393	nan	0.0037694818152180787	nan	0	7.8750904098988714	7.8760546181235762	7.8779520678892574	7.8788598917140895	nan	nan	nan	nan
17	caustic-cross	a	7	0.85720378575239498	0.88965961535403337	0.0030000000000000001	128	2	32	-62.104162559744537	nan	0.014844480274529559	nan	0	16.697118831059168	16.693413656751563	16.685968722086869	16.682274350784638	nan	nan	nan	nan
17	caustic-cross	a	12	1.4027942668116613	1.4148028287947072	0.0030000000000000001	128	2	32	-0.83988928815180741	nan	0.00026371828864804603	nan	0	0.22557192374287779	0.22563739841111757	0.22553702792263289	0.22537368012246953	nan	nan	nan	nan
17	caustic-cross	a	5	0.83746378957463308	0.84972672439230301	0.0030000000000000001	256	4	32	44.412686138765402	nan	0.010632370084429965	nan	0	7.0737082571501091	7.0763830501344014	7.081709238147444	7.0843406272345391	nan	nan	nan	nan
17	caustic-cross	a	6	0.84972672439230301	0.85720378575239498	0.0030000000000000001	256	4	32	15.847383769621951	nan	0.0037694818173523714	nan	0	7.8750904098988688	7.8760546181235735	7.8779520678900088	7.8788598917162211	nan	nan	nan	nan
17	caustic-cross	a	7	0.85720378575239498	0.88965961535403337	0.0030000000000000001	256	4	32	-62.110474158948307	nan	0.01484533034428992	nan	0	16.697119727125784	16.693414550884512	16.685968941917171	16.682274396781494	nan	nan	nan	nan
17	caustic-cross	a	12	1.4027942668116613	1.4148028287947072	0.0030000000000000001	256	4	32	-0.83988928815180741	nan	0.00026371828864851787	nan	0	0.22557192374287752	0.2256373984111176	0.22553702792263289	0.22537368012246908	nan	nan	nan	nan
17	caustic-cross	a	5	0.83746378957463308	0.84972672439230301	0.001	64	1	32	44.428151095221573	nan	0.0035508971457476335	nan	0	7.0772785390182191	7.0781702227411056	7.0799469294171811	7.0808294361639668	nan	nan	nan	nan
17	caustic-cross	a	6	0.84972672439230301	0.85720378575239498	0.001	64	1	32	15.940543138333778	nan	0.0012687203378165535	nan	0	7.8763760001409668	7.8766973717968902	7.8773341781332675	7.8776447204787834	nan	nan	nan	nan
17	caustic-cross	a	7	0.85720378575239498	0.88965961535403337	0.001	64	1	32	-63.300584285401001	nan	0.0049952945393840764	nan	0	16.692158724094458	16.690919063286152	16.688395633940168	16.687163429555074	nan	nan	nan	nan
17	caustic-cross	a	12	1.4027942668116613	1.4148028287947072	0.001	64	1	32	-0.8489673991843073	nan	7.2656013906019501e-05	nan	0	0.22564940108112128	0.22565477586190724	0.22562089668579172	0.22558211984800122	nan	nan	nan	nan
17	caustic-cross	a	5	0.83746378957463308	0.84972672439230301	0.001	128	2	32	44.481233960269591	nan	0.0035535813918956549	nan	0	7.0772748689912248	7.0781665522735349	7.0799451869663299	7.0808284503831205	nan	nan	nan	nan
17	caustic-cross	a	6	0.84972672439230301	0.85720378575239498	0.001	128	2	32	15.940543208318537	nan	0.0012687203470012065	nan	0	7.8763760001409704	7.8766973717968938	7.8773341781365183	7.8776447204879716	nan	nan	nan	nan
17	caustic-cross	a	7	0.85720378575239498	0.88965961535403337	0.001	128	2	32	-62.28104569846829	nan	0.0049700367625113984	nan	0	16.692174779784526	16.690933348479835	16.688443662513567	16.687204743022015	nan	nan	nan	nan
17	caustic-cross	a	12	1.4027942668116613	1.4148028287947072	0.001	128	2	32	-0.84899547989764057	nan	7.2634410829136575e-05	nan	0	0.22564939744157264	0.22565475039920654	0.22562087035316022	0.22558211598837741	nan	nan	nan	nan
17	caustic-cross	a	5	0.83746378957463308	0.84972672439230301	0.001	256	4	32	44.48588439931455	nan	0.0035537450574940621	nan	0	7.0772747048662561	7.0781663881288637	7.07994518279303	7.0808284499237502	nan	nan	nan	nan
17	caustic-cross	a	6	0.84972672439230301	0.85720378575239498	0.001	256	4	32	15.94054321141606	nan	0.0012687203474115449	nan	0	7.8763760001409677	7.8766973717968911	7.8773341781366604	7.8776447204883793	nan	nan	nan	nan
17	caustic-cross	a	7	0.85720378575239498	0.88965961535403337	0.001	256	4	32	-62.278005470976311	nan	0.0049705080446713623	nan	0	16.692175668462813	16.690934208788473	16.68844455511876	16.687205160418142	nan	nan	nan	nan
17	caustic-cross	a	12	1.4027942668116613	1.4148028287947072	0.001	256	4	32	-0.84899548054480811	nan	7.2634410705291197e-05	nan	0	0.22564939744157264	0.22565475039908214	0.22562087035301634	0.22558211598837685	nan	nan	nan	nan
17	caustic-cross	a	5	0.83746378957463308	0.84972672439230301	0.00029999999999999997	64	1	32	44.445817495125048	nan	0.0010663535029582505	nan	0	7.0785269042182719	7.0787944183214915	7.0793277248668174	7.0795932577212302	nan	nan	nan	nan
17	caustic-cross	a	6	0.84972672439230301	0.85720378575239498	0.00029999999999999997	64	1	32	15.998100781073397	nan	0.00038288250900997411	nan	0	7.8768259175581301	7.8769223257911589	7.8771141690118149	7.8772088000671401	nan	nan	nan	nan
17	caustic-cross	a	7	0.85720378575239498	0.88965961535403337	0.00029999999999999997	64	1	32	-66.580028930217523	nan	0.0015336586566832011	nan	0	16.690422625185981	16.690050066881533	16.689259139289074	16.688888966529298	nan	nan	nan	nan
17	caustic-cross	a	12	1.4027942668116613	1.4148028287947072	0.00029999999999999997	64	1	32	-0.85450565196664974	nan	2.0404708430177276e-05	nan	0	0.22565453985701781	0.22565318360741721	0.22564294246799574	0.22563413514858763	nan	nan	nan	nan
17	caustic-cross	a	5	0.83746378957463308	0.84972672439230301	0.00029999999999999997	128	2	32	44.518578889824539	nan	0.0010677512781605003	nan	0	7.0785232335744661	7.0787907475455105	7.0793248836652891	7.0795909848526266	nan	nan	nan	nan
17	caustic-cross	a	6	0.84972672439230301	0.85720378575239498	0.00029999999999999997	128	2	32	15.998100819376091	nan	0.00038288251051898925	nan	0	7.8768259175581337	7.8769223257911625	7.8771141690123514	7.8772088000686526	nan	nan	nan	nan
17	caustic-cross	a	7	0.85720378575239498	0.88965961535403337	0.00029999999999999997	128	2	32	-62.486423204709425	nan	0.0014956854446737111	nan	0	16.690435870075639	16.690062326825554	16.689312988336127	16.688940184630965	nan	nan	nan	nan
17	caustic-cross	a	12	1.4027942668116613	1.4148028287947072	0.00029999999999999997	128	2	32	-0.85461618959893793	nan	2.0406091221975009e-05	nan	0	0.22565447176118125	0.22565301583580102	0.22564277352869189	0.22563406566995928	nan	nan	nan	nan
17	caustic-cross	a	5	0.83746378957463308	0.84972672439230301	0.00029999999999999997	256	4	32	44.53068176868414	nan	0.0010679025851896284	nan	0	7.0785230694219141	7.0787905833870477	7.0793248473461148	7.0795909720071037	nan	nan	nan	nan
17	caustic-cross	a	6	0.84972672439230301	0.85720378575239498	0.00029999999999999997	256	4	32	15.998100821053761	nan	0.00038288251058560263	nan	0	7.876825917558131	7.8769223257911598	7.8771141690123727	7.8772088000687166	nan	nan	nan	nan
17	caustic-cross	a	7	0.85720378575239498	0.88965961535403337	0.00029999999999999997	256	4	32	-62.380686107113263	nan	0.0014952217366399623	nan	0	16.690436688338607	16.690063066226646	16.689314737334602	16.688941466601968	nan	nan	nan	nan
17	caustic-cross	a	12	1.4027942668116613	1.4148028287947072	0.00029999999999999997	256	4	32	-0.85461685583452318	nan	2.0406091610691846e-05	nan	0	0.22565447175773015	0.22565301574884675	0.22564277343569289	0.22563406566611946	nan	nan	nan	nan
17	caustic-cross	a	5	0.83746378957463308	0.84972672439230301	0.0001	64	1	32	44.450956382835464	nan	0.00035556741181963503	nan	0	7.0788835902597569	7.078972762483283	7.079150561278909	7.0792391576715765	nan	nan	nan	nan
17	caustic-cross	a	6	0.84972672439230301	0.85720378575239498	0.0001	64	1	32	16.027561496804545	nan	0.00012801419994268315	nan	0	7.8769544616616169	7.8769865974284681	7.8770506818879511	7.8770824758615596	nan	nan	nan	nan
17	caustic-cross	a	7	0.85720378575239498	0.88965961535403337	0.0001	64	1	32	-75.889111191311059	nan	0.0005432719283255949	nan	0	16.689925835548923	16.68980158110995	16.689506004785336	16.689382563620597	nan	nan	nan	nan
17	caustic-cross	a	12	1.4027942668116613	1.4148028287947072	0.0001	64	1	32	-0.85813671052541618	nan	6.8394545207350887e-06	nan	0	0.22565245844306484	0.2256515730190134	0.22564814367706673	0.2256456189885441	nan	nan	nan	nan
17	caustic-cross	a	5	0.83746378957463308	0.84972672439230301	0.0001	128	2	32	44.531992251739531	nan	0.00035615782556597253	nan	0	7.0788799194397178	7.0789690916191859	7.0791472073241373	7.0792360772652838	nan	nan	nan	nan
17	caustic-cross	a	6	0.84972672439230301	0.85720378575239498	0.0001	128	2	32	16.027561518601924	nan	0.00012801420023311749	nan	0	7.8769544616616205	7.8769865974284725	7.8770506818880577	7.8770824758618536	nan	nan	nan	nan
17	caustic-cross	a	7	0.85720378575239498	0.88965961535403337	0.0001	128	2	32	-62.920867621496505	nan	0.00050037391110535623	nan	0	16.689937715040045	16.689813048043852	16.6895617387021	16.68943734112894	nan	nan	nan	nan
17	caustic-cross	a	12	1.4027942668116613	1.4148028287947072	0.0001	128	2	32	-0.85747706172571236	nan	6.8397855820800935e-06	nan	0	0.22565221855993295	0.2256512118159725	0.22564778441158956	0.22564537877435087	nan	nan	nan	nan
17	caustic-cross	a	5	0.83746378957463308	0.84972672439230301	0.0001	256	4	32	44.552495116552862	nan	0.00035626693671098053	nan	0	7.0788797552792833	7.0789689274567822	7.0791471183092209	7.0792360222159942	nan	nan	nan	nan
17	caustic-cross	a	6	0.84972672439230301	0.85720378575239498	0.0001	256	4	32	16.027561519675139	nan	0.00012801420024555199	nan	0	7.8769544616616178	7.876986597428469	7.8770506818880586	7.8770824758618634	nan	nan	nan	nan
17	caustic-cross	a	7	0.85720378575239498	0.88965961535403337	0.0001	256	4	32	-62.439790798525969	nan	0.00049910226963589821	nan	0	16.689938405307281	16.689813664380519	16.689563957224419	16.689439303037645	nan	nan	nan	nan
17	caustic-cross	a	12	1.4027942668116613	1.4148028287947072	0.0001	256	4	32	-0.85749333438023256	nan	6.8398030083904882e-06	nan	0	0.22565221821821754	0.22565120996768478	0.22564778251230561	0.22564537841520915	nan	nan	nan	nan
99	rand035	X	2	0.88716938242769516	0.88723369079252823	0.001	32	1	64	-0.38256711313312147	-0.24203624833686835	0.00010257773221148881	6.5023700861368091e-05	0	0.00014469062136691766	0.00012534623449014332	6.9307751663820114e-05	4.2112889155428856e-05	9.0984319970381132e-05	7.8400287139981478e-05	4.2930970288115435e-05	2.5960619109013034e-05
99	rand035	X	3	0.88723369079252823	0.95630209345982764	0.001	32	1	64	8.8720625375261442	8.6816586600472156	0.0026413738110870888	0.0025959554361381088	0	2.6522674136284436	2.6529500399501273	2.6542824343038345	2.6549087874395307	2.6450206058868817	2.645683664506282	2.6469888728019355	2.6476165613230198
99	rand035	X	8	1.04569464696713	1.1271804457293775	0.001	32	1	64	8.7068367343940931	8.5701408965566497	0.0025697099690789038	0.0025495838546238936	0	3.6524189965858866	3.6531028353333412	3.6544076071586367	3.6549887065549655	3.6451154203760252	3.645778428125543	3.6470652424940093	3.6476650042306491
99	rand035	X	11	3.0353038119173275	3.0353038123352656	0.001	32	1	64	1.0908357241365508e-17	1.0975650898440662e-17	3.264330908719038e-21	3.2909631939430035e-21	0	7.6975985869768927e-18	7.6987072430428959e-18	7.7003475347888473e-18	7.7008629178856117e-18	7.6968152374145389e-18	7.697819074952387e-18	7.6994702974867418e-18	7.7001062006084819e-18
99	rand035	X	2	0.88716938242769516	0.88723369079252823	0.001	48	2	128	-0.38256711313324859	-0.24203624833694765	0.0001025777322114881	6.502370086136763e-05	0	0.00014469062136691923	0.00012534623449014594	6.9307751663808472e-05	4.211288915543114e-05	9.098431997038208e-05	7.840028713998305e-05	4.2930970288108104e-05	2.5960619109014447e-05
99	rand035	X	3	0.88723369079252823	0.95630209345982764	0.001	48	2	128	8.8518571298340252	8.6695354154348934	0.0026426135635277959	0.0025966992876016448	0	2.652256835561416	2.652937480204804	2.6542677470462719	2.6548994491249438	2.6450142590466648	2.6456761286590873	2.6469800604473974	2.6476109583342664
99	rand035	X	8	1.04569464696713	1.1271804457293775	0.001	48	2	128	8.4933624919922703	8.442056351133246	0.0025478302111103801	0.0025364559998424241	0	3.6523842097831105	3.6530584217088471	3.6543363436852259	3.6549320399942209	3.6450945482943595	3.6457517799508437	3.6470224844099621	3.647631004294202
99	rand035	X	11	3.0353038119173275	3.0353038123352656	0.001	48	2	128	1.0946113927655337e-17	1.099622350344398e-17	3.2672285522925692e-21	3.2923483093730234e-21	0	7.6975430052353061e-18	7.6986222389307072e-18	7.7002671580239676e-18	7.7008102337875987e-18	7.6967812245990587e-18	7.6977687109817227e-18	7.6994224306168344e-18	7.7000735729084317e-18
99	rand035	X	2	0.88716938242769516	0.88723369079252823	0.001	64	4	256	-0.38256711313322195	-0.24203624833693199	0.0001025777322114807	6.5023700861363104e-05	0	0.0001446906213669188	0.0001253462344901451	6.9307751663811562e-05	4.2112889155438092e-05	9.0984319970381823e-05	7.8400287139982562e-05	4.293097028810996e-05	2.5960619109018726e-05
99	rand035	X	3	0.88723369079252823	0.95630209345982764	0.001	64	4	256	8.8492594037865651	8.6679767798074963	0.0026425665377711738	0.0025966710721476716	0	2.652256767128057	2.6529373720675911	2.6542673395816201	2.6548993336658282	2.6450142179866498	2.6456760637767598	2.6469798159686069	2.6476108890587975
99	rand035	X	8	1.04569464696713	1.1271804457293775	0.001	64	4	256	8.4813647048944052	8.4348576788707916	0.0025470974751051756	0.0025360163582397455	0	3.6523832160303296	3.6530562601383609	3.6543327352061308	3.6549303135054347	3.645093952042691	3.6457504830085528	3.6470203193225053	3.6476299684009308
99	rand035	X	11	3.0353038119173275	3.0353038123352656	0.001	64	4	256	1.0936129440857046e-17	1.098556835927272e-17	3.267197665101723e-21	3.2918392289101729e-21	0	7.6975431345968943e-18	7.6986197331136874e-18	7.7002635204596583e-18	7.700810332261996e-18	7.6967820247150877e-18	7.6977672985927734e-18	7.6994197509463758e-18	7.7000738639439979e-18
99	rand035	X	2	0.88716938242769516	0.88723369079252823	0.00050000000000000001	32	1	64	-0.40003411047706861	-0.25275521690134256	5.6038482826323201e-05	3.5469316851866043e-05	0	0.00012534623449014332	0.00011411205608378011	8.4512542665409767e-05	6.9307751663820114e-05	7.8400287139981478e-05	7.1171173103640783e-05	5.2461403223972127e-05	4.2930970288115435e-05
99	rand035	X	3	0.88723369079252823	0.95630209345982764	0.00050000000000000001	32	1	64	8.988063548928146	8.7517166637852526	0.0013323943537071337	0.0013052082956535038	0	2.6529500399501273	2.6532901947122345	2.6539644072824018	2.6542824343038345	2.645683664506282	2.6460143753346523	2.6466718403167175	2.6469888728019355
99	rand035	X	8	1.04569464696713	1.1271804457293775	0.00050000000000000001	32	1	64	9.0006471202032845	8.7465885967374497	0.0013047718252954255	0.001286814368466338	0	3.6531028353333412	3.6534423558029778	3.6541138263016251	3.6544076071586367	3.645778428125543	3.6461083194905548	3.6467631955885409	3.6470652424940093
99	rand035	X	11	3.0353038119173275	3.0353038123352656	0.00050000000000000001	32	1	64	1.0909010375592968e-17	1.0962615432006641e-17	1.6402917459513881e-21	1.6512225343547336e-21	0	7.6987072430428959e-18	7.6992413495767705e-18	7.7000625481264842e-18	7.7003475347888473e-18	7.697819074952387e-18	7.6983089876018171e-18	7.6991345802177203e-18	7.6994702974867418e-18
99	rand035	X	2	0.88716938242769516	0.88723369079252823	0.00050000000000000001	48	2	128	-0.40003411047731996	-0.25275521690149716	5.6038482826337472e-05	3.5469316851874947e-05	0	0.00012534623449014594	0.00011411205608378399	8.4512542665397651e-05	6.9307751663808472e-05	7.840028713998305e-05	7.1171173103643101e-05	5.2461403223964592e-05	4.2930970288108104e-05
99	rand035	X	3	0.88723369079252823	0.95630209345982764	0.00050000000000000001	48	2	128	8.8957626776236491	8.69633614101474	0.0013302668414678642	0.0013039317883101198	0	2.652937480204804	2.6532764668258011	2.653945200124562	2.6542677470462719	2.6456761286590873	2.6460061386027909	2.6466603160220132	2.6469800604473974
99	rand035	X	8	1.04569464696713	1.1271804457293775	0.00050000000000000001	48	2	128	8.529761981197046	8.46405751329754	0.0012779219763787708	0.0012707044591184768	0	3.6530584217088471	3.6533916741358867	3.6540331918967341	3.6543363436852259	3.6457517799508437	3.6460779104903023	3.6467148149456068	3.6470224844099621
99	rand035	X	11	3.0353038119173275	3.0353038123352656	0.00050000000000000001	48	2	128	1.0950938854773265e-17	1.0985755946035479e-17	1.6449190932604131e-21	1.6537196351117306e-21	0	7.6986222389307072e-18	7.6991301934443557e-18	7.6999543386143743e-18	7.7002671580239676e-18	7.6977687109817227e-18	7.6982425960577694e-18	7.6990698078324174e-18	7.6994224306168344e-18
99	rand035	X	2	0.88716938242769516	0.88723369079252823	0.00050000000000000001	64	4	256	-0.40003411047721188	-0.25275521690143093	5.6038482826333542e-05	3.5469316851872602e-05	0	0.0001253462344901451	0.00011411205608378254	8.4512542665402801e-05	6.9307751663811562e-05	7.8400287139982562e-05	7.1171173103642233e-05	5.2461403223967763e-05	4.293097028810996e-05
99	rand035	X	3	0.88723369079252823	0.95630209345982764	0.00050000000000000001	64	4	256	8.8830789943595487	8.6887259310535274	0.001329967514029029	0.0013037521918470851	0	2.6529373720675911	2.6532763292737607	2.6539443087575409	2.6542673395816201	2.6456760637767598	2.6460060560715677	2.6466597812018011	2.6469798159686069
99	rand035	X	8	1.04569464696713	1.1271804457293775	0.00050000000000000001	64	4	256	8.4949462909179836	8.4431680991485791	0.0012764750677698444	0.0012698363139524993	0	3.6530562601383609	3.6533882526961725	3.6540276231356765	3.6543327352061308	3.6457504830085528	3.6460758576264736	3.6467114736889727	3.6470203193225053
99	rand035	X	11	3.0353038119173275	3.0353038123352656	0.00050000000000000001	64	4	256	1.0963030406984698e-17	1.0996573929038852e-17	1.6437873459708989e-21	1.6524523536023569e-21	0	7.6986197331136874e-18	7.6991245380201086e-18	7.6999492246760562e-18	7.7002635204596583e-18	7.6977672985927734e-18	7.6982387423885249e-18	7.6990664067736627e-18	7.6994197509463758e-18
99	rand035	X	2	0.88716938242769516	0.88723369079252823	0.00025000000000000001	32	1	64	-0.41240408797340505	-0.26029658838405606	2.9599513418370344e-05	1.8709769879668656e-05	0	0.00011411205608378011	0.00010783210203959293	9.248547115959202e-05	8.4512542665409767e-05	7.1171173103640783e-05	6.7158920623938936e-05	5.7469171102445995e-05	5.2461403223972127e-05
99	rand035	X	3	0.88723369079252823	0.95630209345982764	0.00025000000000000001	32	1	64	9.2103765665295789	8.885333172791384	0.00067421257016730962	0.00065746498206520343	0	2.6532901947122345	2.6534599749188685	2.6538043614634992	2.6539644072824018	2.6460143753346523	2.6461795215862436	2.6465126351414519	2.6466718403167175
99	rand035	X	8	1.04569464696713	1.1271804457293775	0.00025000000000000001	32	1	64	9.5842514177102469	9.0968319096105983	0.00067147049864724195	0.00065487609798609014	0	3.6534423558029778	3.6536114901150194	3.6539660924893713	3.6541138263016251	3.6461083194905548	3.6462728463445462	3.6466116092188421	3.6467631955885409
99	rand035	X	11	3.0353038119173275	3.0353038123352656	0.00025000000000000001	32	1	64	1.0969276072433156e-17	1.1020311013815642e-17	8.2119854971373833e-22	8.2559261590325086e-22	0	7.6992413495767705e-18	7.6995008103575449e-18	7.6999132431787631e-18	7.7000625481264842e-18	7.6983089876018171e-18	7.698548606380378e-18	7.6989630297361472e-18	7.6991345802177203e-18
99	rand035	X	2	0.88716938242769516	0.88723369079252823	0.00025000000000000001	48	2	128	-0.41240408797534728	-0.26029658838528169	2.9599513418386336e-05	1.8709769879678509e-05	0	0.00011411205608378399	0.00010783210203959389	9.248547115953613e-05	8.4512542665397651e-05	7.1171173103643101e-05	6.7158920623939505e-05	5.7469171102410718e-05	5.2461403223964592e-05
99	rand035	X	3	0.88723369079252823	0.95630209345982764	0.00025000000000000001	48	2	128	8.9501725612208087	8.7292107695923633	0.00066873329876093734	0.00065417741922235706	0	2.6532764668258011	2.6534456106907607	2.6537819639128148	2.653945200124562	2.6460061386027909	2.646170903049379	2.6464991966110412	2.6466603160220132
99	rand035	X	8	1.04569464696713	1.1271804457293775	0.00025000000000000001	48	2	128	8.594271111051011	8.5028437257042953	0.00064151776084742096	0.00063690445530451001	0	3.6533916741358867	3.6535571836638994	3.6538800839413419	3.6540331918967341	3.6460779104903023	3.6462402624738721	3.6465600040900248	3.6467148149456068
99	rand035	X	11	3.0353038119173275	3.0353038123352656	0.00025000000000000001	48	2	128	1.1049841134736972e-17	1.107904199976786e-17	8.2414517001855605e-22	8.2721177464803271e-22	0	7.6991301934443557e-18	7.6993703351515877e-18	7.6997854115358961e-18	7.6999543386143743e-18	7.6982425960577694e-18	7.6984691973760099e-18	7.6988854817466662e-18	7.6990698078324174e-18
99	rand035	X	2	0.88716938242769516	0.88723369079252823	0.00025000000000000001	64	4	256	-0.41240408797443862	-0.26029658838471625	2.9599513418379736e-05	1.870976987967447e-05	0	0.00011411205608378254	0.00010783210203959302	9.2485471159561744e-05	8.4512542665402801e-05	7.1171173103642233e-05	6.715892062393899e-05	5.7469171102426676e-05	5.2461403223967763e-05
99	rand035	X	3	0.88723369079252823	0.95630209345982764	0.00025000000000000001	64	4	256	8.9088639353233727	8.7044255940798472	0.00066797948378027883	0.00065372513023342904	0	2.6532763292737607	2.6534454550312554	2.6537805474307494	2.6539443087575409	2.6460060560715677	2.6461708096536758	2.6464983467218026	2.6466597812018011
99	rand035	X	8	1.04569464696713	1.1271804457293775	0.00025000000000000001	64	4	256	8.5092297863962791	8.451818930927967	0.00063937043950401673	0.00063561606249917801	0	3.6533882526961725	3.6535527554680827	3.6538729856808123	3.6540276231356765	3.6460758576264736	3.6462376055563825	3.6465557451337078	3.6467114736889727
99	rand035	X	11	3.0353038119173275	3.0353038123352656	0.00025000000000000001	64	4	256	1.1016350513012951e-17	1.1046062729208039e-17	8.246866559475392e-22	8.2766438513776945e-22	0	7.6991245380201086e-18	7.6993622142081061e-18	7.6997764124704942e-18	7.6999492246760562e-18	7.6982387423885249e-18	7.6984643851766583e-18	7.6988797947570174e-18	7.6990664067736627e-18
99	rand035	Y	2	0.88716938242769516	0.88723369079252823	0.001	32	1	64	-0.75361613846552977	-0.47745009379522202	0.00017791488318474657	0.00011307799469702713	0	0.00017968878543263468	0.00014666017792661353	3.9289412842184534e-05	1.7739022478881105e-06	0.00011415249120281463	9.2274662223920101e-05	2.4205296737022103e-05	1.0744965057875089e-06
99	rand035	Y	3	0.88723369079252823	0.95630209345982764	0.001	32	1	64	18.613988061243312	18.262421876224895	0.005528627287231469	0.0054516976282932283	0	2.6507422050272247	2.6521911527259512	2.654984939491396	2.6562708323144562	2.6435419461632339	2.6449466661036576	2.647691122380627	2.6489936437915271
99	rand035	Y	8	1.04569464696713	1.1271804457293775	0.001	32	1	64	18.059926763896158	17.905214771706142	0.0053770556266585778	0.0053548862825278931	0	3.6508808372533101	3.6523426390279776	3.6550548904207281	3.6562578928799687	3.6436302422245408	3.6450415008044157	3.6477335041618901	3.6489851285070687
99	rand035	Y	11	3.0353038119173275	3.0353038123352656	0.001	32	1	64	6.047669127801632e-19	6.1063123851903963e-19	1.7690767015258835e-22	1.7794209686938351e-22	0	7.6996248238839128e-18	7.6996885749017553e-18	7.6997790051788155e-18	7.6998017315540654e-18	7.6986702202991358e-18	7.6987253549869966e-18	7.6988165770243987e-18	7.6988481623960052e-18
99	rand035	Y	2	0.88716938242769516	0.88723369079252823	0.001	48	2	128	-0.75361613846550679	-0.47745009379520709	0.00017791488318474736	0.00011307799469702761	0	0.00017968878543263544	0.00014666017792661502	3.9289412842188518e-05	1.7739022478880675e-06	0.00011415249120281509	9.2274662223920995e-05	2.4205296737024634e-05	1.0744965057874776e-06
99	rand035	Y	3	0.88723369079252823	0.95630209345982764	0.001	48	2	128	18.590648978555727	18.248418426610773	0.0055193835899038923	0.0054461514098957942	0	2.6507350955027826	2.6521809981626649	2.6549709929925567	2.6562544790926865	2.6435376804485688	2.6449405733656857	2.6476827544813228	2.6489838318584646
99	rand035	Y	8	1.04569464696713	1.1271804457293775	0.001	48	2	128	17.886837706331587	17.801361337157964	0.0053625613275007922	0.0053461897030322447	0	3.6508592445382186	3.6523087380294377	3.6549996248228855	3.6562218058657194	3.6436172865954854	3.645021160205292	3.6477003448031833	3.6489634762985177
99	rand035	Y	11	3.0353038119173275	3.0353038123352656	0.001	48	2	128	5.7411697323702604e-19	5.7271118910899214e-19	1.7781412712610741e-22	1.7833362399801029e-22	0	7.6994939928892151e-18	7.6995510111519104e-18	7.6996380923999328e-18	7.6996718070163412e-18	7.6985914403898123e-18	7.6986439527210053e-18	7.6987309401033037e-18	7.6987697740138103e-18
99	rand035	Y	2	0.88716938242769516	0.88723369079252823	0.001	64	4	256	-0.75361613846565056	-0.47745009379529701	0.00017791488318474926	0.00011307799469702873	0	0.00017968878543263528	0.00014666017792661464	3.9289412842171659e-05	1.7739022478860289e-06	0.00011415249120281498	9.2274662223920765e-05	2.42052967370141e-05	1.074496505786253e-06
99	rand035	Y	3	0.88723369079252823	0.95630209345982764	0.001	64	4	256	18.590661885732004	18.248426170920272	0.0055186110444411796	0.0054456878826179	0	2.6507350710925355	2.6521809367168072	2.6549708364365605	2.6562536821369767	2.643537665802421	2.6449405364981708	2.6476826605477255	2.6489833536850389
99	rand035	Y	8	1.04569464696713	1.1271804457293775	0.001	64	4	256	17.881053974823072	17.797891098249021	0.0053623489739820229	0.0053460622909202726	0	3.6508589929380229	3.6523078190612028	3.654998025957696	3.6562213419120049	3.6436171356353686	3.645020608824352	3.6476993854840698	3.6489631979262889
99	rand035	Y	11	3.0353038119173275	3.0353038123352656	0.001	64	4	256	5.9662192042115413e-19	5.9672537054901885e-19	1.7767291615532195e-22	1.7810593452951299e-22	0	7.6994839856362279e-18	7.6995380407855737e-18	7.6996276466284267e-18	7.6996616585523832e-18	7.6985852273454878e-18	7.6986356587523319e-18	7.6987253304086099e-18	7.6987633332800173e-18
99	rand035	Y	2	0.88716938242769516	0.88723369079252823	0.00050000000000000001	32	1	64	-0.80488872232904241	-0.50927964730936259	0.00010737076508442899	6.8069365486897991e-05	0	0.00014666017792661353	0.00012652414348671132	6.7641120446278505e-05	3.9289412842184534e-05	9.2274662223920101e-05	7.9161773381838588e-05	4.1887999654336313e-05	2.4205296737022103e-05
99	rand035	Y	3	0.88723369079252823	0.95630209345982764	0.00050000000000000001	32	1	64	18.780467829434723	18.364351814461656	0.0027937867654448389	0.0027444562769693981	0	2.6521911527259512	2.652911736986423	2.654321717609835	2.654984939491396	2.6449466661036576	2.645646493029425	2.6470268043015301	2.647691122380627
99	rand035	Y	8	1.04569464696713	1.1271804457293775	0.00050000000000000001	32	1	64	18.363271802552102	18.087942684059037	0.0027122513927504421	0.0026920033574744373	0	3.6523426390279776	3.6530646980512307	3.6544409227116392	3.6550548904207281	3.6450415008044157	3.6457414031227939	3.6470995456557396	3.6477335041618901
99	rand035	Y	11	3.0353038119173275	3.0353038123352656	0.00050000000000000001	32	1	64	5.4940174739347439e-19	5.4174773610618728e-19	9.0430277060178709e-23	9.1222037402086446e-23	0	7.6996885749017553e-18	7.6997218170316147e-18	7.6997641520933828e-18	7.6997790051788155e-18	7.6987253549869966e-18	7.6987551328187463e-18	7.6987971345371422e-18	7.6988165770243987e-18
99	rand035	Y	2	0.88716938242769516	0.88723369079252823	0.00050000000000000001	48	2	128	-0.8048887223292297	-0.50927964730948161	0.0001073707650844265	6.8069365486896365e-05	0	0.00014666017792661502	0.00012652414348671384	6.7641120446270753e-05	3.9289412842188518e-05	9.2274662223920995e-05	7.9161773381840106e-05	4.1887999654331305e-05	2.4205296737024634e-05
99	rand035	Y	3	0.88723369079252823	0.95630209345982764	0.00050000000000000001	48	2	128	18.696292977645108	18.313846903387496	0.0027899948298917288	0.0027421811156371767	0	2.6521809981626649	2.6528994446560681	2.6543041969285155	2.6549709929925567	2.6449405733656857	2.6456391176312115	2.6470162918927373	2.6476827544813228
99	rand035	Y	8	1.04569464696713	1.1271804457293775	0.00050000000000000001	48	2	128	17.941097809296725	17.834638288116622	0.0026908867934478664	0.0026791845978912932	0	3.6523087380294377	3.6530209164617666	3.6543706253406425	3.6549996248228855	3.645021160205292	3.6457151341691145	3.647057367233141	3.6477003448031833
99	rand035	Y	11	3.0353038119173275	3.0353038123352656	0.00050000000000000001	48	2	128	5.8452151969604985e-19	5.8524448019384692e-19	8.708124802240006e-23	8.6987382298371035e-23	0	7.6995510111519104e-18	7.6995783705955244e-18	7.6996222706615727e-18	7.6996380923999328e-18	7.6986439527210053e-18	7.69866928967025e-18	7.6987132188372954e-18	7.6987309401033037e-18
99	rand035	Y	2	0.88716938242769516	0.88723369079252823	0.00050000000000000001	64	4	256	-0.804888722329272	-0.50927964730950759	0.00010737076508444298	6.8069365486906664e-05	0	0.00014666017792661464	0.00012652414348671305	6.7641120446265508e-05	3.9289412842171659e-05	9.2274662223920765e-05	7.9161773381839631e-05	4.1887999654328073e-05	2.42052967370141e-05
99	rand035	Y	3	0.88723369079252823	0.95630209345982764	0.00050000000000000001	64	4	256	18.6912600349972	18.310827137791676	0.0027898997197532971	0.0027421240495546506	0	2.6521809367168072	2.6528993425972569	2.6543037987105667	2.6549708364365605	2.6449405364981708	2.6456390563959253	2.6470160529619684	2.6476826605477255
99	rand035	Y	8	1.04569464696713	1.1271804457293775	0.00050000000000000001	64	4	256	17.918071806024116	17.820822686138314	0.0026902068964931303	0.0026787766597178297	0	3.6523078190612028	3.6530188558200796	3.6543671791584753	3.654998025957696	3.645020608824352	3.6457138977841028	3.6470552995238403	3.6476993854840698
99	rand035	Y	11	3.0353038119173275	3.0353038123352656	0.00050000000000000001	64	4	256	5.9144088011404819e-19	5.9290927360395748e-19	8.9605842853000513e-23	8.9671656278024218e-23	0	7.6995380407855737e-18	7.6995645864958679e-18	7.6996091929551776e-18	7.6996276466284267e-18	7.6986356587523319e-18	7.6986607360013867e-18	7.6987054336250895e-18	7.6987253304086099e-18
99	rand035	Y	2	0.88716938242769516	0.88723369079252823	0.00025000000000000001	32	1	64	-0.84278153835868297	-0.53254833858211847	5.8883023040432814e-05	3.7273773727502275e-05	0	0.00012652414348671132	0.00011478493732991058	8.3623590845908748e-05	6.7641120446278505e-05	7.9161773381838588e-05	7.1602381568829874e-05	5.1903477907126627e-05	4.1887999654336313e-05
99	rand035	Y	3	0.88723369079252823	0.95630209345982764	0.00025000000000000001	32	1	64	19.031837679543919	18.516194763180373	0.0014099806234120216	0.0013803112721051392	0	2.652911736986423	2.6532709998581052	2.6539847250034314	2.654321717609835	2.645646493029425	2.6459957390636197	2.6466911932836177	2.6470268043015301
99	rand035	Y	8	1.04569464696713	1.1271804457293775	0.00025000000000000001	32	1	64	18.951680394000263	18.441348283452214	0.0013762246604085426	0.0013581425329456387	0	3.6530646980512307	3.6534233036371604	3.6541305455675706	3.6544409227116392	3.6457414031227939	3.6460897943772497	3.6467803637676228	3.6470995456557396
99	rand035	Y	11	3.0353038119173275	3.0353038123352656	0.00025000000000000001	32	1	64	5.6669026185934261e-19	5.5800879726256475e-19	4.2335061768026138e-23	4.2001718395881502e-23	0	7.6997218170316147e-18	7.6997371235770957e-18	7.6997584193428126e-18	7.6997641520933828e-18	7.6987551328187463e-18	7.6987686047814683e-18	7.6987896137062775e-18	7.6987971345371422e-18
99	rand035	Y	2	0.88716938242769516	0.88723369079252823	0.00025000000000000001	48	2	128	-0.8427815383582945	-0.53254833858187678	5.8883023040443087e-05	3.7273773727508801e-05	0	0.00012652414348671384	0.00011478493732991435	8.3623590845922205e-05	6.7641120446270753e-05	7.9161773381840106e-05	7.1602381568832137e-05	5.1903477907134901e-05	4.1887999654331305e-05
99	rand035	Y	3	0.88723369079252823	0.95630209345982764	0.00025000000000000001	48	2	128	18.789137829595706	18.370574853216159	0.0014047522724474071	0.0013771742615258376	0	2.6528994446560681	2.6532574230875139	2.6539636406096547	2.6543041969285155	2.6456391176312115	2.6459875930012644	2.6466785426473511	2.6470162918927373
99	rand035	Y	8	1.04569464696713	1.1271804457293775	0.00025000000000000001	48	2	128	18.015252066111536	17.879491286686743	0.001349708878875866	0.0013422330640264768	0	3.6530209164617666	3.6533730073987614	3.654050489211651	3.6543706253406425	3.6457151341691145	3.6460596166342101	3.6467323299540699	3.647057367233141
99	rand035	Y	11	3.0353038119173275	3.0353038123352656	0.00025000000000000001	48	2	128	5.8628777708458375e-19	5.8104721997498797e-19	4.3900066048288534e-23	4.3929167045422708e-23	0	7.6995783705955244e-18	7.6995924613864744e-18	7.699614506230576e-18	7.6996222706615727e-18	7.69866928967025e-18	7.6986826866165879e-18	7.6987045870998958e-18	7.6987132188372954e-18
99	rand035	Y	2	0.88716938242769516	0.88723369079252823	0.00025000000000000001	64	4	256	-0.84278153835812342	-0.53254833858176842	5.8883023040447546e-05	3.7273773727511558e-05	0	0.00012652414348671305	0.00011478493732991296	8.3623590845925092e-05	6.7641120446265508e-05	7.9161773381839631e-05	7.160238156883131e-05	5.1903477907136798e-05	4.1887999654328073e-05
99	rand035	Y	3	0.88723369079252823	0.95630209345982764	0.00025000000000000001	64	4	256	18.764601160508239	18.355852851746384	0.0014044561133097488	0.001376996566043065	0	2.6528993425972569	2.6532572896150679	2.6539627771779672	2.6543037987105667	2.6456390563959253	2.6459875129177974	2.646678024588339	2.6470160529619684
99	rand035	Y	8	1.04569464696713	1.1271804457293775	0.00025000000000000001	64	4	256	17.947158918318063	17.838635397996509	0.0013483233383957405	0.0013414017397375133	0	3.6530188558200796	3.6533696792261585	3.6540450648299068	3.6543671791584753	3.6457138977841028	3.6460576197306498	3.6467290753250245	3.6470552995238403
99	rand035	Y	11	3.0353038119173275	3.0353038123352656	0.00025000000000000001	64	4	256	5.9306095121337728e-19	5.956226006651008e-19	4.4606459309677481e-23	4.4697623702796092e-23	0	7.6995645864958679e-18	7.6995769806329662e-18	7.6995993050572367e-18	7.6996091929551776e-18	7.6986607360013867e-18	7.6986723949592979e-18	7.6986948031225847e-18	7.6987054336250895e-18
