row	case	u	parameter	cell	kind	production_complete	production_valid_nodes	production_invalid_nodes	reference_order	reference_subdivisions	reference_angular_nodes	production_q8	independent_qf_same_production_nodes_q8	independent_qf_radial_reference	production_minus_radial_reference	same_nodes_minus_radial_reference	same_node_local_derivative_signed_difference	same_node_local_derivative_abs_weighted_difference	share_of_absolute_cell_error	share_of_net_cell_error
17	caustic-cross	0.0	a	0	empty	1	255	0	256	1	128	0.0	0.0	0.0	0.0	0.0	0.0	0.0	0.0	0.0
17	caustic-cross	0.0	a	1	arcs	1	255	0	256	1	128	0.31173978133004376	0.3117397808467469	0.31173978050284445	8.27199309050286e-10	3.4390246206328356e-10	4.832968469870025e-10	2.052102535912237e-09	2.2997985650565196e-09	4.694427613870753e-09
17	caustic-cross	0.0	a	2	empty	1	255	0	256	1	128	0.0	0.0	0.0	0.0	0.0	0.0	0.0	0.0	0.0
17	caustic-cross	0.0	a	3	empty	1	255	0	256	1	128	0.0	0.0	0.0	0.0	0.0	0.0	0.0	0.0	0.0
17	caustic-cross	0.0	a	4	empty	1	255	0	256	1	128	0.0	0.0	0.0	0.0	0.0	0.0	0.0	0.0	0.0
17	caustic-cross	0.0	a	5	arcs	1	255	0	256	1	128	44.49456532443819	44.494565324441076	44.586302627504644	-0.09173730306645211	-0.09173730306356731	-2.8848035071860068e-12	5.954412799811536e-12	0.25505016221133736	-0.520617128212571
17	caustic-cross	0.0	a	6	arcs	1	255	0	256	1	128	16.067805719503465	16.067805719503465	16.067805719503465	0.0	0.0	0.0	1.3340158314379378e-14	0.0	0.0
17	caustic-cross	0.0	a	7	arcs	1	255	0	256	1	128	-62.24116898372197	-62.241168983276786	-62.50911504533929	0.26794606161732304	0.2679460620625065	-4.4518344566313317e-10	5.89116308519843e-10	0.7449498098923154	1.5206170712695914
17	caustic-cross	0.0	a	8	empty	1	255	0	256	1	128	0.0	0.0	0.0	0.0	0.0	0.0	0.0	0.0	0.0
17	caustic-cross	0.0	a	9	empty	1	255	0	256	1	128	0.0	0.0	0.0	0.0	0.0	0.0	0.0	0.0	0.0
17	caustic-cross	0.0	a	10	empty	1	255	0	256	1	128	0.0	0.0	0.0	0.0	0.0	0.0	0.0	0.0	0.0
17	caustic-cross	0.0	a	11	empty	1	255	0	256	1	128	0.0	0.0	0.0	0.0	0.0	0.0	0.0	0.0	0.0
17	caustic-cross	0.0	a	12	arcs	1	255	0	256	1	128	-0.8614222642117193	-0.8614222798547462	-0.8614222734183723	9.206652995530362e-09	-6.436373878315749e-09	1.564302687384611e-08	1.59578244964789e-08	2.559654863880802e-08	5.2248551927787274e-08
17	caustic-cross	0.0	a	13	empty	1	255	0	256	1	128	0.0	0.0	0.0	0.0	0.0	0.0	0.0	0.0	0.0
99	rand035	0.0	X	0	empty	1	255	0	112	8	1024	0.0	0.0	0.0	0.0	0.0	0.0	0.0	0.0	0.0
99	rand035	0.0	X	1	empty	1	255	0	112	8	1024	0.0	0.0	0.0	0.0	0.0	0.0	0.0	0.0	0.0
99	rand035	0.0	X	2	arcs	1	255	0	128	16	1024	-0.44226714167375436	-0.4422671367386818	-0.44226711846081557	-2.3212938793371052e-08	-1.827786622055072e-08	-4.9350725728203315e-09	5.86815774269313e-09	0.0681045265785791	-0.07884376055078178
99	rand035	0.0	X	3	arcs	1	255	0	128	16	1024	8.963573033952745	8.963573033883955	8.9635727234321	3.1052064564107695e-07	3.104518562224712e-07	6.87894186057747e-11	1.7842043546681634e-10	0.9110376653515104	1.0546969364340357
99	rand035	0.0	X	4	empty	1	255	0	112	8	1024	0.0	0.0	0.0	0.0	0.0	0.0	0.0	0.0	0.0
99	rand035	0.0	X	5	empty	1	255	0	112	8	1024	0.0	0.0	0.0	0.0	0.0	0.0	0.0	0.0	0.0
99	rand035	0.0	X	6	empty	1	255	0	112	8	1024	0.0	0.0	0.0	0.0	0.0	0.0	0.0	0.0	0.0
99	rand035	0.0	X	7	empty	1	255	0	112	8	1024	0.0	0.0	0.0	0.0	0.0	0.0	0.0	0.0	0.0
99	rand035	0.0	X	8	arcs	1	255	0	128	16	1024	8.521304000726994	8.521304000676741	8.52130399361776	7.109234090307837e-09	7.0589809553212035e-09	5.0253134986633086e-11	7.074433687854926e-10	0.020857808068445692	0.024146824118441827
99	rand035	0.0	X	9	empty	1	255	0	112	8	1024	0.0	0.0	0.0	0.0	0.0	0.0	0.0	0.0	0.0
99	rand035	0.0	X	10	empty	1	255	0	112	8	1024	0.0	0.0	0.0	0.0	0.0	0.0	0.0	0.0	0.0
99	rand035	0.0	X	11	arcs	0	207	48	112	8	1024	1.0573557515568072e-17	1.1040263809797558e-17	1.1072809586737915e-17	-4.992520711698434e-19	-3.2545776940357215e-20	NA	2.537603342407489e-25	1.4647574894785432e-12	-1.695731467014332e-12
99	rand035	0.0	X	12	empty	1	255	0	112	8	1024	0.0	0.0	0.0	0.0	0.0	0.0	0.0	0.0	0.0
99	rand035	0.0	Y	0	empty	1	255	0	112	8	1024	0.0	0.0	0.0	0.0	0.0	0.0	0.0	0.0	0.0
99	rand035	0.0	Y	1	empty	1	255	0	112	8	1024	0.0	0.0	0.0	0.0	0.0	0.0	0.0	0.0	0.0
99	rand035	0.0	Y	2	arcs	1	255	0	128	16	1024	-0.9344889356766372	-0.934488925249069	-0.9344888866288277	-4.904780948056242e-08	-3.862024133827191e-08	-1.0427568142290511e-08	1.2399131500113308e-08	0.06810452509428935	-0.07884375856121624
99	rand035	0.0	Y	3	arcs	1	255	0	128	16	1024	18.939593176756606	18.93959317661125	18.939592520641593	6.56115012986902e-07	6.559696572594476e-07	1.453557274544437e-10	3.769849013844828e-10	0.9110376557064147	1.054696921639881
99	rand035	0.0	Y	4	empty	1	255	0	112	8	1024	0.0	0.0	0.0	0.0	0.0	0.0	0.0	0.0	0.0
99	rand035	0.0	Y	5	empty	1	255	0	112	8	1024	0.0	0.0	0.0	0.0	0.0	0.0	0.0	0.0	0.0
99	rand035	0.0	Y	6	empty	1	255	0	112	8	1024	0.0	0.0	0.0	0.0	0.0	0.0	0.0	0.0	0.0
99	rand035	0.0	Y	7	empty	1	255	0	112	8	1024	0.0	0.0	0.0	0.0	0.0	0.0	0.0	0.0	0.0
99	rand035	0.0	Y	8	arcs	1	255	0	128	16	1024	18.005102871760325	18.005102871654135	18.00510285673885	1.5021473842580235e-08	1.4915283230720888e-08	1.0619061185934697e-10	1.4947748128956156e-09	0.020857819199257863	0.024146836921379276
99	rand035	0.0	Y	9	empty	1	255	0	112	8	1024	0.0	0.0	0.0	0.0	0.0	0.0	0.0	0.0	0.0
99	rand035	0.0	Y	10	empty	1	255	0	112	8	1024	0.0	0.0	0.0	0.0	0.0	0.0	0.0	0.0	0.0
99	rand035	0.0	Y	11	arcs	0	207	48	112	8	1024	5.669906539892475e-19	5.906746058694846e-19	5.944277768107469e-19	-2.7437122821499485e-20	-3.753170941262311e-21	NA	2.735515477724799e-26	3.809736335834593e-14	-4.410484199523799e-14
99	rand035	0.0	Y	12	empty	1	255	0	112	8	1024	0.0	0.0	0.0	0.0	0.0	0.0	0.0	0.0	0.0
100	rand035	0.5	X	0	empty	1	255	0	112	8	1024	0.0	0.0	0.0	0.0	0.0	0.0	0.0	0.0	0.0
100	rand035	0.5	X	1	empty	1	255	0	112	8	1024	0.0	0.0	0.0	0.0	0.0	0.0	0.0	0.0	0.0
100	rand035	0.5	X	2	arcs	1	255	0	128	16	1024	-0.2783338055626746	-0.2783338026012796	-0.27833379163454897	-1.3928125652817869e-08	-1.0966730634720534e-08	-2.9613950180973347e-09	3.5212718684984852e-09	0.06810617939931031	-0.07884597573637868
100	rand035	0.5	X	3	arcs	1	255	0	128	16	1024	8.737479751695634	8.73747975165436	8.73747956538326	1.8631237352906282e-07	1.8627109987789936e-07	4.127365116346482e-11	1.0707209218168114e-10	0.9110360038512783	1.0546990491637045
100	rand035	0.5	X	4	empty	1	255	0	112	8	1024	0.0	0.0	0.0	0.0	0.0	0.0	0.0	0.0	0.0
100	rand035	0.5	X	5	empty	1	255	0	112	8	1024	0.0	0.0	0.0	0.0	0.0	0.0	0.0	0.0	0.0
100	rand035	0.5	X	6	empty	1	255	0	112	8	1024	0.0	0.0	0.0	0.0	0.0	0.0	0.0	0.0	0.0
100	rand035	0.5	X	7	empty	1	255	0	112	8	1024	0.0	0.0	0.0	0.0	0.0	0.0	0.0	0.0	0.0
100	rand035	0.5	X	8	arcs	1	255	0	128	16	1024	8.459144194044097	8.459144194013977	8.459144189778547	4.265549691240267e-09	4.235429784671396e-09	3.011990656887065e-11	4.245945910101336e-10	0.020857816747905898	0.02414692657441705
100	rand035	0.5	X	9	empty	1	255	0	112	8	1024	0.0	0.0	0.0	0.0	0.0	0.0	0.0	0.0	0.0
100	rand035	0.5	X	10	empty	1	255	0	112	8	1024	0.0	0.0	0.0	0.0	0.0	0.0	0.0	0.0	0.0
100	rand035	0.5	X	11	arcs	0	207	48	112	8	1024	1.0761729362880645e-17	1.1050021256465314e-17	1.1069617333625377e-17	-3.078879707447322e-19	-1.959607716006277e-20	NA	2.744542375926102e-25	1.5055201175750436e-12	-1.7429285229021955e-12
100	rand035	0.5	X	12	empty	1	255	0	112	8	1024	0.0	0.0	0.0	0.0	0.0	0.0	0.0	0.0	0.0
100	rand035	0.5	Y	0	empty	1	255	0	112	8	1024	0.0	0.0	0.0	0.0	0.0	0.0	0.0	0.0	0.0
100	rand035	0.5	Y	1	empty	1	255	0	112	8	1024	0.0	0.0	0.0	0.0	0.0	0.0	0.0	0.0	0.0
100	rand035	0.5	Y	2	arcs	1	255	0	128	16	1024	-0.5881057786449362	-0.5881057723876526	-0.5881057492154849	-2.9429451320339695e-08	-2.3172167740170835e-08	-6.25728358016886e-09	7.440276025559819e-09	0.06810616573651976	-0.07884595742454736
100	rand035	0.5	Y	3	arcs	1	255	0	128	16	1024	18.461869100154054	18.461869100066846	18.461868706485085	3.9366896942283347e-07	3.9358176096015995e-07	8.72084626735159e-11	2.26211310436691e-10	0.911035811880945	1.0546987935526313
100	rand035	0.5	Y	4	empty	1	255	0	112	8	1024	0.0	0.0	0.0	0.0	0.0	0.0	0.0	0.0	0.0
100	rand035	0.5	Y	5	empty	1	255	0	112	8	1024	0.0	0.0	0.0	0.0	0.0	0.0	0.0	0.0	0.0
100	rand035	0.5	Y	6	empty	1	255	0	112	8	1024	0.0	0.0	0.0	0.0	0.0	0.0	0.0	0.0	0.0
100	rand035	0.5	Y	7	empty	1	255	0	112	8	1024	0.0	0.0	0.0	0.0	0.0	0.0	0.0	0.0	0.0
100	rand035	0.5	Y	8	arcs	1	255	0	128	16	1024	17.873762214571723	17.87376221450799	17.873762205558734	9.012989465873034e-09	8.949257335189031e-09	6.373213068400219e-11	8.970071602998308e-10	0.020858022382497142	0.024147163871960236
100	rand035	0.5	Y	9	empty	1	255	0	112	8	1024	0.0	0.0	0.0	0.0	0.0	0.0	0.0	0.0	0.0
100	rand035	0.5	Y	10	empty	1	255	0	112	8	1024	0.0	0.0	0.0	0.0	0.0	0.0	0.0	0.0	0.0
100	rand035	0.5	Y	11	arcs	0	207	48	112	8	1024	5.77513316527908e-19	5.917268391356195e-19	5.939862978135584e-19	-1.6472981285650385e-20	-2.2594586779389182e-21	NA	4.271858048990042e-26	3.812206967106118e-14	-4.4133611835504784e-14
100	rand035	0.5	Y	12	empty	1	255	0	112	8	1024	0.0	0.0	0.0	0.0	0.0	0.0	0.0	0.0	0.0
