row	case	u	parameter	cell	fejer_nodes	prod_valid_nodes	qf256_valid_nodes	qf_failures	production_invalid_nodes	production_old_q8	qf_old_q8_128	qf_old_q8_256	local_derivative_delta	max_point_abs_delta	max_point_rel_delta
100	rand035	0.5	X	0	255	255	255	0	0	0	0	0	0	0	0
100	rand035	0.5	X	1	255	255	255	0	0	0	0	0	0	0	0
100	rand035	0.5	X	10	255	255	255	0	0	0	0	0	0	0	0
100	rand035	0.5	X	11	255	207	255	0	48	1.0761729362880645e-17	1.1050021256465314e-17	1.1050021256465314e-17	2.7445423759261018e-25	1.9820939954478276e-15	5.1542114731034243e-08
100	rand035	0.5	X	12	255	255	255	0	0	0	0	0	0	0	0
100	rand035	0.5	X	2	255	255	255	0	0	-0.27833380556267462	-0.2783338026012796	-0.2783338026012796	3.5212718684984852e-09	111.32650759012904	0.00013677078217887937
100	rand035	0.5	X	3	255	255	255	0	0	8.7374797516956342	8.7374797516543605	8.7374797516543605	1.0707209218168114e-10	0.0018800923789967783	4.1136781453257203e-08
100	rand035	0.5	X	4	255	255	255	0	0	0	0	0	0	0	0
100	rand035	0.5	X	5	255	255	255	0	0	0	0	0	0	0	0
100	rand035	0.5	X	6	255	255	255	0	0	0	0	0	0	0	0
100	rand035	0.5	X	7	255	255	255	0	0	0	0	0	0	0	0
100	rand035	0.5	X	8	255	255	255	0	0	8.4591441940440966	8.4591441940139767	8.4591441940139767	4.2459459101013358e-10	0.0020989581098547205	1.0063531604782074e-07
100	rand035	0.5	X	9	255	255	255	0	0	0	0	0	0	0	0
100	rand035	0.5	Y	0	255	255	255	0	0	0	0	0	0	0	0
100	rand035	0.5	Y	1	255	255	255	0	0	0	0	0	0	0	0
100	rand035	0.5	Y	10	255	255	255	0	0	0	0	0	0	0	0
100	rand035	0.5	Y	11	255	207	255	0	48	5.7751331652790805e-19	5.9172683913561951e-19	5.9172683913561951e-19	4.2718580489900419e-26	3.1623333607174268e-16	7.8550009683652737e-08
100	rand035	0.5	Y	12	255	255	255	0	0	0	0	0	0	0	0
100	rand035	0.5	Y	2	255	255	255	0	0	-0.58810577864493618	-0.5881057723876526	-0.5881057723876526	7.4402760255598191e-09	235.227490023477	0.0001367707822637135
100	rand035	0.5	Y	3	255	255	255	0	0	18.461869100154054	18.461869100066846	18.461869100066846	2.2621131043669101e-10	0.0039725436799926683	4.1136781732043737e-08
100	rand035	0.5	Y	4	255	255	255	0	0	0	0	0	0	0	0
100	rand035	0.5	Y	5	255	255	255	0	0	0	0	0	0	0	0
100	rand035	0.5	Y	6	255	255	255	0	0	0	0	0	0	0	0
100	rand035	0.5	Y	7	255	255	255	0	0	0	0	0	0	0	0
100	rand035	0.5	Y	8	255	255	255	0	0	17.873762214571723	17.873762214507991	17.873762214507991	8.9700716029983079e-10	0.0044349967647576705	1.0063531782822577e-07
100	rand035	0.5	Y	9	255	255	255	0	0	0	0	0	0	0	0
17	caustic-cross	0	a	0	255	255	255	0	0	0	0	0	0	0	0
17	caustic-cross	0	a	1	255	255	255	0	0	0.31173978133004376	0.31173978084674692	0.31173978084674692	2.0521025359122369e-09	0.010708535564845079	1.0235364147717118e-06
17	caustic-cross	0	a	10	255	255	255	0	0	0	0	0	0	0	0
17	caustic-cross	0	a	11	255	255	255	0	0	0	0	0	0	0	0
17	caustic-cross	0	a	12	255	255	255	0	0	-0.8614222642117193	-0.86142227985474618	-0.86142227985474618	1.5957824496478899e-08	0.053090075525688007	2.132690935149247e-06
17	caustic-cross	0	a	13	255	255	255	0	0	0	0	0	0	0	0
17	caustic-cross	0	a	2	255	255	255	0	0	0	0	0	0	0	0
17	caustic-cross	0	a	3	255	255	255	0	0	0	0	0	0	0	0
17	caustic-cross	0	a	4	255	255	255	0	0	0	0	0	0	0	0
17	caustic-cross	0	a	5	255	255	255	0	0	44.494565324438192	44.494565324441076	44.494565324441076	5.954412799811536e-12	1.1097540664195549e-09	9.423363911799833e-12
17	caustic-cross	0	a	6	255	255	255	0	0	16.067805719503465	16.067805719503465	16.067805719503465	1.3340158314379378e-14	8.4376949871511897e-15	3.1997527093422812e-15
17	caustic-cross	0	a	7	255	255	255	0	0	-62.24116898372197	-62.241168983276786	-62.241168983276786	5.8911630851984304e-10	0.0026971594270435162	9.7181942214680134e-08
17	caustic-cross	0	a	8	255	255	255	0	0	0	0	0	0	0	0
17	caustic-cross	0	a	9	255	255	255	0	0	0	0	0	0	0	0
99	rand035	0	X	0	255	255	255	0	0	0	0	0	0	0	0
99	rand035	0	X	1	255	255	255	0	0	0	0	0	0	0	0
99	rand035	0	X	10	255	255	255	0	0	0	0	0	0	0	0
99	rand035	0	X	11	255	207	255	0	48	1.0573557515568072e-17	1.1040263809797558e-17	1.1040263809797558e-17	2.537603342407489e-25	2.3059041959155345e-15	4.9412263783478828e-08
99	rand035	0	X	12	255	255	255	0	0	0	0	0	0	0	0
99	rand035	0	X	2	255	255	255	0	0	-0.44226714167375436	-0.44226713673868179	-0.44226713673868179	5.8681577426931297e-09	222.62784587196074	0.00013675582499497103
99	rand035	0	X	3	255	255	255	0	0	8.9635730339527449	8.9635730338839554	8.9635730338839554	1.7842043546681634e-10	0.0037601850926876068	4.1141552378844441e-08
99	rand035	0	X	4	255	255	255	0	0	0	0	0	0	0	0
99	rand035	0	X	5	255	255	255	0	0	0	0	0	0	0	0
99	rand035	0	X	6	255	255	255	0	0	0	0	0	0	0	0
99	rand035	0	X	7	255	255	255	0	0	0	0	0	0	0	0
99	rand035	0	X	8	255	255	255	0	0	8.5213040007269942	8.5213040006767411	8.5213040006767411	7.0744336878549259e-10	0.004197916183329653	1.0065369947695195e-07
99	rand035	0	X	9	255	255	255	0	0	0	0	0	0	0	0
99	rand035	0	Y	0	255	255	255	0	0	0	0	0	0	0	0
99	rand035	0	Y	1	255	255	255	0	0	0	0	0	0	0	0
99	rand035	0	Y	10	255	255	255	0	0	0	0	0	0	0	0
99	rand035	0	Y	11	255	207	255	0	48	5.6699065398924746e-19	5.9067460586948463e-19	5.9067460586948463e-19	2.7355154777247988e-26	2.5493495382391989e-16	3.2427022018904436e-08
99	rand035	0	Y	12	255	255	255	0	0	0	0	0	0	0	0
99	rand035	0	Y	2	255	255	255	0	0	-0.93448893567663716	-0.93448892524906901	-0.93448892524906901	1.2399131500113308e-08	470.40179823245853	0.00013675582499503232
99	rand035	0	Y	3	255	255	255	0	0	18.939593176756606	18.93959317661125	18.93959317661125	3.7698490138448278e-10	0.0079450880584772676	4.1141552612611062e-08
99	rand035	0	Y	4	255	255	255	0	0	0	0	0	0	0	0
99	rand035	0	Y	5	255	255	255	0	0	0	0	0	0	0	0
99	rand035	0	Y	6	255	255	255	0	0	0	0	0	0	0	0
99	rand035	0	Y	7	255	255	255	0	0	0	0	0	0	0	0
99	rand035	0	Y	8	255	255	255	0	0	18.005102871760325	18.005102871654135	18.005102871654135	1.4947748128956156e-09	0.0088699934422038496	1.0065370113918127e-07
99	rand035	0	Y	9	255	255	255	0	0	0	0	0	0	0	0
